<?xml version="1.0" encoding="UTF-8" standalone="no" ?>
<COLLADA version="1.4.1" xmlns="http://www.collada.org/2005/11/COLLADASchema">

  <asset>
    <contributor>
      <authoring_tool>ONSHAPE BY PTC INC, 1.213</authoring_tool>
    </contributor>
    <created>2026-04-04T18:47:10</created>
    <modified>2026-04-04T18:47:10</modified>
    <unit meter="1" name="meters"/>
    <up_axis>Z_UP</up_axis>
  </asset>

  <library_materials>
    <material id="ID9" name="ID9">
      <instance_effect url="#ID9-fx"/>
    </material>
    <material id="ID16" name="ID16">
      <instance_effect url="#ID16-fx"/>
    </material>
  </library_materials>

  <library_effects>
    <effect id="ID9-fx" name="ID9">
      <profile_COMMON>
        <technique sid="COMMON">
          <lambert>
            <diffuse>
              <color sid="diffuse">0.580392 0.478431 0.345098 1</color>
            </diffuse>
            <transparent opaque="A_ONE">
              <color sid="transparent">1 1 1 1</color>
            </transparent>
            <transparency>
              <float sid="transparency">1</float>
            </transparency>
          </lambert>
        </technique>
        <extra>
          <technique profile="OTHER">
            <double_sided>1</double_sided>
          </technique>
        </extra>
      </profile_COMMON>
    </effect>
    <effect id="ID16-fx" name="ID16">
      <profile_COMMON>
        <technique sid="COMMON">
          <lambert>
            <diffuse>
              <color sid="diffuse">0.278431 0.545098 0.156863 1</color>
            </diffuse>
            <transparent opaque="A_ONE">
              <color sid="transparent">1 1 1 1</color>
            </transparent>
            <transparency>
              <float sid="transparency">1</float>
            </transparency>
          </lambert>
        </technique>
        <extra>
          <technique profile="OTHER">
            <double_sided>1</double_sided>
          </technique>
        </extra>
      </profile_COMMON>
    </effect>
  </library_effects>

  <library_geometries>
    <geometry id="ID3">
      <mesh>
        <source id="ID4">
          <float_array count="1806" id="ID5">-0.0443935 0.0314583 0.467274 -0.0531405 -0.00313711 0 -0.060304 0.00329374 0.466178 -0.0531405 -0.00313711 0 -0.0443935 0.0314583 0.467274 -0.037661 0.0342336 0 -0.0443935 0.0314583 0.467274 -0.060304 0.00329374 0.466178 0.00919777 0.0278857 1.05959 0.00919777 0.0278857 1.05959 0.0346968 0.0317121 1.05671 -0.0443935 0.0314583 0.467274 -0.037661 0.0342336 0 -0.0443935 0.0314583 0.467274 -0.0132581 0.0401061 0.469418 -0.0132581 0.0401061 0.469418 -0.0443935 0.0314583 0.467274 0.0346968 0.0317121 1.05671 -0.060304 0.00329374 0.466178 -0.0531405 -0.00313711 0 -0.037661 -0.0405078 0 -0.037661 -0.0405078 0 -0.0531405 -0.00313711 0 -0.000290242 -0.0559873 0 -0.037661 0.0342336 0 -0.000290242 0.0497131 0 -0.060304 0.00329374 0.466178 -0.037661 -0.0405078 0 -0.0516694 -0.0278892 0.466773 -0.060304 0.00329374 0.466178 -0.0516694 -0.0278892 0.466773 -0.00613812 0.00707554 1.06133 -0.060304 0.00329374 0.466178 -0.00613812 0.00707554 1.06133 0.00919777 0.0278857 1.05959 -0.0516694 -0.0278892 0.466773 -0.037661 -0.0405078 0 -0.000290242 -0.0559873 0 -0.0516694 -0.0278892 0.466773 -0.00232726 -0.018528 1.0609 -0.00613812 0.00707554 1.06133 -0.0235477 -0.0438239 0.468709 -0.0516694 -0.0278892 0.466773 -0.000290242 -0.0559873 0 -0.0516694 -0.0278892 0.466773 -0.0235477 -0.0438239 0.468709 -0.00232726 -0.018528 1.0609 -0.00613812 0.00707554 1.06133 -0.00228286 0.0239883 1.32298 0.00919777 0.0278857 1.05959 -0.00613812 0.00707554 1.06133 -0.00232726 -0.018528 1.0609 -0.0164793 0.00896561 1.32135 -0.00613812 0.00707554 1.06133 -0.0164793 0.00896561 1.32135 -0.00228286 0.0239883 1.32298 0.0183338 0.0245304 1.32533 0.0346968 0.0317121 1.05671 0.00919777 0.0278857 1.05959 0.0183338 0.0245304 1.32533 0.00919777 0.0278857 1.05959 -0.00228286 0.0239883 1.32298 -0.0132581 0.0401061 0.469418 -0.000290242 0.0497131 0 -0.037661 0.0342336 0 0.05256 -0.00313711 0 -0.000290242 -0.0559873 0 0.0370805 -0.0405078 0 -0.0235477 -0.0438239 0.468709 0.0370805 -0.0405078 0 -0.000290242 0.0497131 0 -0.0132581 0.0401061 0.469418 0.0148636 0.0241714 0.471355 0.0370805 0.0342336 0 -0.000290242 0.0497131 0 0.0148636 0.0241714 0.471355 0.0370805 0.0342336 0 -0.0235477 -0.0438239 0.468709 0.018398 -0.0339267 1.05855 -0.00232726 -0.018528 1.0609 0.018398 -0.0339267 1.05855 -0.0235477 -0.0438239 0.468709 0.00758772 -0.0351762 0.470854 -0.0235477 -0.0438239 0.468709 0.0370805 -0.0405078 0 0.00758772 -0.0351762 0.470854 -0.0164793 0.00896561 1.32135 -0.00232726 -0.018528 1.0609 -0.0159394 -0.0117376 1.32141 -0.0159394 -0.0117376 1.32141 -0.00232726 -0.018528 1.0609 0.018398 -0.0339267 1.05855 0.0346968 0.0317121 1.05671 0.0554221 0.0163135 1.05437 -0.0132581 0.0401061 0.469418 0.0554221 0.0163135 1.05437 0.0148636 0.0241714 0.471355 -0.0132581 0.0401061 0.469418 0.0554221 0.0163135 1.05437 0.0346968 0.0317121 1.05671 0.0332937 0.0102744 1.32704 0.0346968 0.0317121 1.05671 0.0183338 0.0245304 1.32533 0.0332937 0.0102744 1.32704 -0.0159394 -0.0117376 1.32141 -0.0270557 -0.00694515 1.54799 -0.0254743 0.00954679 1.54817 -0.0270557 -0.00694515 1.54799 -0.0159394 -0.0117376 1.32141 -0.000979508 -0.0259936 1.32312 -0.0254743 0.00954679 1.54817 -0.0164793 0.00896561 1.32135 -0.0159394 -0.0117376 1.32141 -0.0159394 -0.0117376 1.32141 0.018398 -0.0339267 1.05855 -0.000979508 -0.0259936 1.32312 -0.0270557 -0.00694515 1.54799 0.00222369 0.00926011 1.71989 -0.0254743 0.00954679 1.54817 -0.0270557 -0.00694515 1.54799 -0.000608498 -0.00368026 1.72046 0.00222369 0.00926011 1.71989 -0.000979508 -0.0259936 1.32312 -0.0165611 -0.0197296 1.54919 -0.0270557 -0.00694515 1.54799 -0.0270557 -0.00694515 1.54799 -0.0165611 -0.0197296 1.54919 -0.000608498 -0.00368026 1.72046 0.0132598 0.0163818 1.71767 -0.0254743 0.00954679 1.54817 0.00222369 0.00926011 1.71989 -0.0164793 0.00896561 1.32135 -0.0254743 0.00954679 1.54817 -0.0127434 0.0200855 1.54963 -0.0127434 0.0200855 1.54963 -0.0254743 0.00954679 1.54817 0.0132598 0.0163818 1.71767 -0.000608498 -0.00368026 1.72046 0.0219695 0.0084329 1.83452 0.00222369 0.00926011 1.71989 0.0132598 0.0163818 1.71767 0.00222369 0.00926011 1.71989 0.0314182 0.0129979 1.83262 0.0314182 0.0129979 1.83262 0.00222369 0.00926011 1.71989 0.0219695 0.0084329 1.83452 -0.0165611 -0.0197296 1.54919 -0.000979508 -0.0259936 1.32312 0.0196372 -0.0254515 1.32548 -0.000979508 -0.0259936 1.32312 0.018398 -0.0339267 1.05855 0.0438971 -0.0301002 1.05568 -0.000979508 -0.0259936 1.32312 0.0438971 -0.0301002 1.05568 0.0196372 -0.0254515 1.32548 -0.000608498 -0.00368026 1.72046 -0.0165611 -0.0197296 1.54919 0.00642226 -0.0148591 1.71904 -0.000138138 -0.0213177 1.55107 -0.0165611 -0.0197296 1.54919 0.0196372 -0.0254515 1.32548 0.00642226 -0.0148591 1.71904 -0.0165611 -0.0197296 1.54919 -0.000138138 -0.0213177 1.55107 0.018475 -0.00156252 1.83522 -0.000608498 -0.00368026 1.72046 0.00642226 -0.0148591 1.71904 -0.000608498 -0.00368026 1.72046 0.018475 -0.00156252 1.83522 0.0219695 0.0084329 1.83452 -0.0164793 0.00896561 1.32135 -0.0127434 0.0200855 1.54963 -0.00228286 0.0239883 1.32298 0.026035 0.013513 1.7151 -0.0127434 0.0200855 1.54963 0.0132598 0.0163818 1.71767 -0.00228286 0.0239883 1.32298 -0.0127434 0.0200855 1.54963 0.00367958 0.0184975 1.5515 0.026035 0.013513 1.7151 0.00367958 0.0184975 1.5515 -0.0127434 0.0200855 1.54963 0.026035 0.013513 1.7151 0.0132598 0.0163818 1.71767 0.0412862 0.00945835 1.83064 0.0412862 0.00945835 1.83064 0.0132598 0.0163818 1.71767 0.0314182 0.0129979 1.83262 0.018398 -0.0339267 1.05855 0.00758772 -0.0351762 0.470854 0.0438971 -0.0301002 1.05568 0.05256 -0.00313711 0 0.00758772 -0.0351762 0.470854 0.0370805 -0.0405078 0 0.0438971 -0.0301002 1.05568 0.00758772 -0.0351762 0.470854 0.0234982 -0.00701156 0.47195 0.05256 -0.00313711 0 0.0234982 -0.00701156 0.47195 0.00758772 -0.0351762 0.470854 -0.000138138 -0.0213177 1.55107 0.0196372 -0.0254515 1.32548 0.0338336 -0.0104288 1.3271 0.059233 -0.00929006 1.05394 0.0196372 -0.0254515 1.32548 0.0438971 -0.0301002 1.05568 0.0338336 -0.0104288 1.3271 0.0196372 -0.0254515 1.32548 0.059233 -0.00929006 1.05394 0.00642226 -0.0148591 1.71904 -0.000138138 -0.0213177 1.55107 0.0191975 -0.0177279 1.71647 0.018475 -0.00156252 1.83522 0.00642226 -0.0148591 1.71904 0.0229818 -0.0111333 1.83432 0.0229818 -0.0111333 1.83432 0.00642226 -0.0148591 1.71904 0.0191975 -0.0177279 1.71647 -0.000138138 -0.0213177 1.55107 0.0125928 -0.010779 1.55252 0.0191975 -0.0177279 1.71647 -0.000138138 -0.0213177 1.55107 0.0338336 -0.0104288 1.3271 0.0125928 -0.010779 1.55252 0.0183338 0.0245304 1.32533 -0.00228286 0.0239883 1.32298 0.00367958 0.0184975 1.5515 0.0148636 0.0241714 0.471355 0.0554221 0.0163135 1.05437 0.059233 -0.00929006 1.05394 0.0370805 0.0342336 0 0.0148636 0.0241714 0.471355 0.0234982 -0.00701156 0.47195 0.059233 -0.00929006 1.05394 0.0234982 -0.00701156 0.47195 0.0148636 0.0241714 0.471355 0.0554221 0.0163135 1.05437 0.0332937 0.0102744 1.32704 0.0338336 -0.0104288 1.3271 0.0554221 0.0163135 1.05437 0.0338336 -0.0104288 1.3271 0.059233 -0.00929006 1.05394 0.00367958 0.0184975 1.5515 0.026035 0.013513 1.7151 0.0330657 0.0023342 1.71368 0.00367958 0.0184975 1.5515 0.0141742 0.00571305 1.55271 0.0183338 0.0245304 1.32533 0.0330657 0.0023342 1.71368 0.0141742 0.00571305 1.55271 0.00367958 0.0184975 1.5515 0.026035 0.013513 1.7151 0.0457931 -0.00011239 1.82974 0.0330657 0.0023342 1.71368 0.0412862 0.00945835 1.83064 0.0457931 -0.00011239 1.82974 0.026035 0.013513 1.7151 -0.00836425 0.000378271 2.16863 0.00798681 -0.00833352 1.99952 -0.00702127 -0.00627187 2.16884 0.005315 -0.000288965 1.99911 0.00798681 -0.00833352 1.99952 -0.00836425 0.000378271 2.16863 0.0115569 0.000622717 2.3136 -0.00836425 0.000378271 2.16863 -0.00702127 -0.00627187 2.16884 -0.00836425 0.000378271 2.16863 0.0115569 0.000622717 2.3136 0.0150419 0.00475101 2.31294 -0.00464629 0.00603727 2.1692 0.005315 -0.000288965 1.99911 -0.00836425 0.000378271 2.16863 -0.00836425 0.000378271 2.16863 0.0150419 0.00475101 2.31294 -0.00464629 0.00603727 2.1692 -0.00702127 -0.00627187 2.16884 0.00798681 -0.00833352 1.99952 0.0155224 -0.0121186 2.00067 0.005315 -0.000288965 1.99911 0.0229818 -0.0111333 1.83432 0.00798681 -0.00833352 1.99952 0.00798681 -0.00833352 1.99952 0.0328499 -0.0146729 1.83234 0.0155224 -0.0121186 2.00067 0.0229818 -0.0111333 1.83432 0.0328499 -0.0146729 1.83234 0.00798681 -0.00833352 1.99952 -0.00702127 -0.00627187 2.16884 0.0119779 -0.00478964 2.31352 0.0115569 0.000622717 2.3136 0.0119779 -0.00478964 2.31352 -0.00702127 -0.00627187 2.16884 -0.00140405 -0.0100175 2.1697 -0.00702127 -0.00627187 2.16884 0.0155224 -0.0121186 2.00067 -0.00140405 -0.0100175 2.1697 0.0115569 0.000622717 2.3136 0.028309 0.00351823 2.40743 0.0150419 0.00475101 2.31294 0.0115569 0.000622717 2.3136 0.0119779 -0.00478964 2.31352 0.025144 0.00058396 2.40803 0.028309 0.00351823 2.40743 0.0115569 0.000622717 2.3136 0.025144 0.00058396 2.40803 0.00907213 0.00730271 1.99969 0.005315 -0.000288965 1.99911 -0.00464629 0.00603727 2.1692 0.0203914 0.00517698 2.31191 -0.00464629 0.00603727 2.1692 0.0150419 0.00475101 2.31294 0.00195468 0.0073903 2.17021 0.00907213 0.00730271 1.99969 -0.00464629 0.00603727 2.1692 0.0203914 0.00517698 2.31191 0.00195468 0.0073903 2.17021 -0.00464629 0.00603727 2.1692 0.00907213 0.00730271 1.99969 0.018475 -0.00156252 1.83522 0.005315 -0.000288965 1.99911 0.018475 -0.00156252 1.83522 0.0229818 -0.0111333 1.83432 0.005315 -0.000288965 1.99911 0.0203914 0.00517698 2.31191 0.0150419 0.00475101 2.31294 0.0325978 0.00332877 2.4066 0.028309 0.00351823 2.40743 0.0325978 0.00332877 2.4066 0.0150419 0.00475101 2.31294 0.0119779 -0.00478964 2.31352 -0.00140405 -0.0100175 2.1697 0.0160583 -0.00831552 2.31274 0.0249567 -0.00375521 2.40807 0.0119779 -0.00478964 2.31352 0.0160583 -0.00831552 2.31274 0.0119779 -0.00478964 2.31352 0.0249567 -0.00375521 2.40807 0.025144 0.00058396 2.40803 -0.00140405 -0.0100175 2.1697 0.0155224 -0.0121186 2.00067 0.0235076 -0.0094269 2.00188 -0.00140405 -0.0100175 2.1697 0.00519692 -0.00866451 2.1707 0.0160583 -0.00831552 2.31274 0.00519692 -0.00866451 2.1707 -0.00140405 -0.0100175 2.1697 0.0235076 -0.0094269 2.00188 0.0155224 -0.0121186 2.00067 0.0422986 -0.0101079 1.83044 0.0235076 -0.0094269 2.00188 0.0328499 -0.0146729 1.83234 0.0422986 -0.0101079 1.83044 0.0155224 -0.0121186 2.00067 0.00195468 0.0073903 2.17021 0.0170573 0.00999436 2.0009 0.00907213 0.00730271 1.99969 0.0203914 0.00517698 2.31191 0.0244718 0.0016511 2.31113 0.00195468 0.0073903 2.17021 0.0075719 0.00364463 2.17106 0.0170573 0.00999436 2.0009 0.00195468 0.0073903 2.17021 0.0244718 0.0016511 2.31113 0.0075719 0.00364463 2.17106 0.00195468 0.0073903 2.17021 0.0219695 0.0084329 1.83452 0.018475 -0.00156252 1.83522 0.00907213 0.00730271 1.99969 0.0170573 0.00999436 2.0009 0.0219695 0.0084329 1.83452 0.00907213 0.00730271 1.99969 0.0244718 0.0016511 2.31113 0.0203914 0.00517698 2.31191 0.035498 0.000126563 2.40605 0.0325978 0.00332877 2.4066 0.035498 0.000126563 2.40605 0.0203914 0.00517698 2.31191 -0.00264173 -0.00506356 2.65482 -0.00317223 4.44702e-05 2.65472 -0.00395232 -0.00262075 2.65457 -0.000758415 0.00137083 2.65519 -0.00317223 4.44702e-05 2.65472 -0.00264173 -0.00506356 2.65482 -0.00395232 -0.00262075 2.65457 0.0146007 -0.00588979 2.51438 -0.00264173 -0.00506356 2.65482 -0.00264173 -0.00506356 2.65482 0.0146007 -0.00588979 2.51438 0.0179869 -0.00646328 2.51504 -8.1752e-06 -0.00585305 2.65533 -0.000758415 0.00137083 2.65519 -0.00264173 -0.00506356 2.65482 -0.00264173 -0.00506356 2.65482 0.0179869 -0.00646328 2.51504 -8.1752e-06 -0.00585305 2.65533 0.012607 -0.00306106 2.514 -0.00395232 -0.00262075 2.65457 -0.00317223 4.44702e-05 2.65472 0.012607 -0.00306106 2.514 -0.00317223 4.44702e-05 2.65472 0.0131737 0.000365942 2.51411 -0.000758415 0.00137083 2.65519 0.0131737 0.000365942 2.51411 -0.00317223 4.44702e-05 2.65472 0.012607 -0.00306106 2.514 0.0146007 -0.00588979 2.51438 -0.00395232 -0.00262075 2.65457 0.012607 -0.00306106 2.514 0.027857 -0.00695736 2.40751 0.0146007 -0.00588979 2.51438 0.0131737 0.000365942 2.51411 0.0249567 -0.00375521 2.40807 0.012607 -0.00306106 2.514 0.012607 -0.00306106 2.514 0.0249567 -0.00375521 2.40807 0.027857 -0.00695736 2.40751 0.0179869 -0.00646328 2.51504 0.0146007 -0.00588979 2.51438 0.0321457 -0.00714681 2.40669 0.0146007 -0.00588979 2.51438 0.027857 -0.00695736 2.40751 0.0321457 -0.00714681 2.40669 0.0159688 0.00238364 2.51465 0.0131737 0.000365942 2.51411 -0.000758415 0.00137083 2.65519 0.00187514 0.000581335 2.6557 -0.000758415 0.00137083 2.65519 -8.1752e-06 -0.00585305 2.65533 0.00187514 0.000581335 2.6557 0.0159688 0.00238364 2.51465 -0.000758415 0.00137083 2.65519 0.0159688 0.00238364 2.51465 0.025144 0.00058396 2.40803 0.0131737 0.000365942 2.51411 0.0249567 -0.00375521 2.40807 0.0131737 0.000365942 2.51411 0.025144 0.00058396 2.40803 0.0179869 -0.00646328 2.51504 0.020782 -0.00444552 2.51558 -8.1752e-06 -0.00585305 2.65533 0.00240564 -0.0045267 2.6558 0.00187514 0.000581335 2.6557 -8.1752e-06 -0.00585305 2.65533 0.00240564 -0.0045267 2.6558 -8.1752e-06 -0.00585305 2.65533 0.020782 -0.00444552 2.51558 0.020782 -0.00444552 2.51558 0.0179869 -0.00646328 2.51504 0.0353108 -0.00421255 2.40608 0.0321457 -0.00714681 2.40669 0.0353108 -0.00421255 2.40608 0.0179869 -0.00646328 2.51504 0.0141742 0.00571305 1.55271 0.0332937 0.0102744 1.32704 0.0183338 0.0245304 1.32533 0.0160583 -0.00831552 2.31274 0.00519692 -0.00866451 2.1707 0.0214078 -0.00788955 2.31172 0.00519692 -0.00866451 2.1707 0.0235076 -0.0094269 2.00188 0.0272648 -0.00183523 2.00246 0.0214078 -0.00788955 2.31172 0.00519692 -0.00866451 2.1707 0.00891488 -0.00300546 2.17127 0.0272648 -0.00183523 2.00246 0.00891488 -0.00300546 2.17127 0.00519692 -0.00866451 2.1707 0.027857 -0.00695736 2.40751 0.0160583 -0.00831552 2.31274 0.0214078 -0.00788955 2.31172 0.0160583 -0.00831552 2.31274 0.027857 -0.00695736 2.40751 0.0249567 -0.00375521 2.40807 0.0457931 -0.00011239 1.82974 0.0272648 -0.00183523 2.00246 0.0235076 -0.0094269 2.00188 0.0457931 -0.00011239 1.82974 0.0235076 -0.0094269 2.00188 0.0422986 -0.0101079 1.83044 0.0234982 -0.00701156 0.47195 0.059233 -0.00929006 1.05394 0.0438971 -0.0301002 1.05568 0.00187514 0.000581335 2.6557 0.019355 0.00181016 2.51531 0.0159688 0.00238364 2.51465 0.00318574 -0.00186147 2.65595 0.00187514 0.000581335 2.6557 0.00240564 -0.0045267 2.6558 0.00187514 0.000581335 2.6557 0.00318574 -0.00186147 2.65595 0.019355 0.00181016 2.51531 0.019355 0.00181016 2.51531 0.028309 0.00351823 2.40743 0.0159688 0.00238364 2.51465 0.028309 0.00351823 2.40743 0.025144 0.00058396 2.40803 0.0159688 0.00238364 2.51465 0.0170573 0.00999436 2.0009 0.0314182 0.0129979 1.83262 0.0219695 0.0084329 1.83452 0.0234982 -0.00701156 0.47195 0.05256 -0.00313711 0 0.0370805 0.0342336 0 0.0191975 -0.0177279 1.71647 0.0125928 -0.010779 1.55252 0.0302335 -0.0106062 1.71425 0.0229818 -0.0111333 1.83432 0.0191975 -0.0177279 1.71647 0.0328499 -0.0146729 1.83234 0.0328499 -0.0146729 1.83234 0.0191975 -0.0177279 1.71647 0.0302335 -0.0106062 1.71425 0.0332937 0.0102744 1.32704 0.0125928 -0.010779 1.55252 0.0338336 -0.0104288 1.3271 0.0302335 -0.0106062 1.71425 0.0125928 -0.010779 1.55252 0.0141742 0.00571305 1.55271 0.0141742 0.00571305 1.55271 0.0125928 -0.010779 1.55252 0.0332937 0.0102744 1.32704 0.00240564 -0.0045267 2.6558 0.020782 -0.00444552 2.51558 0.0213487 -0.00101858 2.51569 0.00318574 -0.00186147 2.65595 0.00240564 -0.0045267 2.6558 0.0213487 -0.00101858 2.51569 0.0213487 -0.00101858 2.51569 0.020782 -0.00444552 2.51558 0.035498 0.000126563 2.40605 0.020782 -0.00444552 2.51558 0.0353108 -0.00421255 2.40608 0.035498 0.000126563 2.40605 0.00318574 -0.00186147 2.65595 0.0213487 -0.00101858 2.51569 0.019355 0.00181016 2.51531 0.0325978 0.00332877 2.4066 0.019355 0.00181016 2.51531 0.0213487 -0.00101858 2.51569 0.0325978 0.00332877 2.4066 0.028309 0.00351823 2.40743 0.019355 0.00181016 2.51531 0.0075719 0.00364463 2.17106 0.024593 0.00620933 2.00205 0.0170573 0.00999436 2.0009 0.0075719 0.00364463 2.17106 0.0244718 0.0016511 2.31113 0.0248928 -0.00376125 2.31105 0.0075719 0.00364463 2.17106 0.00891488 -0.00300546 2.17127 0.024593 0.00620933 2.00205 0.0075719 0.00364463 2.17106 0.0248928 -0.00376125 2.31105 0.00891488 -0.00300546 2.17127 0.0314182 0.0129979 1.83262 0.0170573 0.00999436 2.0009 0.024593 0.00620933 2.00205 0.0244718 0.0016511 2.31113 0.0353108 -0.00421255 2.40608 0.0248928 -0.00376125 2.31105 0.035498 0.000126563 2.40605 0.0353108 -0.00421255 2.40608 0.0244718 0.0016511 2.31113 0.024593 0.00620933 2.00205 0.0412862 0.00945835 1.83064 0.0314182 0.0129979 1.83262 0.0213487 -0.00101858 2.51569 0.035498 0.000126563 2.40605 0.0325978 0.00332877 2.4066 0.0141742 0.00571305 1.55271 0.0330657 0.0023342 1.71368 0.0302335 -0.0106062 1.71425 0.0422986 -0.0101079 1.83044 0.0302335 -0.0106062 1.71425 0.0330657 0.0023342 1.71368 0.0457931 -0.00011239 1.82974 0.0422986 -0.0101079 1.83044 0.0330657 0.0023342 1.71368 0.0248928 -0.00376125 2.31105 0.0214078 -0.00788955 2.31172 0.00891488 -0.00300546 2.17127 0.0248928 -0.00376125 2.31105 0.0321457 -0.00714681 2.40669 0.0214078 -0.00788955 2.31172 0.027857 -0.00695736 2.40751 0.0214078 -0.00788955 2.31172 0.0321457 -0.00714681 2.40669 0.00891488 -0.00300546 2.17127 0.0272648 -0.00183523 2.00246 0.024593 0.00620933 2.00205 0.0412862 0.00945835 1.83064 0.024593 0.00620933 2.00205 0.0272648 -0.00183523 2.00246 0.0412862 0.00945835 1.83064 0.0272648 -0.00183523 2.00246 0.0457931 -0.00011239 1.82974 0.0248928 -0.00376125 2.31105 0.0353108 -0.00421255 2.40608 0.0321457 -0.00714681 2.40669 0.0302335 -0.0106062 1.71425 0.0422986 -0.0101079 1.83044 0.0328499 -0.0146729 1.83234</float_array>
          <technique_common>
            <accessor count="602" source="#ID5" stride="3">
              <param name="X" type="float"/>
              <param name="Y" type="float"/>
              <param name="Z" type="float"/>
            </accessor>
          </technique_common>
        </source>
        <source id="ID6">
          <float_array count="1806" id="ID7">-0.870164 0.49235 -0.0201633 -0.870164 0.49235 -0.0201633 -0.870164 0.49235 -0.0201633 -0.923823 0.38266 -0.0110378 -0.923823 0.38266 -0.0110378 -0.923823 0.38266 -0.0110378 -0.869131 0.487808 0.0815785 -0.869131 0.487808 0.0815785 -0.869131 0.487808 0.0815785 -0.146254 0.989061 0.0191982 -0.146254 0.989061 0.0191982 -0.146254 0.989061 0.0191982 -0.267737 0.96349 0.00186498 -0.267737 0.96349 0.00186498 -0.267737 0.96349 0.00186498 -0.269734 0.96227 0.0357781 -0.269734 0.96227 0.0357781 -0.269734 0.96227 0.0357781 -0.923843 -0.382668 -0.00891741 -0.923843 -0.382668 -0.00891741 -0.923843 -0.382668 -0.00891741 0 0 -1 0 0 -1 0 0 -1 0 0 -1 0 0 -1 -0.963402 -0.267182 -0.0216899 -0.963402 -0.267182 -0.0216899 -0.963402 -0.267182 -0.0216899 -0.960339 -0.264221 0.0890819 -0.960339 -0.264221 0.0890819 -0.960339 -0.264221 0.0890819 -0.800342 0.595553 0.0690568 -0.800342 0.595553 0.0690568 -0.800342 0.595553 0.0690568 -0.382649 -0.923795 0.01349 -0.382649 -0.923795 0.01349 -0.382649 -0.923795 0.01349 -0.985387 -0.148081 0.08417 -0.985387 -0.148081 0.08417 -0.985387 -0.148081 0.08417 -0.492894 -0.870088 -0.00187801 -0.492894 -0.870088 -0.00187801 -0.492894 -0.870088 -0.00187801 -0.495106 -0.867104 0.0547811 -0.495106 -0.867104 0.0547811 -0.495106 -0.867104 0.0547811 -0.805784 0.591623 -0.0263691 -0.805784 0.591623 -0.0263691 -0.805784 0.591623 -0.0263691 -0.988474 -0.146483 -0.0382464 -0.988474 -0.146483 -0.0382464 -0.988474 -0.146483 -0.0382464 -0.72457 0.688371 -0.0338194 -0.72457 0.688371 -0.0338194 -0.72457 0.688371 -0.0338194 -0.146444 0.989064 0.0175226 -0.146444 0.989064 0.0175226 -0.146444 0.989064 0.0175226 -0.0278344 0.99952 0.0135769 -0.0278344 0.99952 0.0135769 -0.0278344 0.99952 0.0135769 -0.382671 0.923847 0.00833581 -0.382671 0.923847 0.00833581 -0.382671 0.923847 0.00833581 0 0 -1 0.382331 -0.923028 0.0429247 0.382331 -0.923028 0.0429247 0.382331 -0.923028 0.0429247 0 0 -1 0.491113 0.870531 0.0313832 0.491113 0.870531 0.0313832 0.491113 0.870531 0.0313832 0.382411 0.923221 0.0377331 0.382411 0.923221 0.0377331 0.382411 0.923221 0.0377331 0 0 -1 -0.591422 -0.804446 0.055556 -0.591422 -0.804446 0.055556 -0.591422 -0.804446 0.055556 0.267799 -0.96347 -0.00287751 0.267799 -0.96347 -0.00287751 0.267799 -0.96347 -0.00287751 0.265752 -0.963647 0.0275576 0.265752 -0.963647 0.0275576 0.265752 -0.963647 0.0275576 -0.998331 -0.0261864 -0.0514803 -0.998331 -0.0261864 -0.0514803 -0.998331 -0.0261864 -0.0514803 -0.59711 -0.802093 -0.0102928 -0.59711 -0.802093 -0.0102928 -0.59711 -0.802093 -0.0102928 0.593294 0.804137 -0.0369515 0.593294 0.804137 -0.0369515 0.593294 0.804137 -0.0369515 0.494047 0.86914 -0.0226548 0.494047 0.86914 -0.0226548 0.494047 0.86914 -0.0226548 0.599895 0.797323 0.0663435 0.599895 0.797323 0.0663435 0.599895 0.797323 0.0663435 0.684909 0.72606 0.0611333 0.684909 0.72606 0.0611333 0.684909 0.72606 0.0611333 -0.994096 0.0958771 -0.0508006 -0.994096 0.0958771 -0.0508006 -0.994096 0.0958771 -0.0508006 -0.688645 -0.724864 -0.0184542 -0.688645 -0.724864 -0.0184542 -0.688645 -0.724864 -0.0184542 -0.998875 -0.026165 -0.039546 -0.998875 -0.026165 -0.039546 -0.998875 -0.026165 -0.039546 -0.687869 -0.72527 -0.0286336 -0.687869 -0.72527 -0.0286336 -0.687869 -0.72527 -0.0286336 -0.982981 0.0925146 0.158711 -0.982981 0.0925146 0.158711 -0.982981 0.0925146 0.158711 -0.965365 0.217619 0.143916 -0.965365 0.217619 0.143916 -0.965365 0.217619 0.143916 -0.770807 -0.636078 -0.0355032 -0.770807 -0.636078 -0.0355032 -0.770807 -0.636078 -0.0355032 -0.772313 -0.621755 0.130202 -0.772313 -0.621755 0.130202 -0.772313 -0.621755 0.130202 -0.527836 0.844925 0.0865514 -0.527836 0.844925 0.0865514 -0.527836 0.844925 0.0865514 -0.635583 0.771554 -0.0271827 -0.635583 0.771554 -0.0271827 -0.635583 0.771554 -0.0271827 -0.641202 0.758563 0.115941 -0.641202 0.758563 0.115941 -0.641202 0.758563 0.115941 -0.961563 0.217812 0.167197 -0.961563 0.217812 0.167197 -0.961563 0.217812 0.167197 -0.523703 0.845079 0.107599 -0.523703 0.845079 0.107599 -0.523703 0.845079 0.107599 -0.42075 0.903731 0.0789938 -0.42075 0.903731 0.0789938 -0.42075 0.903731 0.0789938 0.0229307 -0.999308 0.0292701 0.0229307 -0.999308 0.0292701 0.0229307 -0.999308 0.0292701 0.152782 -0.987417 0.0407974 0.152782 -0.987417 0.0407974 0.152782 -0.987417 0.0407974 0.0240663 -0.999522 0.0193854 0.0240663 -0.999522 0.0193854 0.0240663 -0.999522 0.0193854 -0.832147 -0.539564 0.128073 -0.832147 -0.539564 0.128073 -0.832147 -0.539564 0.128073 -0.0973409 -0.995204 0.00970395 -0.0973409 -0.995204 0.00970395 -0.0973409 -0.995204 0.00970395 -0.100937 -0.993999 0.0421614 -0.100937 -0.993999 0.0421614 -0.100937 -0.993999 0.0421614 -0.828678 -0.539872 0.147752 -0.828678 -0.539872 0.147752 -0.828678 -0.539872 0.147752 -0.930215 0.335639 0.14848 -0.930215 0.335639 0.14848 -0.930215 0.335639 0.14848 -0.725474 0.687909 -0.021637 -0.725474 0.687909 -0.021637 -0.725474 0.687909 -0.021637 0.216786 0.976145 -0.0120317 0.216786 0.976145 -0.0120317 0.216786 0.976145 -0.0120317 0.0937905 0.99536 0.0214684 0.0937905 0.99536 0.0214684 0.0937905 0.99536 0.0214684 0.0942536 0.995395 0.0174486 0.0942536 0.995395 0.0174486 0.0942536 0.995395 0.0174486 0.220095 0.975465 0.00517916 0.220095 0.975465 0.00517916 0.220095 0.975465 0.00517916 0.333091 0.942567 -0.0248686 0.333091 0.942567 -0.0248686 0.333091 0.942567 -0.0248686 0.148333 -0.988937 -0.000625876 0.148333 -0.988937 -0.000625876 0.148333 -0.988937 -0.000625876 0.922097 -0.381945 0.0620821 0.922097 -0.381945 0.0620821 0.922097 -0.381945 0.0620821 0.870426 -0.489775 -0.0497904 0.870426 -0.489775 -0.0497904 0.870426 -0.489775 -0.0497904 0.868787 -0.492711 0.0494534 0.868787 -0.492711 0.0494534 0.868787 -0.492711 0.0494534 0.72062 -0.689174 0.0757999 0.72062 -0.689174 0.0757999 0.72062 -0.689174 0.0757999 0.805538 -0.586767 0.0825406 0.805538 -0.586767 0.0825406 0.805538 -0.586767 0.0825406 0.721837 -0.689075 0.0642461 0.721837 -0.689075 0.0642461 0.721837 -0.689075 0.0642461 -0.210109 -0.976607 0.0457565 -0.210109 -0.976607 0.0457565 -0.210109 -0.976607 0.0457565 -0.890318 -0.432672 0.141878 -0.890318 -0.432672 0.141878 -0.890318 -0.432672 0.141878 -0.206946 -0.976431 0.0612864 -0.206946 -0.976431 0.0612864 -0.206946 -0.976431 0.0612864 0.640529 -0.765721 -0.0582589 0.640529 -0.765721 -0.0582589 0.640529 -0.765721 -0.0582589 0.632604 -0.77227 0.0584092 0.632604 -0.77227 0.0584092 0.632604 -0.77227 0.0584092 -0.0291072 0.999269 0.0247688 -0.0291072 0.999269 0.0247688 -0.0291072 0.999269 0.0247688 0.986741 0.147988 -0.0666494 0.986741 0.147988 -0.0666494 0.986741 0.147988 -0.0666494 0.962227 0.267417 0.0510625 0.962227 0.267417 0.0510625 0.962227 0.267417 0.0510625 0.962394 0.265382 -0.0580526 0.962394 0.265382 -0.0580526 0.962394 0.265382 -0.0580526 0.996333 0.0262232 0.081438 0.996333 0.0262232 0.081438 0.996333 0.0262232 0.081438 0.985115 0.145076 0.0922039 0.985115 0.145076 0.0922039 0.985115 0.145076 0.0922039 0.836798 0.53868 -0.0979379 0.836798 0.53868 -0.0979379 0.836798 0.53868 -0.0979379 0.768124 0.636812 0.066755 0.768124 0.636812 0.066755 0.768124 0.636812 0.066755 0.77416 0.628207 -0.0776655 0.77416 0.628207 -0.0776655 0.77416 0.628207 -0.0776655 0.839107 0.53795 -0.0806831 0.839107 0.53795 -0.0806831 0.839107 0.53795 -0.0806831 0.896091 0.431722 -0.10313 0.896091 0.431722 -0.10313 0.896091 0.431722 -0.10313 -0.976234 -0.199736 -0.0840993 -0.976234 -0.199736 -0.0840993 -0.976234 -0.199736 -0.0840993 -0.94521 -0.317725 -0.0750216 -0.94521 -0.317725 -0.0750216 -0.94521 -0.317725 -0.0750216 -0.972174 -0.192209 0.133918 -0.972174 -0.192209 0.133918 -0.972174 -0.192209 0.133918 -0.751923 0.651277 0.102229 -0.751923 0.651277 0.102229 -0.751923 0.651277 0.102229 -0.830565 0.552607 -0.0691961 -0.830565 0.552607 -0.0691961 -0.830565 0.552607 -0.0691961 -0.835234 0.536817 0.119211 -0.835234 0.536817 0.119211 -0.835234 0.536817 0.119211 -0.445192 -0.894979 -0.0285635 -0.445192 -0.894979 -0.0285635 -0.445192 -0.894979 -0.0285635 -0.944733 -0.317837 -0.0803652 -0.944733 -0.317837 -0.0803652 -0.944733 -0.317837 -0.0803652 -0.444701 -0.895101 -0.0321936 -0.444701 -0.895101 -0.0321936 -0.444701 -0.895101 -0.0321936 -0.340254 -0.940215 -0.0149499 -0.340254 -0.940215 -0.0149499 -0.340254 -0.940215 -0.0149499 -0.988299 -0.0788217 0.130587 -0.988299 -0.0788217 0.130587 -0.988299 -0.0788217 0.130587 -0.56154 -0.823359 0.0821744 -0.56154 -0.823359 0.0821744 -0.56154 -0.823359 0.0821744 -0.54951 -0.834293 -0.0446573 -0.54951 -0.834293 -0.0446573 -0.54951 -0.834293 -0.0446573 -0.750024 0.651546 0.113809 -0.750024 0.651546 0.113809 -0.750024 0.651546 0.113809 -0.986728 -0.0788686 0.141944 -0.986728 -0.0788686 0.141944 -0.986728 -0.0788686 0.141944 -0.666737 0.739054 0.0962375 -0.666737 0.739054 0.0962375 -0.666737 0.739054 0.0962375 -0.892048 0.446665 -0.0688565 -0.892048 0.446665 -0.0688565 -0.892048 0.446665 -0.0688565 -0.0756871 0.996945 0.0192889 -0.0756871 0.996945 0.0192889 -0.0756871 0.996945 0.0192889 -0.1995 0.979858 -0.00883027 -0.1995 0.979858 -0.00883027 -0.1995 0.979858 -0.00883027 -0.206784 0.977477 0.0421718 -0.206784 0.977477 0.0421718 -0.206784 0.977477 0.0421718 -0.891459 0.446841 -0.0750552 -0.891459 0.446841 -0.0750552 -0.891459 0.446841 -0.0750552 -0.905045 -0.419613 -0.069413 -0.905045 -0.419613 -0.069413 -0.905045 -0.419613 -0.069413 -0.0738239 0.99685 0.0289723 -0.0738239 0.99685 0.0289723 -0.0738239 0.99685 0.0289723 0.045403 0.998947 0.00665803 0.045403 0.998947 0.00665803 0.045403 0.998947 0.00665803 -0.641679 -0.761977 0.0873996 -0.641679 -0.761977 0.0873996 -0.641679 -0.761977 0.0873996 -0.640169 -0.762185 0.0962184 -0.640169 -0.762185 0.0962184 -0.640169 -0.762185 0.0962184 -0.989821 0.0438345 0.135398 -0.989821 0.0438345 0.135398 -0.989821 0.0438345 0.135398 0.313222 -0.948699 0.0431593 0.313222 -0.948699 0.0431593 0.313222 -0.948699 0.0431593 0.202688 -0.979156 -0.0130932 0.202688 -0.979156 -0.0130932 0.202688 -0.979156 -0.0130932 0.196951 -0.980074 0.0257883 0.196951 -0.980074 0.0257883 0.196951 -0.980074 0.0257883 0.313969 -0.948665 0.0381799 0.313969 -0.948665 0.0381799 0.313969 -0.948665 0.0381799 0.443887 -0.894121 0.0592595 0.443887 -0.894121 0.0592595 0.443887 -0.894121 0.0592595 -0.317512 0.948155 -0.0137397 -0.317512 0.948155 -0.0137397 -0.317512 0.948155 -0.0137397 0.644206 0.761463 -0.0719228 0.644206 0.761463 -0.0719228 0.644206 0.761463 -0.0719228 0.547212 0.83472 0.0616519 0.547212 0.83472 0.0616519 0.547212 0.83472 0.0616519 0.559793 0.826753 -0.0557759 0.559793 0.826753 -0.0557759 0.559793 0.826753 -0.0557759 -0.943116 0.324702 -0.0714247 -0.943116 0.324702 -0.0714247 -0.943116 0.324702 -0.0714247 -0.316871 0.948293 -0.018255 -0.316871 0.948293 -0.018255 -0.316871 0.948293 -0.018255 0.645622 0.761073 -0.0627737 0.645622 0.761073 -0.0627737 0.645622 0.761073 -0.0627737 0.731707 0.676776 -0.0811104 0.731707 0.676776 -0.0811104 0.731707 0.676776 -0.0811104 -0.190194 1.82301e-06 0.981746 -0.190194 1.82301e-06 0.981746 -0.190194 1.82301e-06 0.981746 -0.190339 -1.37867e-05 0.981718 -0.190339 -1.37867e-05 0.981718 -0.190339 -1.37867e-05 0.981718 -0.871835 -0.478582 -0.104227 -0.871835 -0.478582 -0.104227 -0.871835 -0.478582 -0.104227 -0.164256 -0.986313 -0.0143642 -0.164256 -0.986313 -0.0143642 -0.164256 -0.986313 -0.0143642 -0.190389 1.25912e-06 0.981709 -0.190389 1.25912e-06 0.981709 -0.190389 1.25912e-06 0.981709 -0.281325 -0.959082 -0.031914 -0.281325 -0.959082 -0.031914 -0.281325 -0.959082 -0.031914 -0.951839 0.285006 -0.113022 -0.951839 0.285006 -0.113022 -0.951839 0.285006 -0.113022 -0.979635 0.165629 -0.113504 -0.979635 0.165629 -0.113504 -0.979635 0.165629 -0.113504 -0.472987 0.879475 -0.0529741 -0.472987 0.879475 -0.0529741 -0.472987 0.879475 -0.0529741 -0.80776 -0.582077 -0.0933327 -0.80776 -0.582077 -0.0933327 -0.80776 -0.582077 -0.0933327 -0.807613 -0.582114 -0.0943603 -0.807613 -0.582114 -0.0943603 -0.807613 -0.582114 -0.0943603 -0.979424 0.165651 -0.115271 -0.979424 0.165651 -0.115271 -0.979424 0.165651 -0.115271 -0.74574 -0.661095 -0.0826095 -0.74574 -0.661095 -0.0826095 -0.74574 -0.661095 -0.0826095 -0.164092 -0.986328 -0.0152207 -0.164092 -0.986328 -0.0152207 -0.164092 -0.986328 -0.0152207 -0.0432483 -0.999054 0.00461531 -0.0432483 -0.999054 0.00461531 -0.0432483 -0.999054 0.00461531 -0.57613 0.814949 -0.0627003 -0.57613 0.814949 -0.0627003 -0.57613 0.814949 -0.0627003 -0.190298 1.10147e-05 0.981726 -0.190298 1.10147e-05 0.981726 -0.190298 1.10147e-05 0.981726 0.279763 0.959227 0.0402116 0.279763 0.959227 0.0402116 0.279763 0.959227 0.0402116 -0.576027 0.814974 -0.0633279 -0.576027 0.814974 -0.0633279 -0.576027 0.814974 -0.0633279 -0.992829 0.0419185 -0.111952 -0.992829 0.0419185 -0.111952 -0.992829 0.0419185 -0.111952 0.573691 -0.815431 0.0771348 0.573691 -0.815431 0.0771348 0.573691 -0.815431 0.0771348 -0.190248 -4.1361e-06 0.981736 -0.190248 -4.1361e-06 0.981736 -0.190248 -4.1361e-06 0.981736 0.471518 -0.879724 0.0612869 0.471518 -0.879724 0.0612869 0.471518 -0.879724 0.0612869 0.574157 -0.815354 0.0744466 0.574157 -0.815354 0.0744466 0.574157 -0.815354 0.0744466 0.686493 -0.721002 0.0942568 0.686493 -0.721002 0.0942568 0.686493 -0.721002 0.0942568 0.683688 0.726154 0.0726043 0.683688 0.726154 0.0726043 0.683688 0.726154 0.0726043 0.0786959 -0.996892 -0.00356826 0.0786959 -0.996892 -0.00356826 0.0786959 -0.996892 -0.00356826 0.888926 -0.447349 0.0984374 0.888926 -0.447349 0.0984374 0.888926 -0.447349 0.0984374 0.836383 -0.540167 -0.0931812 0.836383 -0.540167 -0.0931812 0.836383 -0.540167 -0.0931812 0.828665 -0.553062 0.0862422 0.828665 -0.553062 0.0862422 0.828665 -0.553062 0.0862422 0.0801934 -0.99677 0.00430075 0.0801934 -0.99677 0.00430075 0.0801934 -0.99677 0.00430075 -0.72871 -0.677419 0.100428 -0.72871 -0.677419 0.100428 -0.72871 -0.677419 0.100428 0.889787 -0.447214 0.0909896 0.889787 -0.447214 0.0909896 0.889787 -0.447214 0.0909896 0.941077 -0.321668 0.104422 0.941077 -0.321668 0.104422 0.941077 -0.321668 0.104422 0.801892 -0.59524 -0.051567 0.801892 -0.59524 -0.051567 0.801892 -0.59524 -0.051567 0.161491 0.986456 0.0287416 0.161491 0.986456 0.0287416 0.161491 0.986456 0.0287416 -0.190412 -2.18336e-05 0.981704 -0.190412 -2.18336e-05 0.981704 -0.190412 -2.18336e-05 0.981704 0.870656 0.478832 0.112596 0.870656 0.478832 0.112596 0.870656 0.478832 0.112596 0.161438 0.986456 0.0290178 0.161438 0.986456 0.0290178 0.161438 0.986456 0.0290178 -0.685443 0.724635 -0.071219 -0.685443 0.724635 -0.071219 -0.685443 0.724635 -0.071219 -0.438403 0.898524 -0.021376 -0.438403 0.898524 -0.021376 -0.438403 0.898524 -0.021376 0.922219 0.381996 0.0599245 0.922219 0.381996 0.0599245 0.922219 0.381996 0.0599245 0.533172 -0.844067 -0.0572547 0.533172 -0.844067 -0.0572547 0.533172 -0.844067 -0.0572547 -0.325671 -0.943365 0.0632486 -0.325671 -0.943365 0.0632486 -0.325671 -0.943365 0.0632486 0.535939 -0.843264 -0.0409157 0.535939 -0.843264 -0.0409157 0.535939 -0.843264 -0.0409157 0.995244 0.0262317 0.0938202 0.995244 0.0262317 0.0938202 0.995244 0.0262317 0.0938202 0.989739 -0.0937198 -0.107857 0.989739 -0.0937198 -0.107857 0.989739 -0.0937198 -0.107857 0.991987 -0.0960178 0.0821068 0.991987 -0.0960178 0.0821068 0.991987 -0.0960178 0.0821068 0.977812 -0.16579 0.128054 0.977812 -0.16579 0.128054 0.977812 -0.16579 0.128054 0.950755 -0.285175 0.121407 0.950755 -0.285175 0.121407 0.950755 -0.285175 0.121407 0.978275 -0.165753 0.124513 0.978275 -0.165753 0.124513 0.978275 -0.165753 0.124513 0.990463 -0.0416576 0.13133 0.990463 -0.0416576 0.13133 0.990463 -0.0416576 0.13133 0.805614 0.582546 0.107826 0.805614 0.582546 0.107826 0.805614 0.582546 0.107826 0.805847 0.582503 0.106312 0.805847 0.582503 0.106312 0.805847 0.582503 0.106312 0.0479052 0.998656 0.0197878 0.0479052 0.998656 0.0197878 0.0479052 0.998656 0.0197878 0.441023 0.89562 0.0580051 0.441023 0.89562 0.0580051 0.441023 0.89562 0.0580051 0.989848 0.0787642 -0.118311 0.989848 0.0787642 -0.118311 0.989848 0.0787642 -0.118311 0.974573 0.199927 0.101181 0.974573 0.199927 0.101181 0.974573 0.199927 0.101181 0.974874 0.193479 -0.110389 0.974874 0.193479 -0.110389 0.974874 0.193479 -0.110389 0.44166 0.895576 0.0536763 0.44166 0.895576 0.0536763 0.44166 0.895576 0.0536763 0.991002 0.0787039 -0.10826 0.991002 0.0787039 -0.10826 0.991002 0.0787039 -0.10826 0.992287 -0.0437817 -0.11597 0.992287 -0.0437817 -0.11597 0.992287 -0.0437817 -0.11597 0.346328 0.9367 0.0514836 0.346328 0.9367 0.0514836 0.346328 0.9367 0.0514836 0.746079 0.657819 0.10315 0.746079 0.657819 0.10315 0.746079 0.657819 0.10315 0.968921 -0.217266 -0.118268 0.968921 -0.217266 -0.118268 0.968921 -0.217266 -0.118268 0.971062 -0.216927 -0.099908 0.971062 -0.216927 -0.099908 0.971062 -0.216927 -0.099908 0.935852 -0.334885 -0.109694 0.935852 -0.334885 -0.109694 0.935852 -0.334885 -0.109694 0.753854 -0.650891 -0.0896906 0.753854 -0.650891 -0.0896906 0.753854 -0.650891 -0.0896906 0.755225 -0.650528 -0.0802983 0.755225 -0.650528 -0.0802983 0.755225 -0.650528 -0.0802983 -0.0417319 -0.99905 0.0125311 -0.0417319 -0.99905 0.0125311 -0.0417319 -0.99905 0.0125311 0.942223 0.318228 0.104626 0.942223 0.318228 0.104626 0.942223 0.318228 0.104626 0.94298 0.318138 0.0978663 0.94298 0.318138 0.0978663 0.94298 0.318138 0.0978663 0.903729 0.415997 0.101096 0.903729 0.415997 0.101096 0.903729 0.415997 0.101096 0.669884 -0.738469 -0.0769394 0.669884 -0.738469 -0.0769394 0.669884 -0.738469 -0.0769394 0.428044 -0.902847 -0.040577 0.428044 -0.902847 -0.040577 0.428044 -0.902847 -0.040577</float_array>
          <technique_common>
            <accessor count="602" source="#ID7" stride="3">
              <param name="X" type="float"/>
              <param name="Y" type="float"/>
              <param name="Z" type="float"/>
            </accessor>
          </technique_common>
        </source>
        <vertices id="ID8">
          <input semantic="POSITION" source="#ID4"/>
          <input semantic="NORMAL" source="#ID6"/>
        </vertices>
        <triangles count="204" material="ID9">
          <input offset="0" semantic="VERTEX" source="#ID8"/>
          <p>0 1 2 3 4 5 6 7 8 9 10 11 12 13 14 15 16 17 18 19 20 21 22 23 22 24 25 23 22 25 26 27 28 29 30 31 32 33 34 35 36 37 38 39 40 41 42 43 44 45 46 47 48 49 50 51 52 53 54 55 56 57 58 59 60 61 62 63 64 23 25 65 66 67 68 69 23 65 70 71 72 73 74 75 25 76 65 77 78 79 80 81 82 83 84 85 86 87 88 89 90 91 92 93 94 95 96 97 98 99 100 101 102 103 104 105 106 107 108 109 110 111 112 113 114 115 116 117 118 119 120 121 122 123 124 125 126 127 128 129 130 131 132 133 134 135 136 137 138 139 140 141 142 143 144 145 146 147 148 149 150 151 152 153 154 155 156 157 158 159 160 161 162 163 164 165 166 167 168 169 170 171 172 173 174 175 176 177 178 179 180 181 182 183 184 185 186 187 188 189 190 191 192 193 194 195 196 197 198 199 200 201 202 203 204 205 206 207 208 209 210 211 212 213 214 215 216 217 218 219 220 221 222 223 224 225 226 227 228 229 230 231 232 233 234 235 236 237 238 239 240 241 242 243 244 245 246 247 248 249 250 251 252 253 254 255 256 257 258 259 260 261 262 263 264 265 266 267 268 269 270 271 272 273 274 275 276 277 278 279 280 281 282 283 284 285 286 287 288 289 290 291 292 293 294 295 296 297 298 299 300 301 302 303 304 305 306 307 308 309 310 311 312 313 314 315 316 317 318 319 320 321 322 323 324 325 326 327 328 329 330 331 332 333 334 335 336 337 338 339 340 341 342 343 344 345 346 347 348 349 350 351 352 353 354 355 356 357 358 359 360 361 362 363 364 365 366 367 368 369 370 371 372 373 374 375 376 377 378 379 380 381 382 383 384 385 386 387 388 389 390 391 392 393 394 395 396 397 398 399 400 401 402 403 404 405 406 407 408 409 410 411 412 413 414 415 416 417 418 419 420 421 422 423 424 425 426 427 428 429 430 431 432 433 434 435 436 437 438 439 440 441 442 443 444 445 446 447 448 449 450 451 452 453 454 455 456 457 458 459 460 461 462 463 464 465 466 467 468 469 470 471 472 473 474 475 476 477 478 479 480 481 482 483 484 485 486 487 488 489 490 491 492 493 494 495 496 497 498 499 500 501 502 503 504 505 506 507 508 509 510 511 512 513 514 515 516 517 518 519 520 521 522 523 524 525 526 527 528 529 530 531 532 533 534 535 536 537 538 539 540 541 542 543 544 545 546 547 548 549 550 551 552 553 554 555 556 557 558 559 560 561 562 563 564 565 566 567 568 569 570 571 572 573 574 575 576 577 578 579 580 581 582 583 584 585 586 587 588 589 590 591 592 593 594 595 596 597 598 599 600 601</p>
        </triangles>
      </mesh>
    </geometry>
    <geometry id="ID10">
      <mesh>
        <source id="ID11">
          <float_array count="534" id="ID12">-0.340283 -0.394516 1.46023 -0.336139 -0.398808 1.46005 -0.343028 -0.397005 1.4544 -0.336139 -0.398808 1.46005 -0.340283 -0.394516 1.46023 -0.296877 -0.349599 1.39737 -0.340283 -0.394516 1.46023 -0.343028 -0.397005 1.4544 -0.296696 -0.350062 1.38809 -0.340283 -0.394516 1.46023 -0.296696 -0.350062 1.38809 -0.296877 -0.349599 1.39737 -0.336139 -0.398808 1.46005 -0.338883 -0.401298 1.45421 -0.343028 -0.397005 1.4544 -0.290467 -0.353396 1.39786 -0.338883 -0.401298 1.45421 -0.336139 -0.398808 1.46005 -0.336139 -0.398808 1.46005 -0.296877 -0.349599 1.39737 -0.290467 -0.353396 1.39786 -0.296696 -0.350062 1.38809 -0.343028 -0.397005 1.4544 -0.290286 -0.353859 1.38858 -0.290286 -0.353859 1.38858 -0.343028 -0.397005 1.4544 -0.338883 -0.401298 1.45421 -0.296696 -0.350062 1.38809 -0.290286 -0.353859 1.38858 -0.238208 -0.269517 1.3838 -0.245935 -0.264753 1.38113 -0.296877 -0.349599 1.39737 -0.296696 -0.350062 1.38809 -0.245935 -0.264753 1.38113 -0.296696 -0.350062 1.38809 -0.238208 -0.269517 1.3838 -0.290286 -0.353859 1.38858 -0.338883 -0.401298 1.45421 -0.290467 -0.353396 1.39786 -0.238394 -0.26595 1.39453 -0.290286 -0.353859 1.38858 -0.290467 -0.353396 1.39786 -0.238208 -0.269517 1.3838 -0.290286 -0.353859 1.38858 -0.238394 -0.26595 1.39453 -0.290467 -0.353396 1.39786 -0.296877 -0.349599 1.39737 -0.24612 -0.261186 1.39187 -0.24612 -0.261186 1.39187 -0.296877 -0.349599 1.39737 -0.245935 -0.264753 1.38113 -0.290467 -0.353396 1.39786 -0.24612 -0.261186 1.39187 -0.238394 -0.26595 1.39453 -0.24612 -0.261186 1.39187 -0.245935 -0.264753 1.38113 -0.185386 -0.18214 1.33744 -0.175812 -0.187097 1.34297 -0.245935 -0.264753 1.38113 -0.238208 -0.269517 1.3838 -0.185386 -0.18214 1.33744 -0.245935 -0.264753 1.38113 -0.175812 -0.187097 1.34297 -0.238394 -0.26595 1.39453 -0.24612 -0.261186 1.39187 -0.186115 -0.175199 1.34908 -0.24612 -0.261186 1.39187 -0.185386 -0.18214 1.33744 -0.186115 -0.175199 1.34908 -0.238208 -0.269517 1.3838 -0.238394 -0.26595 1.39453 -0.176541 -0.180156 1.3546 -0.175812 -0.187097 1.34297 -0.238208 -0.269517 1.3838 -0.176541 -0.180156 1.3546 -0.176541 -0.180156 1.3546 -0.238394 -0.26595 1.39453 -0.186115 -0.175199 1.34908 -0.186115 -0.175199 1.34908 -0.185386 -0.18214 1.33744 -0.139715 -0.128796 1.28862 -0.127698 -0.132957 1.29749 -0.185386 -0.18214 1.33744 -0.175812 -0.187097 1.34297 -0.127698 -0.132957 1.29749 -0.139715 -0.128796 1.28862 -0.185386 -0.18214 1.33744 -0.141236 -0.117555 1.30002 -0.176541 -0.180156 1.3546 -0.186115 -0.175199 1.34908 -0.186115 -0.175199 1.34908 -0.139715 -0.128796 1.28862 -0.141236 -0.117555 1.30002 -0.175812 -0.187097 1.34297 -0.176541 -0.180156 1.3546 -0.129219 -0.121717 1.30889 -0.127698 -0.132957 1.29749 -0.175812 -0.187097 1.34297 -0.129219 -0.121717 1.30889 -0.141236 -0.117555 1.30002 -0.129219 -0.121717 1.30889 -0.176541 -0.180156 1.3546 -0.0746503 -0.0645048 1.1988 -0.141236 -0.117555 1.30002 -0.139715 -0.128796 1.28862 -0.058668 -0.0659365 1.20954 -0.139715 -0.128796 1.28862 -0.127698 -0.132957 1.29749 -0.139715 -0.128796 1.28862 -0.058668 -0.0659365 1.20954 -0.0746503 -0.0645048 1.1988 -0.141236 -0.117555 1.30002 -0.0758732 -0.0470808 1.20523 -0.129219 -0.121717 1.30889 -0.0758732 -0.0470808 1.20523 -0.141236 -0.117555 1.30002 -0.0746503 -0.0645048 1.1988 -0.0598909 -0.0485124 1.21597 -0.127698 -0.132957 1.29749 -0.129219 -0.121717 1.30889 -0.0598909 -0.0485124 1.21597 -0.058668 -0.0659365 1.20954 -0.127698 -0.132957 1.29749 -0.129219 -0.121717 1.30889 -0.0758732 -0.0470808 1.20523 -0.0598909 -0.0485124 1.21597 -0.0153154 -0.0334226 1.06779 -0.0758732 -0.0470808 1.20523 -0.0746503 -0.0645048 1.1988 -0.058668 -0.0659365 1.20954 0.00453381 -0.0311653 1.0814 -0.0746503 -0.0645048 1.1988 -0.0746503 -0.0645048 1.1988 0.00453381 -0.0311653 1.0814 -0.0153154 -0.0334226 1.06779 -0.0598909 -0.0485124 1.21597 -0.0758732 -0.0470808 1.20523 -0.0196611 -0.0113234 1.07194 -0.0196611 -0.0113234 1.07194 -0.0758732 -0.0470808 1.20523 -0.0153154 -0.0334226 1.06779 -0.058668 -0.0659365 1.20954 -0.0598909 -0.0485124 1.21597 0.000188053 -0.00906613 1.08555 0.00453381 -0.0311653 1.0814 -0.058668 -0.0659365 1.20954 0.000188053 -0.00906613 1.08555 -0.0196611 -0.0113234 1.07194 0.000188053 -0.00906613 1.08555 -0.0598909 -0.0485124 1.21597 -0.0153154 -0.0334226 1.06779 0.022799 -0.0202821 0.977652 -0.0196611 -0.0113234 1.07194 0.0462903 -0.0127065 0.995309 -0.0153154 -0.0334226 1.06779 0.00453381 -0.0311653 1.0814 -0.0153154 -0.0334226 1.06779 0.0462903 -0.0127065 0.995309 0.022799 -0.0202821 0.977652 -0.0196611 -0.0113234 1.07194 0.0131409 0.00643229 0.979808 0.000188053 -0.00906613 1.08555 -0.0196611 -0.0113234 1.07194 0.022799 -0.0202821 0.977652 0.0131409 0.00643229 0.979808 0.00453381 -0.0311653 1.0814 0.000188053 -0.00906613 1.08555 0.0366321 0.0140078 0.997465 0.0366321 0.0140078 0.997465 0.0462903 -0.0127065 0.995309 0.00453381 -0.0311653 1.0814 0.0131409 0.00643229 0.979808 0.0366321 0.0140078 0.997465 0.000188053 -0.00906613 1.08555 0.0131409 0.00643229 0.979808 0.022799 -0.0202821 0.977652 0.0462903 -0.0127065 0.995309 0.0366321 0.0140078 0.997465</float_array>
          <technique_common>
            <accessor count="178" source="#ID12" stride="3">
              <param name="X" type="float"/>
              <param name="Y" type="float"/>
              <param name="Z" type="float"/>
            </accessor>
          </technique_common>
        </source>
        <source id="ID13">
          <float_array count="534" id="ID14">0.595907 0.598191 -0.535782 0.595907 0.598191 -0.535782 0.595907 0.598191 -0.535782 -0.525614 -0.477467 -0.704099 -0.525614 -0.477467 -0.704099 -0.525614 -0.477467 -0.704099 0.696299 -0.717433 -0.0213929 0.696299 -0.717433 -0.0213929 0.696299 -0.717433 -0.0213929 0.750715 -0.658913 0.0475468 0.750715 -0.658913 0.0475468 0.750715 -0.658913 0.0475468 0.595902 0.598205 -0.535772 0.595902 0.598205 -0.535772 0.595902 0.598205 -0.535772 -0.692529 0.721165 0.0180287 -0.692529 0.721165 0.0180287 -0.692529 0.721165 0.0180287 -0.322984 -0.635532 -0.701271 -0.322984 -0.635532 -0.701271 -0.322984 -0.635532 -0.701271 0.330241 0.64607 0.688138 0.330241 0.64607 0.688138 0.330241 0.64607 0.688138 0.515203 0.466771 0.718812 0.515203 0.466771 0.718812 0.515203 0.466771 0.718812 -0.031118 0.07573 0.996643 -0.031118 0.07573 0.996643 -0.031118 0.07573 0.996643 0.860112 -0.508359 0.0421635 0.860112 -0.508359 0.0421635 0.860112 -0.508359 0.0421635 -0.206493 0.200997 0.957581 -0.206493 0.200997 0.957581 -0.206493 0.200997 0.957581 -0.730339 0.681377 -0.0482703 -0.730339 0.681377 -0.0482703 -0.730339 0.681377 -0.0482703 -0.859134 0.510006 -0.0422261 -0.859134 0.510006 -0.0422261 -0.859134 0.510006 -0.0422261 -0.841021 0.50889 -0.183616 -0.841021 0.50889 -0.183616 -0.841021 0.50889 -0.183616 0.0292944 -0.078817 -0.996459 0.0292944 -0.078817 -0.996459 0.0292944 -0.078817 -0.996459 0.858527 -0.481988 0.174984 0.858527 -0.481988 0.174984 0.858527 -0.481988 0.174984 0.225642 -0.170822 -0.959117 0.225642 -0.170822 -0.959117 0.225642 -0.170822 -0.959117 0.836777 -0.515123 0.185615 0.836777 -0.515123 0.185615 0.836777 -0.515123 0.185615 -0.0240097 0.458306 0.88847 -0.0240097 0.458306 0.88847 -0.0240097 0.458306 0.88847 -0.17806 0.558821 0.809946 -0.17806 0.558821 0.809946 -0.17806 0.558821 0.809946 0.0237759 -0.458621 -0.888314 0.0237759 -0.458621 -0.888314 0.0237759 -0.458621 -0.888314 0.84496 -0.434375 0.312026 0.84496 -0.434375 0.312026 0.84496 -0.434375 0.312026 -0.836042 0.516192 -0.185955 -0.836042 0.516192 -0.185955 -0.836042 0.516192 -0.185955 -0.824333 0.46197 -0.327199 -0.824333 0.46197 -0.327199 -0.824333 0.46197 -0.327199 0.201728 -0.529052 -0.824263 0.201728 -0.529052 -0.824263 0.201728 -0.529052 -0.824263 0.843773 -0.436025 0.312936 0.843773 -0.436025 0.312936 0.843773 -0.436025 0.312936 -0.0712268 0.677921 0.731676 -0.0712268 0.677921 0.731676 -0.0712268 0.677921 0.731676 -0.20409 0.750247 0.628869 -0.20409 0.750247 0.628869 -0.20409 0.750247 0.628869 0.0711442 -0.677999 -0.731612 0.0711442 -0.677999 -0.731612 0.0711442 -0.677999 -0.731612 0.854101 -0.308859 0.418471 0.854101 -0.308859 0.418471 0.854101 -0.308859 0.418471 -0.842896 0.437237 -0.313608 -0.842896 0.437237 -0.313608 -0.842896 0.437237 -0.313608 -0.820485 0.348546 -0.453123 -0.820485 0.348546 -0.453123 -0.820485 0.348546 -0.453123 0.240695 -0.711418 -0.660266 0.240695 -0.711418 -0.660266 0.240695 -0.711418 -0.660266 0.861631 -0.299208 0.40996 0.861631 -0.299208 0.40996 0.861631 -0.299208 0.40996 -0.113616 0.831208 0.544229 -0.113616 0.831208 0.544229 -0.113616 0.831208 0.544229 -0.227007 0.862273 0.452717 -0.227007 0.862273 0.452717 -0.227007 0.862273 0.452717 0.11158 -0.832797 -0.542216 0.11158 -0.832797 -0.542216 0.11158 -0.832797 -0.542216 0.85762 -0.124117 0.499082 0.85762 -0.124117 0.499082 0.85762 -0.124117 0.499082 -0.862588 0.297955 -0.408859 -0.862588 0.297955 -0.408859 -0.862588 0.297955 -0.408859 -0.82834 0.141997 -0.541932 -0.82834 0.141997 -0.541932 -0.82834 0.141997 -0.541932 0.246748 -0.842186 -0.479414 0.246748 -0.842186 -0.479414 0.246748 -0.842186 -0.479414 0.915021 -0.08167 0.395052 0.915021 -0.08167 0.395052 0.915021 -0.08167 0.395052 -0.0676571 0.970819 0.230073 -0.0676571 0.970819 0.230073 -0.0676571 0.970819 0.230073 -0.204418 0.969198 0.137366 -0.204418 0.969198 0.137366 -0.204418 0.969198 0.137366 0.0685906 -0.970435 -0.231411 0.0685906 -0.970435 -0.231411 0.0685906 -0.970435 -0.231411 0.906642 0.101351 0.409547 0.906642 0.101351 0.409547 0.906642 0.101351 0.409547 -0.914404 0.0822003 -0.39637 -0.914404 0.0822003 -0.39637 -0.914404 0.0822003 -0.39637 -0.883785 -0.0874459 -0.45965 -0.883785 -0.0874459 -0.45965 -0.883785 -0.0874459 -0.45965 0.233143 -0.955344 -0.181552 0.233143 -0.955344 -0.181552 0.233143 -0.955344 -0.181552 0.910539 0.103881 0.400158 0.910539 0.103881 0.400158 0.910539 0.103881 0.400158 -0.190722 0.974709 0.11648 -0.190722 0.974709 0.11648 -0.190722 0.974709 0.11648 -0.311534 0.950211 0.00679302 -0.311534 0.950211 0.00679302 -0.311534 0.950211 0.00679302 0.192495 -0.974034 -0.119178 0.192495 -0.974034 -0.119178 0.192495 -0.974034 -0.119178 0.882815 0.289303 0.370057 0.882815 0.289303 0.370057 0.882815 0.289303 0.370057 -0.909293 -0.103068 -0.403191 -0.909293 -0.103068 -0.403191 -0.909293 -0.103068 -0.403191 -0.84329 -0.267245 -0.466307 -0.84329 -0.267245 -0.466307 -0.84329 -0.267245 -0.466307 0.366801 -0.925861 -0.0907672 0.366801 -0.925861 -0.0907672 0.366801 -0.925861 -0.0907672 -0.52677 -0.255862 0.810585 -0.52677 -0.255862 0.810585 -0.52677 -0.255862 0.810585 -0.52677 -0.255862 0.810585</float_array>
          <technique_common>
            <accessor count="178" source="#ID14" stride="3">
              <param name="X" type="float"/>
              <param name="Y" type="float"/>
              <param name="Z" type="float"/>
            </accessor>
          </technique_common>
        </source>
        <vertices id="ID15">
          <input semantic="POSITION" source="#ID11"/>
          <input semantic="NORMAL" source="#ID13"/>
        </vertices>
        <triangles count="60" material="ID16">
          <input offset="0" semantic="VERTEX" source="#ID15"/>
          <p>0 1 2 3 4 5 6 7 8 9 10 11 12 13 14 15 16 17 18 19 20 21 22 23 24 25 26 27 28 29 30 31 32 33 34 35 36 37 38 39 40 41 42 43 44 45 46 47 48 49 50 51 52 53 54 55 56 57 58 59 60 61 62 63 64 65 66 67 68 69 70 71 72 73 74 75 76 77 78 79 80 81 82 83 84 85 86 87 88 89 90 91 92 93 94 95 96 97 98 99 100 101 102 103 104 105 106 107 108 109 110 111 112 113 114 115 116 117 118 119 120 121 122 123 124 125 126 127 128 129 130 131 132 133 134 135 136 137 138 139 140 141 142 143 144 145 146 147 148 149 150 151 152 153 154 155 156 157 158 159 160 161 162 163 164 165 166 167 168 169 170 171 172 173 174 175 176 177 174 176</p>
        </triangles>
      </mesh>
    </geometry>
    <geometry id="ID17">
      <mesh>
        <source id="ID18">
          <float_array count="108" id="ID19">-0.293051 -0.0449178 1.92742 -0.298921 -0.0439025 1.92477 -0.299099 -0.0384044 1.92866 -0.293051 -0.0449178 1.92742 -0.25896 -0.00201138 1.83562 -0.298921 -0.0439025 1.92477 -0.293051 -0.0449178 1.92742 -0.299099 -0.0384044 1.92866 -0.29323 -0.0394197 1.93131 -0.259139 0.00348673 1.83951 -0.293051 -0.0449178 1.92742 -0.29323 -0.0394197 1.93131 -0.259139 0.00348673 1.83951 -0.25896 -0.00201138 1.83562 -0.293051 -0.0449178 1.92742 -0.265008 0.00450205 1.83686 -0.299099 -0.0384044 1.92866 -0.298921 -0.0439025 1.92477 -0.265008 0.00450205 1.83686 -0.298921 -0.0439025 1.92477 -0.264829 -0.000996057 1.83297 -0.298921 -0.0439025 1.92477 -0.25896 -0.00201138 1.83562 -0.264829 -0.000996057 1.83297 -0.265008 0.00450205 1.83686 -0.259139 0.00348673 1.83951 -0.299099 -0.0384044 1.92866 -0.299099 -0.0384044 1.92866 -0.259139 0.00348673 1.83951 -0.29323 -0.0394197 1.93131 -0.259139 0.00348673 1.83951 -0.265008 0.00450205 1.83686 -0.25896 -0.00201138 1.83562 -0.265008 0.00450205 1.83686 -0.264829 -0.000996057 1.83297 -0.25896 -0.00201138 1.83562</float_array>
          <technique_common>
            <accessor count="36" source="#ID19" stride="3">
              <param name="X" type="float"/>
              <param name="Y" type="float"/>
              <param name="Z" type="float"/>
            </accessor>
          </technique_common>
        </source>
        <source id="ID20">
          <float_array count="108" id="ID21">0.423003 0.532382 -0.733238 0.423003 0.532382 -0.733238 0.423003 0.532382 -0.733238 -0.0295648 0.909701 0.414211 -0.0295648 0.909701 0.414211 -0.0295648 0.909701 0.414211 0.423016 0.532391 -0.733224 0.423016 0.532391 -0.733224 0.423016 0.532391 -0.733224 -0.947314 0.163872 -0.275212 -0.947314 0.163872 -0.275212 -0.947314 0.163872 -0.275212 -0.947314 0.163863 -0.275217 -0.947314 0.163863 -0.275217 -0.947314 0.163863 -0.275217 0.947314 -0.163871 0.275212 0.947314 -0.163871 0.275212 0.947314 -0.163871 0.275212 0.947314 -0.163867 0.275214 0.947314 -0.163867 0.275214 0.947314 -0.163867 0.275214 -0.029572 0.909702 0.414208 -0.029572 0.909702 0.414208 -0.029572 0.909702 0.414208 0.0295646 -0.909701 -0.41421 0.0295646 -0.909701 -0.41421 0.0295646 -0.909701 -0.41421 0.029572 -0.909702 -0.414207 0.029572 -0.909702 -0.414207 0.029572 -0.909702 -0.414207 -0.423004 -0.532373 0.733244 -0.423004 -0.532373 0.733244 -0.423004 -0.532373 0.733244 -0.423015 -0.532381 0.733232 -0.423015 -0.532381 0.733232 -0.423015 -0.532381 0.733232</float_array>
          <technique_common>
            <accessor count="36" source="#ID21" stride="3">
              <param name="X" type="float"/>
              <param name="Y" type="float"/>
              <param name="Z" type="float"/>
            </accessor>
          </technique_common>
        </source>
        <vertices id="ID22">
          <input semantic="POSITION" source="#ID18"/>
          <input semantic="NORMAL" source="#ID20"/>
        </vertices>
        <triangles count="12" material="ID16">
          <input offset="0" semantic="VERTEX" source="#ID22"/>
          <p>0 1 2 3 4 5 6 7 8 9 10 11 12 13 14 15 16 17 18 19 20 21 22 23 24 25 26 27 28 29 30 31 32 33 34 35</p>
        </triangles>
      </mesh>
    </geometry>
    <geometry id="ID23">
      <mesh>
        <source id="ID24">
          <float_array count="324" id="ID25">-0.283288 -0.172953 2.36691 -0.278839 -0.177837 2.37086 -0.28115 -0.177442 2.3651 -0.283288 -0.172953 2.36691 -0.280977 -0.173347 2.37267 -0.278839 -0.177837 2.37086 -0.283288 -0.172953 2.36691 -0.28115 -0.177442 2.3651 -0.23719 -0.151474 2.34053 -0.239919 -0.14564 2.34138 -0.283288 -0.172953 2.36691 -0.23719 -0.151474 2.34053 -0.280977 -0.173347 2.37267 -0.283288 -0.172953 2.36691 -0.239919 -0.14564 2.34138 -0.236323 -0.151813 2.34852 -0.28115 -0.177442 2.3651 -0.278839 -0.177837 2.37086 -0.278839 -0.177837 2.37086 -0.280977 -0.173347 2.37267 -0.239052 -0.145979 2.34936 -0.278839 -0.177837 2.37086 -0.239052 -0.145979 2.34936 -0.236323 -0.151813 2.34852 -0.236323 -0.151813 2.34852 -0.23719 -0.151474 2.34053 -0.28115 -0.177442 2.3651 -0.239919 -0.14564 2.34138 -0.23719 -0.151474 2.34053 -0.180695 -0.125942 2.33267 -0.236323 -0.151813 2.34852 -0.181447 -0.125633 2.34271 -0.23719 -0.151474 2.34053 -0.180695 -0.125942 2.33267 -0.23719 -0.151474 2.34053 -0.181447 -0.125633 2.34271 -0.239919 -0.14564 2.34138 -0.239052 -0.145979 2.34936 -0.280977 -0.173347 2.37267 -0.239052 -0.145979 2.34936 -0.239919 -0.14564 2.34138 -0.183669 -0.118434 2.33196 -0.180695 -0.125942 2.33267 -0.183669 -0.118434 2.33196 -0.239919 -0.14564 2.34138 -0.184422 -0.118126 2.342 -0.236323 -0.151813 2.34852 -0.239052 -0.145979 2.34936 -0.236323 -0.151813 2.34852 -0.184422 -0.118126 2.342 -0.181447 -0.125633 2.34271 -0.183669 -0.118434 2.33196 -0.184422 -0.118126 2.342 -0.239052 -0.145979 2.34936 -0.183669 -0.118434 2.33196 -0.180695 -0.125942 2.33267 -0.0992454 -0.0952333 2.34086 -0.184422 -0.118126 2.342 -0.183669 -0.118434 2.33196 -0.10572 -0.0876515 2.33871 -0.10572 -0.0876515 2.33871 -0.183669 -0.118434 2.33196 -0.0992454 -0.0952333 2.34086 -0.180695 -0.125942 2.33267 -0.181447 -0.125633 2.34271 -0.0965656 -0.0909485 2.35179 -0.0965656 -0.0909485 2.35179 -0.0992454 -0.0952333 2.34086 -0.180695 -0.125942 2.33267 -0.181447 -0.125633 2.34271 -0.184422 -0.118126 2.342 -0.103041 -0.0833667 2.34964 -0.184422 -0.118126 2.342 -0.10572 -0.0876515 2.33871 -0.103041 -0.0833667 2.34964 -0.181447 -0.125633 2.34271 -0.103041 -0.0833667 2.34964 -0.0965656 -0.0909485 2.35179 -0.10572 -0.0876515 2.33871 -0.0324269 -0.0363681 2.27628 -0.103041 -0.0833667 2.34964 -0.0238744 -0.0447713 2.2813 -0.10572 -0.0876515 2.33871 -0.0992454 -0.0952333 2.34086 -0.0324269 -0.0363681 2.27628 -0.10572 -0.0876515 2.33871 -0.0238744 -0.0447713 2.2813 -0.0965656 -0.0909485 2.35179 -0.103041 -0.0833667 2.34964 -0.0305335 -0.0294478 2.28926 -0.0305335 -0.0294478 2.28926 -0.103041 -0.0833667 2.34964 -0.0324269 -0.0363681 2.27628 -0.021981 -0.037851 2.29429 -0.0992454 -0.0952333 2.34086 -0.0965656 -0.0909485 2.35179 -0.021981 -0.037851 2.29429 -0.0238744 -0.0447713 2.2813 -0.0992454 -0.0952333 2.34086 -0.021981 -0.037851 2.29429 -0.0965656 -0.0909485 2.35179 -0.0305335 -0.0294478 2.28926 -0.0305335 -0.0294478 2.28926 -0.0324269 -0.0363681 2.27628 -0.0238744 -0.0447713 2.2813 -0.0305335 -0.0294478 2.28926 -0.0238744 -0.0447713 2.2813 -0.021981 -0.037851 2.29429</float_array>
          <technique_common>
            <accessor count="108" source="#ID25" stride="3">
              <param name="X" type="float"/>
              <param name="Y" type="float"/>
              <param name="Z" type="float"/>
            </accessor>
          </technique_common>
        </source>
        <source id="ID26">
          <float_array count="324" id="ID27">0.8126 0.504645 -0.291574 0.8126 0.504645 -0.291574 0.8126 0.504645 -0.291574 0.8126 0.504643 -0.291576 0.8126 0.504643 -0.291576 0.8126 0.504643 -0.291576 0.526082 -0.0905843 0.845596 0.526082 -0.0905843 0.845596 0.526082 -0.0905843 0.845596 0.463139 0.0889791 0.881808 0.463139 0.0889791 0.881808 0.463139 0.0889791 0.881808 0.418966 -0.878807 -0.228399 0.418966 -0.878807 -0.228399 0.418966 -0.878807 -0.228399 -0.418291 0.879192 0.228153 -0.418291 0.879192 0.228153 -0.418291 0.879192 0.228153 -0.527832 0.0893644 -0.844634 -0.527832 0.0893644 -0.844634 -0.527832 0.0893644 -0.844634 -0.429699 -0.0706815 -0.900202 -0.429699 -0.0706815 -0.900202 -0.429699 -0.0706815 -0.900202 -0.469625 0.878448 0.0882106 -0.469625 0.878448 0.0882106 -0.469625 0.878448 0.0882106 0.166192 -0.0646694 0.983971 0.166192 -0.0646694 0.983971 0.166192 -0.0646694 0.983971 -0.421787 0.902791 0.0840488 -0.421787 0.902791 0.0840488 -0.421787 0.902791 0.0840488 -0.41794 0.906544 -0.0591981 -0.41794 0.906544 -0.0591981 -0.41794 0.906544 -0.0591981 0.508194 -0.856373 -0.0914604 0.508194 -0.856373 -0.0914604 0.508194 -0.856373 -0.0914604 0.422426 -0.902487 -0.0841036 0.422426 -0.902487 -0.0841036 0.422426 -0.902487 -0.0841036 0.1009 0.132546 0.986028 0.1009 0.132546 0.986028 0.1009 0.132546 0.986028 -0.16571 0.0649033 -0.984036 -0.16571 0.0649033 -0.984036 -0.16571 0.0649033 -0.984036 -0.0510302 -0.113372 -0.992241 -0.0510302 -0.113372 -0.992241 -0.0510302 -0.113372 -0.992241 0.459941 -0.885803 0.0617084 0.459941 -0.885803 0.0617084 0.459941 -0.885803 0.0617084 -0.117365 0.0466335 0.991993 -0.117365 0.0466335 0.991993 -0.117365 0.0466335 0.991993 0.362554 -0.930292 0.0557786 0.362554 -0.930292 0.0557786 0.362554 -0.930292 0.0557786 -0.145173 0.153403 0.977442 -0.145173 0.153403 0.977442 -0.145173 0.153403 0.977442 -0.372484 0.926323 -0.0564001 -0.372484 0.926323 -0.0564001 -0.372484 0.926323 -0.0564001 -0.314106 0.907513 -0.278848 -0.314106 0.907513 -0.278848 -0.314106 0.907513 -0.278848 0.11365 -0.048139 -0.992354 0.11365 -0.048139 -0.992354 0.11365 -0.048139 -0.992354 0.357891 -0.895808 0.263519 0.357891 -0.895808 0.263519 0.357891 -0.895808 0.263519 0.161466 -0.13936 -0.976989 0.161466 -0.13936 -0.976989 0.161466 -0.13936 -0.976989 0.643732 -0.752825 0.137342 0.643732 -0.752825 0.137342 0.643732 -0.752825 0.137342 0.309956 0.495059 0.811692 0.309956 0.495059 0.811692 0.309956 0.495059 0.811692 0.189042 0.63825 0.746258 0.189042 0.63825 0.746258 0.189042 0.63825 0.746258 -0.308881 -0.494375 -0.812518 -0.308881 -0.494375 -0.812518 -0.308881 -0.494375 -0.812518 0.703641 -0.664525 0.251588 0.703641 -0.664525 0.251588 0.703641 -0.664525 0.251588 -0.642759 0.75356 -0.13787 -0.642759 0.75356 -0.13787 -0.642759 0.75356 -0.13787 -0.673462 0.688609 -0.268826 -0.673462 0.688609 -0.268826 -0.673462 0.688609 -0.268826 -0.154513 -0.617863 -0.770955 -0.154513 -0.617863 -0.770955 -0.154513 -0.617863 -0.770955 -0.751479 -0.53044 0.392317 -0.751479 -0.53044 0.392317 -0.751479 -0.53044 0.392317 -0.751479 -0.53044 0.392317 -0.751479 -0.53044 0.392317 -0.751479 -0.53044 0.392317</float_array>
          <technique_common>
            <accessor count="108" source="#ID27" stride="3">
              <param name="X" type="float"/>
              <param name="Y" type="float"/>
              <param name="Z" type="float"/>
            </accessor>
          </technique_common>
        </source>
        <vertices id="ID28">
          <input semantic="POSITION" source="#ID24"/>
          <input semantic="NORMAL" source="#ID26"/>
        </vertices>
        <triangles count="36" material="ID16">
          <input offset="0" semantic="VERTEX" source="#ID28"/>
          <p>0 1 2 3 4 5 6 7 8 9 10 11 12 13 14 15 16 17 18 19 20 21 22 23 24 25 26 27 28 29 30 31 32 33 34 35 36 37 38 39 40 41 42 43 44 45 46 47 48 49 50 51 52 53 54 55 56 57 58 59 60 61 62 63 64 65 66 67 68 69 70 71 72 73 74 75 76 77 78 79 80 81 82 83 84 85 86 87 88 89 90 91 92 93 94 95 96 97 98 99 100 101 102 103 104 105 106 107</p>
        </triangles>
      </mesh>
    </geometry>
    <geometry id="ID29">
      <mesh>
        <source id="ID30">
          <float_array count="468" id="ID31">-0.250749 0.218475 1.98855 -0.259415 0.215415 1.98547 -0.255943 0.221109 1.98435 -0.250749 0.218475 1.98855 -0.25422 0.212781 1.98967 -0.259415 0.215415 1.98547 -0.250749 0.218475 1.98855 -0.255943 0.221109 1.98435 -0.231757 0.197476 1.913 -0.250749 0.218475 1.98855 -0.227797 0.197436 1.92196 -0.25422 0.212781 1.98967 -0.250749 0.218475 1.98855 -0.231757 0.197476 1.913 -0.227797 0.197436 1.92196 -0.259415 0.215415 1.98547 -0.234562 0.189912 1.91488 -0.255943 0.221109 1.98435 -0.259415 0.215415 1.98547 -0.230602 0.189872 1.92383 -0.234562 0.189912 1.91488 -0.25422 0.212781 1.98967 -0.230602 0.189872 1.92383 -0.259415 0.215415 1.98547 -0.255943 0.221109 1.98435 -0.234562 0.189912 1.91488 -0.231757 0.197476 1.913 -0.230602 0.189872 1.92383 -0.14624 0.148845 1.8641 -0.234562 0.189912 1.91488 -0.156002 0.151051 1.86402 -0.231757 0.197476 1.913 -0.234562 0.189912 1.91488 -0.14624 0.148845 1.8641 -0.156002 0.151051 1.86402 -0.234562 0.189912 1.91488 -0.227797 0.197436 1.92196 -0.230602 0.189872 1.92383 -0.25422 0.212781 1.98967 -0.144095 0.158267 1.86085 -0.230602 0.189872 1.92383 -0.227797 0.197436 1.92196 -0.14624 0.148845 1.8641 -0.230602 0.189872 1.92383 -0.144095 0.158267 1.86085 -0.227797 0.197436 1.92196 -0.231757 0.197476 1.913 -0.153857 0.160472 1.86077 -0.231757 0.197476 1.913 -0.156002 0.151051 1.86402 -0.153857 0.160472 1.86077 -0.153857 0.160472 1.86077 -0.144095 0.158267 1.86085 -0.227797 0.197436 1.92196 -0.14624 0.148845 1.8641 -0.150426 0.131343 1.77952 -0.156002 0.151051 1.86402 -0.156002 0.151051 1.86402 -0.159004 0.128391 1.76935 -0.153857 0.160472 1.86077 -0.150426 0.131343 1.77952 -0.159004 0.128391 1.76935 -0.156002 0.151051 1.86402 -0.144095 0.158267 1.86085 -0.148953 0.142159 1.77272 -0.14624 0.148845 1.8641 -0.148953 0.142159 1.77272 -0.150426 0.131343 1.77952 -0.14624 0.148845 1.8641 -0.153857 0.160472 1.86077 -0.157532 0.139208 1.76255 -0.144095 0.158267 1.86085 -0.153857 0.160472 1.86077 -0.159004 0.128391 1.76935 -0.157532 0.139208 1.76255 -0.144095 0.158267 1.86085 -0.157532 0.139208 1.76255 -0.148953 0.142159 1.77272 -0.157532 0.139208 1.76255 -0.159004 0.128391 1.76935 -0.0878863 0.0860013 1.69568 -0.0749969 0.0903599 1.7032 -0.0878863 0.0860013 1.69568 -0.159004 0.128391 1.76935 -0.150426 0.131343 1.77952 -0.0749969 0.0903599 1.7032 -0.159004 0.128391 1.76935 -0.157532 0.139208 1.76255 -0.0878863 0.0860013 1.69568 -0.0889949 0.0990552 1.68688 -0.157532 0.139208 1.76255 -0.0889949 0.0990552 1.68688 -0.148953 0.142159 1.77272 -0.0223903 0.0525804 1.60508 -0.0878863 0.0860013 1.69568 -0.0749969 0.0903599 1.7032 -0.0878863 0.0860013 1.69568 -0.0392347 0.0461406 1.60252 -0.0889949 0.0990552 1.68688 -0.0878863 0.0860013 1.69568 -0.0223903 0.0525804 1.60508 -0.0392347 0.0461406 1.60252 -0.150426 0.131343 1.77952 -0.0761055 0.103414 1.6944 -0.0749969 0.0903599 1.7032 -0.0761055 0.103414 1.6944 -0.150426 0.131343 1.77952 -0.148953 0.142159 1.77272 -0.0761055 0.103414 1.6944 -0.027571 0.0684265 1.59614 -0.0749969 0.0903599 1.7032 -0.0749969 0.0903599 1.7032 -0.027571 0.0684265 1.59614 -0.0223903 0.0525804 1.60508 -0.148953 0.142159 1.77272 -0.0889949 0.0990552 1.68688 -0.0761055 0.103414 1.6944 -0.0761055 0.103414 1.6944 -0.0889949 0.0990552 1.68688 -0.0444154 0.0619867 1.59357 -0.0392347 0.0461406 1.60252 -0.0444154 0.0619867 1.59357 -0.0889949 0.0990552 1.68688 -0.0444154 0.0619867 1.59357 -0.027571 0.0684265 1.59614 -0.0761055 0.103414 1.6944 -0.0392347 0.0461406 1.60252 0.00514908 -0.0175157 1.39921 -0.0444154 0.0619867 1.59357 0.0242819 -0.00642581 1.4004 -0.0392347 0.0461406 1.60252 -0.0223903 0.0525804 1.60508 0.0242819 -0.00642581 1.4004 0.00514908 -0.0175157 1.39921 -0.0392347 0.0461406 1.60252 -0.0444154 0.0619867 1.59357 -0.00464 0.000151587 1.38793 -0.027571 0.0684265 1.59614 -0.0444154 0.0619867 1.59357 0.00514908 -0.0175157 1.39921 -0.00464 0.000151587 1.38793 0.0144928 0.0112414 1.38911 -0.0223903 0.0525804 1.60508 -0.027571 0.0684265 1.59614 -0.0223903 0.0525804 1.60508 0.0144928 0.0112414 1.38911 0.0242819 -0.00642581 1.4004 -0.00464 0.000151587 1.38793 0.0144928 0.0112414 1.38911 -0.027571 0.0684265 1.59614 -0.00464 0.000151587 1.38793 0.00514908 -0.0175157 1.39921 0.0144928 0.0112414 1.38911 0.0144928 0.0112414 1.38911 0.00514908 -0.0175157 1.39921 0.0242819 -0.00642581 1.4004</float_array>
          <technique_common>
            <accessor count="156" source="#ID31" stride="3">
              <param name="X" type="float"/>
              <param name="Y" type="float"/>
              <param name="Z" type="float"/>
            </accessor>
          </technique_common>
        </source>
        <source id="ID32">
          <float_array count="468" id="ID33">0.431923 -0.42052 -0.797875 0.431923 -0.42052 -0.797875 0.431923 -0.42052 -0.797875 0.431923 -0.42052 -0.797875 0.431923 -0.42052 -0.797875 0.431923 -0.42052 -0.797875 -0.516701 -0.849548 0.106243 -0.516701 -0.849548 0.106243 -0.516701 -0.849548 0.106243 -0.812189 0.414212 -0.410826 -0.812189 0.414212 -0.410826 -0.812189 0.414212 -0.410826 -0.372349 -0.914113 0.160479 -0.372349 -0.914113 0.160479 -0.372349 -0.914113 0.160479 0.80586 -0.406468 0.43055 0.80586 -0.406468 0.43055 0.80586 -0.406468 0.43055 0.411671 0.893787 -0.177963 0.411671 0.893787 -0.177963 0.411671 0.893787 -0.177963 0.518369 0.848159 -0.109176 0.518369 0.848159 -0.109176 0.518369 0.848159 -0.109176 0.893539 -0.236913 0.381394 0.893539 -0.236913 0.381394 0.893539 -0.236913 0.381394 0.345445 0.926608 -0.148542 0.345445 0.926608 -0.148542 0.345445 0.926608 -0.148542 0.545279 0.00540833 0.838237 0.545279 0.00540833 0.838237 0.545279 0.00540833 0.838237 0.207313 0.905047 -0.371364 0.207313 0.905047 -0.371364 0.207313 0.905047 -0.371364 -0.887675 0.230471 -0.398643 -0.887675 0.230471 -0.398643 -0.887675 0.230471 -0.398643 -0.584714 0.0159448 -0.811083 -0.584714 0.0159448 -0.811083 -0.584714 0.0159448 -0.811083 -0.613999 -0.128639 -0.778754 -0.613999 -0.128639 -0.778754 -0.613999 -0.128639 -0.778754 -0.342218 -0.928035 0.147098 -0.342218 -0.928035 0.147098 -0.342218 -0.928035 0.147098 0.595728 0.137154 0.791389 0.595728 0.137154 0.791389 0.595728 0.137154 0.791389 -0.212102 -0.928548 0.304648 -0.212102 -0.928548 0.304648 -0.212102 -0.928548 0.304648 0.217063 0.953714 -0.20812 0.217063 0.953714 -0.20812 0.217063 0.953714 -0.20812 0.976362 -0.215165 0.0205305 0.976362 -0.215165 0.0205305 0.976362 -0.215165 0.0205305 -0.0606764 0.971174 -0.23052 -0.0606764 0.971174 -0.23052 -0.0606764 0.971174 -0.23052 -0.974053 0.22598 0.0123836 -0.974053 0.22598 0.0123836 -0.974053 0.22598 0.0123836 -0.98905 0.146398 0.0186521 -0.98905 0.146398 0.0186521 -0.98905 0.146398 0.0186521 -0.216803 -0.952406 0.214288 -0.216803 -0.952406 0.214288 -0.216803 -0.952406 0.214288 0.990243 -0.139179 -0.00691418 0.990243 -0.139179 -0.00691418 0.990243 -0.139179 -0.00691418 0.132882 -0.976249 0.171115 0.132882 -0.976249 0.171115 0.132882 -0.976249 0.171115 0.765407 0.264687 0.586595 0.765407 0.264687 0.586595 0.765407 0.264687 0.586595 -0.00139317 0.86617 -0.499747 -0.00139317 0.86617 -0.499747 -0.00139317 0.86617 -0.499747 0.124053 0.920125 -0.371458 0.124053 0.920125 -0.371458 0.124053 0.920125 -0.371458 0.775149 0.397172 0.491323 0.775149 0.397172 0.491323 0.775149 0.397172 0.491323 -0.126443 -0.919103 0.373177 -0.126443 -0.919103 0.373177 -0.126443 -0.919103 0.373177 -0.0791738 0.915311 -0.39489 -0.0791738 0.915311 -0.39489 -0.0791738 0.915311 -0.39489 0.891842 0.302531 0.336292 0.891842 0.302531 0.336292 0.891842 0.302531 0.336292 -0.246146 0.837961 -0.487066 -0.246146 0.837961 -0.487066 -0.246146 0.837961 -0.487066 -0.748852 -0.413097 -0.518239 -0.748852 -0.413097 -0.518239 -0.748852 -0.413097 -0.518239 -0.7679 -0.262822 -0.58417 -0.7679 -0.262822 -0.58417 -0.7679 -0.262822 -0.58417 -0.893195 -0.301094 -0.333984 -0.893195 -0.301094 -0.333984 -0.893195 -0.301094 -0.333984 -0.850927 -0.440089 -0.286784 -0.850927 -0.440089 -0.286784 -0.850927 -0.440089 -0.286784 0.0284731 -0.885194 0.464351 0.0284731 -0.885194 0.464351 0.0284731 -0.885194 0.464351 0.0760384 -0.913659 0.399307 0.0760384 -0.913659 0.399307 0.0760384 -0.913659 0.399307 0.870963 0.424463 0.247497 0.870963 0.424463 0.247497 0.870963 0.424463 0.247497 0.262591 -0.860694 0.43618 0.262591 -0.860694 0.43618 0.262591 -0.860694 0.43618 0.930058 0.355803 0.0916382 0.930058 0.355803 0.0916382 0.930058 0.355803 0.0916382 -0.29384 0.898532 -0.326033 -0.29384 0.898532 -0.326033 -0.29384 0.898532 -0.326033 -0.452228 0.818241 -0.354925 -0.452228 0.818241 -0.354925 -0.452228 0.818241 -0.354925 0.293617 -0.898292 0.326897 0.293617 -0.898292 0.326897 0.293617 -0.898292 0.326897 0.869191 0.494091 0.0195495 0.869191 0.494091 0.0195495 0.869191 0.494091 0.0195495 -0.93028 -0.355425 -0.0908404 -0.93028 -0.355425 -0.0908404 -0.93028 -0.355425 -0.0908404 -0.859862 -0.508112 -0.0495883 -0.859862 -0.508112 -0.0495883 -0.859862 -0.508112 -0.0495883 0.459714 -0.827628 0.322018 0.459714 -0.827628 0.322018 0.459714 -0.827628 0.322018 -0.285245 0.398735 0.871576 -0.285245 0.398735 0.871576 -0.285245 0.398735 0.871576 -0.285251 0.398736 0.871574 -0.285251 0.398736 0.871574 -0.285251 0.398736 0.871574</float_array>
          <technique_common>
            <accessor count="156" source="#ID33" stride="3">
              <param name="X" type="float"/>
              <param name="Y" type="float"/>
              <param name="Z" type="float"/>
            </accessor>
          </technique_common>
        </source>
        <vertices id="ID34">
          <input semantic="POSITION" source="#ID30"/>
          <input semantic="NORMAL" source="#ID32"/>
        </vertices>
        <triangles count="52" material="ID16">
          <input offset="0" semantic="VERTEX" source="#ID34"/>
          <p>0 1 2 3 4 5 6 7 8 9 10 11 12 13 14 15 16 17 18 19 20 21 22 23 24 25 26 27 28 29 30 31 32 33 34 35 36 37 38 39 40 41 42 43 44 45 46 47 48 49 50 51 52 53 54 55 56 57 58 59 60 61 62 63 64 65 66 67 68 69 70 71 72 73 74 75 76 77 78 79 80 81 82 83 84 85 86 87 88 89 90 91 92 93 94 95 96 97 98 99 100 101 102 103 104 105 106 107 108 109 110 111 112 113 114 115 116 117 118 119 120 121 122 123 124 125 126 127 128 129 130 131 132 133 134 135 136 137 138 139 140 141 142 143 144 145 146 147 148 149 150 151 152 153 154 155</p>
        </triangles>
      </mesh>
    </geometry>
    <geometry id="ID35">
      <mesh>
        <source id="ID36">
          <float_array count="180" id="ID37">-0.252105 -0.391821 1.99141 -0.247239 -0.396242 1.99139 -0.250872 -0.395343 1.98796 -0.248473 -0.39272 1.99485 -0.247239 -0.396242 1.99139 -0.252105 -0.391821 1.99141 -0.19806 -0.338041 1.92417 -0.252105 -0.391821 1.99141 -0.250872 -0.395343 1.98796 -0.202069 -0.334647 1.92924 -0.252105 -0.391821 1.99141 -0.19806 -0.338041 1.92417 -0.252105 -0.391821 1.99141 -0.202069 -0.334647 1.92924 -0.248473 -0.39272 1.99485 -0.247239 -0.396242 1.99139 -0.194217 -0.339681 1.93061 -0.250872 -0.395343 1.98796 -0.247239 -0.396242 1.99139 -0.248473 -0.39272 1.99485 -0.198226 -0.336287 1.93567 -0.198226 -0.336287 1.93567 -0.194217 -0.339681 1.93061 -0.247239 -0.396242 1.99139 -0.194217 -0.339681 1.93061 -0.19806 -0.338041 1.92417 -0.250872 -0.395343 1.98796 -0.141169 -0.255119 1.90337 -0.202069 -0.334647 1.92924 -0.19806 -0.338041 1.92417 -0.136757 -0.256584 1.91367 -0.19806 -0.338041 1.92417 -0.194217 -0.339681 1.93061 -0.19806 -0.338041 1.92417 -0.136757 -0.256584 1.91367 -0.141169 -0.255119 1.90337 -0.202069 -0.334647 1.92924 -0.198226 -0.336287 1.93567 -0.248473 -0.39272 1.99485 -0.147762 -0.249937 1.9089 -0.198226 -0.336287 1.93567 -0.202069 -0.334647 1.92924 -0.147762 -0.249937 1.9089 -0.202069 -0.334647 1.92924 -0.141169 -0.255119 1.90337 -0.194217 -0.339681 1.93061 -0.198226 -0.336287 1.93567 -0.14335 -0.251402 1.9192 -0.136757 -0.256584 1.91367 -0.194217 -0.339681 1.93061 -0.14335 -0.251402 1.9192 -0.147762 -0.249937 1.9089 -0.14335 -0.251402 1.9192 -0.198226 -0.336287 1.93567 -0.147762 -0.249937 1.9089 -0.141169 -0.255119 1.90337 -0.136757 -0.256584 1.91367 -0.147762 -0.249937 1.9089 -0.136757 -0.256584 1.91367 -0.14335 -0.251402 1.9192</float_array>
          <technique_common>
            <accessor count="60" source="#ID37" stride="3">
              <param name="X" type="float"/>
              <param name="Y" type="float"/>
              <param name="Z" type="float"/>
            </accessor>
          </technique_common>
        </source>
        <source id="ID38">
          <float_array count="180" id="ID39">0.59678 0.658603 -0.458362 0.59678 0.658603 -0.458362 0.59678 0.658603 -0.458362 0.596781 0.658604 -0.45836 0.596781 0.658604 -0.45836 0.596781 0.658604 -0.45836 0.836481 -0.205431 0.508034 0.836481 -0.205431 0.508034 0.836481 -0.205431 0.508034 0.78194 -0.00648229 0.62332 0.78194 -0.00648229 0.62332 0.78194 -0.00648229 0.62332 0.286009 -0.80891 -0.513676 0.286009 -0.80891 -0.513676 0.286009 -0.80891 -0.513676 -0.281831 0.812558 0.510216 -0.281831 0.812558 0.510216 -0.281831 0.812558 0.510216 -0.834548 0.208138 -0.510107 -0.834548 0.208138 -0.510107 -0.834548 0.208138 -0.510107 -0.77065 0.0388204 -0.636075 -0.77065 0.0388204 -0.636075 -0.77065 0.0388204 -0.636075 -0.371213 0.822276 0.431351 -0.371213 0.822276 0.431351 -0.371213 0.822276 0.431351 0.65628 -0.273874 0.703057 0.65628 -0.273874 0.703057 0.65628 -0.273874 0.703057 -0.645286 0.553484 0.526556 -0.645286 0.553484 0.526556 -0.645286 0.553484 0.526556 -0.711732 0.585624 0.38792 -0.711732 0.585624 0.38792 -0.711732 0.585624 0.38792 0.39068 -0.808803 -0.439553 0.39068 -0.808803 -0.439553 0.39068 -0.808803 -0.439553 0.651625 -0.544542 -0.528071 0.651625 -0.544542 -0.528071 0.651625 -0.544542 -0.528071 0.556672 -0.161206 0.814941 0.556672 -0.161206 0.814941 0.556672 -0.161206 0.814941 -0.650219 0.283631 -0.704818 -0.650219 0.283631 -0.704818 -0.650219 0.283631 -0.704818 -0.532216 0.200432 -0.82254 -0.532216 0.200432 -0.82254 -0.532216 0.200432 -0.82254 0.73547 -0.551747 -0.393267 0.73547 -0.551747 -0.393267 0.73547 -0.551747 -0.393267 -0.550456 -0.82646 0.11816 -0.550456 -0.82646 0.11816 -0.550456 -0.82646 0.11816 -0.550457 -0.82646 0.118161 -0.550457 -0.82646 0.118161 -0.550457 -0.82646 0.118161</float_array>
          <technique_common>
            <accessor count="60" source="#ID39" stride="3">
              <param name="X" type="float"/>
              <param name="Y" type="float"/>
              <param name="Z" type="float"/>
            </accessor>
          </technique_common>
        </source>
        <vertices id="ID40">
          <input semantic="POSITION" source="#ID36"/>
          <input semantic="NORMAL" source="#ID38"/>
        </vertices>
        <triangles count="20" material="ID16">
          <input offset="0" semantic="VERTEX" source="#ID40"/>
          <p>0 1 2 3 4 5 6 7 8 9 10 11 12 13 14 15 16 17 18 19 20 21 22 23 24 25 26 27 28 29 30 31 32 33 34 35 36 37 38 39 40 41 42 43 44 45 46 47 48 49 50 51 52 53 54 55 56 57 58 59</p>
        </triangles>
      </mesh>
    </geometry>
    <geometry id="ID41">
      <mesh>
        <source id="ID42">
          <float_array count="468" id="ID43">-0.208465 -0.363675 2.11362 -0.213567 -0.360961 2.11296 -0.211506 -0.356488 2.11678 -0.192977 -0.344636 2.06635 -0.213567 -0.360961 2.11296 -0.208465 -0.363675 2.11362 -0.206405 -0.359202 2.11744 -0.208465 -0.363675 2.11362 -0.211506 -0.356488 2.11678 -0.190916 -0.337902 2.06852 -0.192977 -0.344636 2.06635 -0.208465 -0.363675 2.11362 -0.208465 -0.363675 2.11362 -0.206405 -0.359202 2.11744 -0.190916 -0.337902 2.06852 -0.211506 -0.356488 2.11678 -0.213567 -0.360961 2.11296 -0.199649 -0.34221 2.0645 -0.213567 -0.360961 2.11296 -0.192977 -0.344636 2.06635 -0.199649 -0.34221 2.0645 -0.197588 -0.335476 2.06666 -0.211506 -0.356488 2.11678 -0.199649 -0.34221 2.0645 -0.211506 -0.356488 2.11678 -0.197588 -0.335476 2.06666 -0.206405 -0.359202 2.11744 -0.192977 -0.344636 2.06635 -0.173927 -0.333981 1.99084 -0.199649 -0.34221 2.0645 -0.197588 -0.335476 2.06666 -0.199649 -0.34221 2.0645 -0.182422 -0.332219 1.98757 -0.199649 -0.34221 2.0645 -0.173927 -0.333981 1.99084 -0.182422 -0.332219 1.98757 -0.174726 -0.327887 1.99915 -0.192977 -0.344636 2.06635 -0.190916 -0.337902 2.06852 -0.174726 -0.327887 1.99915 -0.173927 -0.333981 1.99084 -0.192977 -0.344636 2.06635 -0.197588 -0.335476 2.06666 -0.190916 -0.337902 2.06852 -0.206405 -0.359202 2.11744 -0.197588 -0.335476 2.06666 -0.183222 -0.326125 1.99587 -0.190916 -0.337902 2.06852 -0.183222 -0.326125 1.99587 -0.197588 -0.335476 2.06666 -0.182422 -0.332219 1.98757 -0.190916 -0.337902 2.06852 -0.183222 -0.326125 1.99587 -0.174726 -0.327887 1.99915 -0.173927 -0.333981 1.99084 -0.135607 -0.257421 1.90924 -0.182422 -0.332219 1.98757 -0.145821 -0.25642 1.90325 -0.183222 -0.326125 1.99587 -0.182422 -0.332219 1.98757 -0.182422 -0.332219 1.98757 -0.135607 -0.257421 1.90924 -0.145821 -0.25642 1.90325 -0.138701 -0.250115 1.91933 -0.173927 -0.333981 1.99084 -0.174726 -0.327887 1.99915 -0.138701 -0.250115 1.91933 -0.135607 -0.257421 1.90924 -0.173927 -0.333981 1.99084 -0.183222 -0.326125 1.99587 -0.148915 -0.249114 1.91333 -0.174726 -0.327887 1.99915 -0.183222 -0.326125 1.99587 -0.145821 -0.25642 1.90325 -0.148915 -0.249114 1.91333 -0.148915 -0.249114 1.91333 -0.138701 -0.250115 1.91933 -0.174726 -0.327887 1.99915 -0.148915 -0.249114 1.91333 -0.145821 -0.25642 1.90325 -0.0986458 -0.152986 1.80498 -0.135607 -0.257421 1.90924 -0.0865501 -0.152214 1.81412 -0.145821 -0.25642 1.90325 -0.145821 -0.25642 1.90325 -0.0865501 -0.152214 1.81412 -0.0986458 -0.152986 1.80498 -0.138701 -0.250115 1.91933 -0.148915 -0.249114 1.91333 -0.104255 -0.142876 1.81519 -0.148915 -0.249114 1.91333 -0.0986458 -0.152986 1.80498 -0.104255 -0.142876 1.81519 -0.0921591 -0.142104 1.82433 -0.135607 -0.257421 1.90924 -0.138701 -0.250115 1.91933 -0.0865501 -0.152214 1.81412 -0.135607 -0.257421 1.90924 -0.0921591 -0.142104 1.82433 -0.104255 -0.142876 1.81519 -0.0921591 -0.142104 1.82433 -0.138701 -0.250115 1.91933 -0.0581808 -0.0732157 1.71237 -0.104255 -0.142876 1.81519 -0.0986458 -0.152986 1.80498 -0.0865501 -0.152214 1.81412 -0.0430026 -0.0676461 1.72137 -0.0986458 -0.152986 1.80498 -0.0986458 -0.152986 1.80498 -0.0430026 -0.0676461 1.72137 -0.0581808 -0.0732157 1.71237 -0.0921591 -0.142104 1.82433 -0.104255 -0.142876 1.81519 -0.0655607 -0.0574757 1.71657 -0.104255 -0.142876 1.81519 -0.0581808 -0.0732157 1.71237 -0.0655607 -0.0574757 1.71657 -0.0865501 -0.152214 1.81412 -0.0921591 -0.142104 1.82433 -0.0503825 -0.0519061 1.72557 -0.0503825 -0.0519061 1.72557 -0.0430026 -0.0676461 1.72137 -0.0865501 -0.152214 1.81412 -0.0655607 -0.0574757 1.71657 -0.0503825 -0.0519061 1.72557 -0.0921591 -0.142104 1.82433 -0.00264191 -0.0173571 1.51285 -0.0655607 -0.0574757 1.71657 -0.0581808 -0.0732157 1.71237 -0.0430026 -0.0676461 1.72137 0.0144407 -0.00708425 1.52484 -0.0581808 -0.0732157 1.71237 0.0144407 -0.00708425 1.52484 -0.00264191 -0.0173571 1.51285 -0.0581808 -0.0732157 1.71237 -0.0503825 -0.0519061 1.72557 -0.0655607 -0.0574757 1.71657 -0.0150212 0.000810034 1.51606 -0.0655607 -0.0574757 1.71657 -0.00264191 -0.0173571 1.51285 -0.0150212 0.000810034 1.51606 0.00206142 0.0110829 1.52806 -0.0430026 -0.0676461 1.72137 -0.0503825 -0.0519061 1.72557 0.00206142 0.0110829 1.52806 0.0144407 -0.00708425 1.52484 -0.0430026 -0.0676461 1.72137 -0.0150212 0.000810034 1.51606 0.00206142 0.0110829 1.52806 -0.0503825 -0.0519061 1.72557 0.0144407 -0.00708425 1.52484 -0.0150212 0.000810034 1.51606 -0.00264191 -0.0173571 1.51285 0.0144407 -0.00708425 1.52484 0.00206142 0.0110829 1.52806 -0.0150212 0.000810034 1.51606</float_array>
          <technique_common>
            <accessor count="156" source="#ID43" stride="3">
              <param name="X" type="float"/>
              <param name="Y" type="float"/>
              <param name="Z" type="float"/>
            </accessor>
          </technique_common>
        </source>
        <source id="ID44">
          <float_array count="468" id="ID45">0.367607 0.500699 -0.783687 0.367607 0.500699 -0.783687 0.367607 0.500699 -0.783687 0.373556 0.811528 0.449309 0.373556 0.811528 0.449309 0.373556 0.811528 0.449309 0.367607 0.500699 -0.783687 0.367607 0.500699 -0.783687 0.367607 0.500699 -0.783687 -0.926318 0.337388 -0.167642 -0.926318 0.337388 -0.167642 -0.926318 0.337388 -0.167642 -0.880029 0.469059 -0.0743894 -0.880029 0.469059 -0.0743894 -0.880029 0.469059 -0.0743894 0.881012 -0.467566 0.0721132 0.881012 -0.467566 0.0721132 0.881012 -0.467566 0.0721132 0.210998 0.889695 0.404873 0.210998 0.889695 0.404873 0.210998 0.889695 0.404873 0.937118 -0.326483 0.123366 0.937118 -0.326483 0.123366 0.937118 -0.326483 0.123366 -0.374995 -0.813202 -0.445062 -0.374995 -0.813202 -0.445062 -0.374995 -0.813202 -0.445062 0.283971 0.936914 0.203843 0.283971 0.936914 0.203843 0.283971 0.936914 0.203843 0.927303 -0.336504 0.163934 0.927303 -0.336504 0.163934 0.927303 -0.336504 0.163934 0.141469 0.977159 0.158575 0.141469 0.977159 0.158575 0.141469 0.977159 0.158575 -0.926356 0.337354 -0.167499 -0.926356 0.337354 -0.167499 -0.926356 0.337354 -0.167499 -0.960739 0.171367 -0.218205 -0.960739 0.171367 -0.218205 -0.960739 0.171367 -0.218205 -0.195183 -0.87513 -0.442776 -0.195183 -0.87513 -0.442776 -0.195183 -0.87513 -0.442776 -0.290576 -0.939184 -0.183028 -0.290576 -0.939184 -0.183028 -0.290576 -0.939184 -0.183028 0.97589 -0.12024 0.182154 0.97589 -0.12024 0.182154 0.97589 -0.12024 0.182154 -0.135761 -0.975603 -0.172536 -0.135761 -0.975603 -0.172536 -0.135761 -0.975603 -0.172536 -0.0979718 0.748328 0.656054 -0.0979718 0.748328 0.656054 -0.0979718 0.748328 0.656054 0.951582 -0.196903 0.236052 0.951582 -0.196903 0.236052 0.951582 -0.196903 0.236052 -0.264008 0.771466 0.578912 -0.264008 0.771466 0.578912 -0.264008 0.771466 0.578912 -0.951259 0.197749 -0.236645 -0.951259 0.197749 -0.236645 -0.951259 0.197749 -0.236645 -0.93161 0.091285 -0.35181 -0.93161 0.091285 -0.35181 -0.93161 0.091285 -0.35181 0.0983533 -0.74769 -0.656724 0.0983533 -0.74769 -0.656724 0.0983533 -0.74769 -0.656724 0.940783 -0.0618616 0.333316 0.940783 -0.0618616 0.333316 0.940783 -0.0618616 0.333316 0.279964 -0.747711 -0.60212 0.279964 -0.747711 -0.60212 0.279964 -0.747711 -0.60212 0.931725 -0.090936 0.351596 0.931725 -0.090936 0.351596 0.931725 -0.090936 0.351596 -0.301526 0.712944 0.633082 -0.301526 0.712944 0.633082 -0.301526 0.712944 0.633082 -0.450395 0.714295 0.535656 -0.450395 0.714295 0.535656 -0.450395 0.714295 0.535656 0.301924 -0.712287 -0.633631 0.301924 -0.712287 -0.633631 0.301924 -0.712287 -0.633631 0.892086 0.040736 0.450026 0.892086 0.040736 0.450026 0.892086 0.040736 0.450026 -0.931468 0.0917113 -0.352075 -0.931468 0.0917113 -0.352075 -0.931468 0.0917113 -0.352075 -0.882137 -0.0142777 -0.470777 -0.882137 -0.0142777 -0.470777 -0.882137 -0.0142777 -0.470777 0.46431 -0.689249 -0.556194 0.46431 -0.689249 -0.556194 0.46431 -0.689249 -0.556194 0.896874 0.0546228 0.4389 0.896874 0.0546228 0.4389 0.896874 0.0546228 0.4389 -0.422188 0.759762 0.494489 -0.422188 0.759762 0.494489 -0.422188 0.759762 0.494489 -0.52021 0.746199 0.415414 -0.52021 0.746199 0.415414 -0.52021 0.746199 0.415414 0.42148 -0.760817 -0.49347 0.42148 -0.760817 -0.49347 0.42148 -0.760817 -0.49347 0.814322 0.240855 0.52808 0.814322 0.240855 0.52808 0.814322 0.240855 0.52808 -0.898576 -0.0597855 -0.434726 -0.898576 -0.0597855 -0.434726 -0.898576 -0.0597855 -0.434726 -0.791369 -0.218656 -0.570898 -0.791369 -0.218656 -0.570898 -0.791369 -0.218656 -0.570898 0.527698 -0.726438 -0.440253 0.527698 -0.726438 -0.440253 0.527698 -0.726438 -0.440253 0.883864 0.324495 0.33688 0.883864 0.324495 0.33688 0.883864 0.324495 0.33688 -0.419242 0.894853 0.153215 -0.419242 0.894853 0.153215 -0.419242 0.894853 0.153215 -0.553471 0.8292 0.0780811 -0.553471 0.8292 0.0780811 -0.553471 0.8292 0.0780811 0.419701 -0.894464 -0.154226 0.419701 -0.894464 -0.154226 0.419701 -0.894464 -0.154226 0.803216 0.48642 0.34386 0.803216 0.48642 0.34386 0.803216 0.48642 0.34386 -0.883602 -0.324077 -0.337966 -0.883602 -0.324077 -0.337966 -0.883602 -0.324077 -0.337966 -0.794723 -0.474496 -0.378507 -0.794723 -0.474496 -0.378507 -0.794723 -0.474496 -0.378507 0.567599 -0.815989 -0.109518 0.567599 -0.815989 -0.109518 0.567599 -0.815989 -0.109518 -0.357746 -0.393744 0.846748 -0.357746 -0.393744 0.846748 -0.357746 -0.393744 0.846748 -0.357746 -0.393744 0.846748 -0.357746 -0.393744 0.846748 -0.357746 -0.393744 0.846748</float_array>
          <technique_common>
            <accessor count="156" source="#ID45" stride="3">
              <param name="X" type="float"/>
              <param name="Y" type="float"/>
              <param name="Z" type="float"/>
            </accessor>
          </technique_common>
        </source>
        <vertices id="ID46">
          <input semantic="POSITION" source="#ID42"/>
          <input semantic="NORMAL" source="#ID44"/>
        </vertices>
        <triangles count="52" material="ID16">
          <input offset="0" semantic="VERTEX" source="#ID46"/>
          <p>0 1 2 3 4 5 6 7 8 9 10 11 12 13 14 15 16 17 18 19 20 21 22 23 24 25 26 27 28 29 30 31 32 33 34 35 36 37 38 39 40 41 42 43 44 45 46 47 48 49 50 51 52 53 54 55 56 57 58 59 60 61 62 63 64 65 66 67 68 69 70 71 72 73 74 75 76 77 78 79 80 81 82 83 84 85 86 87 88 89 90 91 92 93 94 95 96 97 98 99 100 101 102 103 104 105 106 107 108 109 110 111 112 113 114 115 116 117 118 119 120 121 122 123 124 125 126 127 128 129 130 131 132 133 134 135 136 137 138 139 140 141 142 143 144 145 146 147 148 149 150 151 152 153 154 155</p>
        </triangles>
      </mesh>
    </geometry>
    <geometry id="ID47">
      <mesh>
        <source id="ID48">
          <float_array count="252" id="ID49">0.0792861 -0.0598921 1.19566 0.0802001 -0.116939 1.30483 0.0863521 -0.0687279 1.18861 0.0802001 -0.116939 1.30483 0.0792861 -0.0598921 1.19566 0.088289 -0.114021 1.30746 0.0968401 -0.0629372 1.19366 0.0792861 -0.0598921 1.19566 0.0863521 -0.0687279 1.18861 0.088289 -0.114021 1.30746 0.0792861 -0.0598921 1.19566 0.089774 -0.0541013 1.20071 0.0968401 -0.0629372 1.19366 0.089774 -0.0541013 1.20071 0.0792861 -0.0598921 1.19566 0.0802001 -0.116939 1.30483 0.0837964 -0.123734 1.29935 0.0863521 -0.0687279 1.18861 0.096742 -0.119682 1.43081 0.0802001 -0.116939 1.30483 0.088289 -0.114021 1.30746 0.0907753 -0.121304 1.43134 0.0837964 -0.123734 1.29935 0.0802001 -0.116939 1.30483 0.0907753 -0.121304 1.43134 0.0802001 -0.116939 1.30483 0.096742 -0.119682 1.43081 0.0837964 -0.123734 1.29935 0.0968401 -0.0629372 1.19366 0.0863521 -0.0687279 1.18861 0.089774 -0.0541013 1.20071 0.0918853 -0.120816 1.30198 0.088289 -0.114021 1.30746 0.098338 -0.125657 1.43031 0.096742 -0.119682 1.43081 0.088289 -0.114021 1.30746 0.088289 -0.114021 1.30746 0.0918853 -0.120816 1.30198 0.098338 -0.125657 1.43031 0.0968401 -0.0629372 1.19366 0.0918853 -0.120816 1.30198 0.089774 -0.0541013 1.20071 0.0968401 -0.0629372 1.19366 0.0837964 -0.123734 1.29935 0.0918853 -0.120816 1.30198 0.0907753 -0.121304 1.43134 0.0923713 -0.127279 1.43084 0.0837964 -0.123734 1.29935 0.0923713 -0.127279 1.43084 0.0918853 -0.120816 1.30198 0.0837964 -0.123734 1.29935 0.0907753 -0.121304 1.43134 0.096742 -0.119682 1.43081 0.09112 -0.186786 1.51267 0.0907753 -0.121304 1.43134 0.0868022 -0.186839 1.51215 0.0923713 -0.127279 1.43084 0.09112 -0.186786 1.51267 0.0868022 -0.186839 1.51215 0.0907753 -0.121304 1.43134 0.096742 -0.119682 1.43081 0.0914557 -0.189837 1.50885 0.09112 -0.186786 1.51267 0.096742 -0.119682 1.43081 0.098338 -0.125657 1.43031 0.0914557 -0.189837 1.50885 0.0923713 -0.127279 1.43084 0.098338 -0.125657 1.43031 0.0918853 -0.120816 1.30198 0.0923713 -0.127279 1.43084 0.0868022 -0.186839 1.51215 0.0871379 -0.18989 1.50833 0.098338 -0.125657 1.43031 0.0923713 -0.127279 1.43084 0.0871379 -0.18989 1.50833 0.0914557 -0.189837 1.50885 0.0871379 -0.18989 1.50833 0.0868022 -0.186839 1.51215 0.098338 -0.125657 1.43031 0.0871379 -0.18989 1.50833 0.0914557 -0.189837 1.50885 0.0914557 -0.189837 1.50885 0.0868022 -0.186839 1.51215 0.09112 -0.186786 1.51267</float_array>
          <technique_common>
            <accessor count="84" source="#ID49" stride="3">
              <param name="X" type="float"/>
              <param name="Y" type="float"/>
              <param name="Z" type="float"/>
            </accessor>
          </technique_common>
        </source>
        <source id="ID50">
          <float_array count="252" id="ID51">0.842917 0.479728 0.243621 0.842917 0.479728 0.243621 0.842917 0.479728 0.243621 0.42583 -0.800452 -0.421835 0.42583 -0.800452 -0.421835 0.42583 -0.800452 -0.421835 -0.0223 -0.634329 0.772741 -0.0223 -0.634329 0.772741 -0.0223 -0.634329 0.772741 0.58222 -0.712401 -0.391798 0.58222 -0.712401 -0.391798 0.58222 -0.712401 -0.391798 -0.0222972 -0.634319 0.77275 -0.0222972 -0.634319 0.77275 -0.0222972 -0.634319 0.77275 0.922636 0.336507 0.188429 0.922636 0.336507 0.188429 0.922636 0.336507 0.188429 0.357826 -0.931363 -0.0672588 0.357826 -0.931363 -0.0672588 0.357826 -0.931363 -0.0672588 0.863556 0.501256 -0.0548907 0.863556 0.501256 -0.0548907 0.863556 0.501256 -0.0548907 0.257436 -0.96474 -0.054804 0.257436 -0.96474 -0.054804 0.257436 -0.96474 -0.054804 -0.57683 0.736819 0.352653 -0.57683 0.736819 0.352653 -0.57683 0.736819 0.352653 -0.923271 -0.329356 -0.197724 -0.923271 -0.329356 -0.197724 -0.923271 -0.329356 -0.197724 -0.963584 -0.261896 0.0540118 -0.963584 -0.261896 0.0540118 -0.963584 -0.261896 0.0540118 -0.874832 -0.483742 0.0257408 -0.874832 -0.483742 0.0257408 -0.874832 -0.483742 0.0257408 -0.84626 -0.452839 -0.280678 -0.84626 -0.452839 -0.280678 -0.84626 -0.452839 -0.280678 -0.424632 0.806451 0.411491 -0.424632 0.806451 0.411491 -0.424632 0.806451 0.411491 0.963453 0.262009 -0.0557679 0.963453 0.262009 -0.0557679 0.963453 0.262009 -0.0557679 -0.352755 0.934474 0.0482008 -0.352755 0.934474 0.0482008 -0.352755 0.934474 0.0482008 0.154249 -0.769281 -0.620011 0.154249 -0.769281 -0.620011 0.154249 -0.769281 -0.620011 0.943834 0.232401 0.234879 0.943834 0.232401 0.234879 0.943834 0.232401 0.234879 0.0853328 -0.775905 -0.625052 0.0853328 -0.775905 -0.625052 0.0853328 -0.775905 -0.625052 -0.996873 -0.0118039 -0.0781389 -0.996873 -0.0118039 -0.0781389 -0.996873 -0.0118039 -0.0781389 -0.936156 -0.227573 -0.267996 -0.936156 -0.227573 -0.267996 -0.936156 -0.227573 -0.267996 -0.257959 0.964894 0.0493691 -0.257959 0.964894 0.0493691 -0.257959 0.964894 0.0493691 0.996912 0.0126015 0.0775107 0.996912 0.0126015 0.0775107 0.996912 0.0126015 0.0775107 -0.155875 0.773437 0.614408 -0.155875 0.773437 0.614408 -0.155875 0.773437 0.614408 0.0655013 0.782684 -0.618963 0.0655013 0.782684 -0.618963 0.0655013 0.782684 -0.618963 -0.0853978 0.775171 0.625953 -0.0853978 0.775171 0.625953 -0.0853978 0.775171 0.625953 0.0655328 0.782703 -0.618936 0.0655328 0.782703 -0.618936 0.0655328 0.782703 -0.618936</float_array>
          <technique_common>
            <accessor count="84" source="#ID51" stride="3">
              <param name="X" type="float"/>
              <param name="Y" type="float"/>
              <param name="Z" type="float"/>
            </accessor>
          </technique_common>
        </source>
        <vertices id="ID52">
          <input semantic="POSITION" source="#ID48"/>
          <input semantic="NORMAL" source="#ID50"/>
        </vertices>
        <triangles count="28" material="ID16">
          <input offset="0" semantic="VERTEX" source="#ID52"/>
          <p>0 1 2 3 4 5 6 7 8 9 10 11 12 13 14 15 16 17 18 19 20 21 22 23 24 25 26 27 28 29 30 31 32 33 34 35 36 37 38 39 40 41 42 43 44 45 46 47 48 49 50 51 52 53 54 55 56 57 58 59 60 61 62 63 64 65 66 67 68 69 70 71 72 73 74 75 76 77 78 79 80 81 82 83</p>
        </triangles>
      </mesh>
    </geometry>
    <geometry id="ID53">
      <mesh>
        <source id="ID54">
          <float_array count="108" id="ID55">0.400434 -0.0268473 1.66984 0.394637 -0.0336125 1.66886 0.396443 -0.0297971 1.67473 0.400434 -0.0268473 1.66984 0.398627 -0.0306627 1.66397 0.394637 -0.0336125 1.66886 0.400434 -0.0268473 1.66984 0.396443 -0.0297971 1.67473 0.474089 -0.0929034 1.70133 0.472283 -0.0967188 1.69546 0.398627 -0.0306627 1.66397 0.400434 -0.0268473 1.66984 0.474089 -0.0929034 1.70133 0.472283 -0.0967188 1.69546 0.400434 -0.0268473 1.66984 0.394637 -0.0336125 1.66886 0.468292 -0.0996686 1.70035 0.396443 -0.0297971 1.67473 0.394637 -0.0336125 1.66886 0.472283 -0.0967188 1.69546 0.468292 -0.0996686 1.70035 0.394637 -0.0336125 1.66886 0.398627 -0.0306627 1.66397 0.472283 -0.0967188 1.69546 0.468292 -0.0996686 1.70035 0.470099 -0.0958532 1.70622 0.396443 -0.0297971 1.67473 0.474089 -0.0929034 1.70133 0.396443 -0.0297971 1.67473 0.470099 -0.0958532 1.70622 0.468292 -0.0996686 1.70035 0.472283 -0.0967188 1.69546 0.474089 -0.0929034 1.70133 0.470099 -0.0958532 1.70622 0.468292 -0.0996686 1.70035 0.474089 -0.0929034 1.70133</float_array>
          <technique_common>
            <accessor count="36" source="#ID55" stride="3">
              <param name="X" type="float"/>
              <param name="Y" type="float"/>
              <param name="Z" type="float"/>
            </accessor>
          </technique_common>
        </source>
        <source id="ID56">
          <float_array count="108" id="ID57">-0.729319 0.654074 -0.2007 -0.729319 0.654074 -0.2007 -0.729319 0.654074 -0.2007 -0.72932 0.654074 -0.200695 -0.72932 0.654074 -0.200695 -0.72932 0.654074 -0.200695 0.318891 0.673466 0.666897 0.318891 0.673466 0.666897 0.318891 0.673466 0.666897 0.679152 0.502062 -0.535431 0.679152 0.502062 -0.535431 0.679152 0.502062 -0.535431 0.679147 0.502052 -0.535446 0.679147 0.502052 -0.535446 0.679147 0.502052 -0.535446 -0.679149 -0.502058 0.535439 -0.679149 -0.502058 0.535439 -0.679149 -0.502058 0.535439 -0.318884 -0.673462 -0.666905 -0.318884 -0.673462 -0.666905 -0.318884 -0.673462 -0.666905 -0.318898 -0.673471 -0.666889 -0.318898 -0.673471 -0.666889 -0.318898 -0.673471 -0.666889 -0.679153 -0.502067 0.535424 -0.679153 -0.502067 0.535424 -0.679153 -0.502067 0.535424 0.318905 0.673476 0.666881 0.318905 0.673476 0.666881 0.318905 0.673476 0.666881 0.729318 -0.654074 0.200704 0.729318 -0.654074 0.200704 0.729318 -0.654074 0.200704 0.729321 -0.654075 0.200691 0.729321 -0.654075 0.200691 0.729321 -0.654075 0.200691</float_array>
          <technique_common>
            <accessor count="36" source="#ID57" stride="3">
              <param name="X" type="float"/>
              <param name="Y" type="float"/>
              <param name="Z" type="float"/>
            </accessor>
          </technique_common>
        </source>
        <vertices id="ID58">
          <input semantic="POSITION" source="#ID54"/>
          <input semantic="NORMAL" source="#ID56"/>
        </vertices>
        <triangles count="12" material="ID16">
          <input offset="0" semantic="VERTEX" source="#ID58"/>
          <p>0 1 2 3 4 5 6 7 8 9 10 11 12 13 14 15 16 17 18 19 20 21 22 23 24 25 26 27 28 29 30 31 32 33 34 35</p>
        </triangles>
      </mesh>
    </geometry>
    <geometry id="ID59">
      <mesh>
        <source id="ID60">
          <float_array count="108" id="ID61">0.379827 0.0156835 1.75941 0.378743 0.0244058 1.75734 0.374981 0.0197319 1.75984 0.383589 0.0203573 1.75692 0.378743 0.0244058 1.75734 0.379827 0.0156835 1.75941 0.379827 0.0156835 1.75941 0.374981 0.0197319 1.75984 0.39844 0.0317873 1.84998 0.379827 0.0156835 1.75941 0.39844 0.0317873 1.84998 0.402202 0.0364611 1.84749 0.383589 0.0203573 1.75692 0.379827 0.0156835 1.75941 0.402202 0.0364611 1.84749 0.397356 0.0405095 1.84792 0.374981 0.0197319 1.75984 0.378743 0.0244058 1.75734 0.397356 0.0405095 1.84792 0.378743 0.0244058 1.75734 0.402202 0.0364611 1.84749 0.402202 0.0364611 1.84749 0.378743 0.0244058 1.75734 0.383589 0.0203573 1.75692 0.397356 0.0405095 1.84792 0.393594 0.0358357 1.85041 0.374981 0.0197319 1.75984 0.39844 0.0317873 1.84998 0.374981 0.0197319 1.75984 0.393594 0.0358357 1.85041 0.39844 0.0317873 1.84998 0.393594 0.0358357 1.85041 0.397356 0.0405095 1.84792 0.402202 0.0364611 1.84749 0.39844 0.0317873 1.84998 0.397356 0.0405095 1.84792</float_array>
          <technique_common>
            <accessor count="36" source="#ID61" stride="3">
              <param name="X" type="float"/>
              <param name="Y" type="float"/>
              <param name="Z" type="float"/>
            </accessor>
          </technique_common>
        </source>
        <source id="ID62">
          <float_array count="108" id="ID63">0.294087 0.254446 0.921287 0.294087 0.254446 0.921287 0.294087 0.254446 0.921287 0.294092 0.254446 0.921286 0.294092 0.254446 0.921286 0.294092 0.254446 0.921286 0.605768 0.752554 -0.258277 0.605768 0.752554 -0.258277 0.605768 0.752554 -0.258277 -0.766732 0.640479 0.043685 -0.766732 0.640479 0.043685 -0.766732 0.640479 0.043685 -0.766733 0.640478 0.0436852 -0.766733 0.640478 0.0436852 -0.766733 0.640478 0.0436852 0.766734 -0.640477 -0.0436865 0.766734 -0.640477 -0.0436865 0.766734 -0.640477 -0.0436865 -0.605773 -0.752551 0.258277 -0.605773 -0.752551 0.258277 -0.605773 -0.752551 0.258277 -0.605776 -0.752548 0.258277 -0.605776 -0.752548 0.258277 -0.605776 -0.752548 0.258277 0.76673 -0.640482 -0.0436843 0.76673 -0.640482 -0.0436843 0.76673 -0.640482 -0.0436843 0.60577 0.752553 -0.258277 0.60577 0.752553 -0.258277 0.60577 0.752553 -0.258277 -0.294099 -0.254459 -0.92128 -0.294099 -0.254459 -0.92128 -0.294099 -0.254459 -0.92128 -0.294101 -0.254459 -0.921279 -0.294101 -0.254459 -0.921279 -0.294101 -0.254459 -0.921279</float_array>
          <technique_common>
            <accessor count="36" source="#ID63" stride="3">
              <param name="X" type="float"/>
              <param name="Y" type="float"/>
              <param name="Z" type="float"/>
            </accessor>
          </technique_common>
        </source>
        <vertices id="ID64">
          <input semantic="POSITION" source="#ID60"/>
          <input semantic="NORMAL" source="#ID62"/>
        </vertices>
        <triangles count="12" material="ID16">
          <input offset="0" semantic="VERTEX" source="#ID64"/>
          <p>0 1 2 3 4 5 6 7 8 9 10 11 12 13 14 15 16 17 18 19 20 21 22 23 24 25 26 27 28 29 30 31 32 33 34 35</p>
        </triangles>
      </mesh>
    </geometry>
    <geometry id="ID65">
      <mesh>
        <source id="ID66">
          <float_array count="318" id="ID67">0.00688691 0.389734 1.88797 0.0122358 0.392395 1.88724 0.00495832 0.392522 1.8818 0.0122358 0.392395 1.88724 0.00688691 0.389734 1.88797 0.0356468 0.339415 1.83801 0.00495832 0.392522 1.8818 0.0293116 0.336589 1.84056 0.00688691 0.389734 1.88797 0.00688691 0.389734 1.88797 0.0293116 0.336589 1.84056 0.0356468 0.339415 1.83801 0.0122358 0.392395 1.88724 0.0103072 0.395183 1.88107 0.00495832 0.392522 1.8818 0.0103072 0.395183 1.88107 0.0122358 0.392395 1.88724 0.0337027 0.338753 1.82937 0.0122358 0.392395 1.88724 0.0356468 0.339415 1.83801 0.0337027 0.338753 1.82937 0.0273675 0.335927 1.83192 0.0293116 0.336589 1.84056 0.00495832 0.392522 1.8818 0.00495832 0.392522 1.8818 0.0103072 0.395183 1.88107 0.0273675 0.335927 1.83192 0.0293116 0.336589 1.84056 0.0273675 0.335927 1.83192 0.0649949 0.256093 1.83739 0.0356468 0.339415 1.83801 0.0293116 0.336589 1.84056 0.071094 0.261687 1.83399 0.071094 0.261687 1.83399 0.0293116 0.336589 1.84056 0.0649949 0.256093 1.83739 0.0273675 0.335927 1.83192 0.0103072 0.395183 1.88107 0.0337027 0.338753 1.82937 0.0591949 0.259819 1.83075 0.0273675 0.335927 1.83192 0.0337027 0.338753 1.82937 0.0273675 0.335927 1.83192 0.0591949 0.259819 1.83075 0.0649949 0.256093 1.83739 0.0356468 0.339415 1.83801 0.0652941 0.265413 1.82735 0.0337027 0.338753 1.82937 0.0356468 0.339415 1.83801 0.071094 0.261687 1.83399 0.0652941 0.265413 1.82735 0.0652941 0.265413 1.82735 0.0591949 0.259819 1.83075 0.0337027 0.338753 1.82937 0.0591949 0.259819 1.83075 0.091181 0.193982 1.7503 0.0649949 0.256093 1.83739 0.0649949 0.256093 1.83739 0.0967576 0.202539 1.74727 0.071094 0.261687 1.83399 0.091181 0.193982 1.7503 0.0967576 0.202539 1.74727 0.0649949 0.256093 1.83739 0.0652941 0.265413 1.82735 0.0823853 0.198861 1.74655 0.0591949 0.259819 1.83075 0.0591949 0.259819 1.83075 0.0823853 0.198861 1.74655 0.091181 0.193982 1.7503 0.0652941 0.265413 1.82735 0.071094 0.261687 1.83399 0.0879619 0.207417 1.74352 0.071094 0.261687 1.83399 0.0967576 0.202539 1.74727 0.0879619 0.207417 1.74352 0.0652941 0.265413 1.82735 0.0879619 0.207417 1.74352 0.0823853 0.198861 1.74655 0.0823853 0.198861 1.74655 0.104155 0.162456 1.64831 0.091181 0.193982 1.7503 0.0967576 0.202539 1.74727 0.091181 0.193982 1.7503 0.108932 0.17363 1.64393 0.104155 0.162456 1.64831 0.108932 0.17363 1.64393 0.091181 0.193982 1.7503 0.0925524 0.166455 1.64449 0.0823853 0.198861 1.74655 0.0879619 0.207417 1.74352 0.0925524 0.166455 1.64449 0.104155 0.162456 1.64831 0.0823853 0.198861 1.74655 0.0967576 0.202539 1.74727 0.0973289 0.177629 1.64012 0.0879619 0.207417 1.74352 0.0967576 0.202539 1.74727 0.108932 0.17363 1.64393 0.0973289 0.177629 1.64012 0.0879619 0.207417 1.74352 0.0973289 0.177629 1.64012 0.0925524 0.166455 1.64449 0.104155 0.162456 1.64831 0.0925524 0.166455 1.64449 0.108932 0.17363 1.64393 0.0973289 0.177629 1.64012</float_array>
          <technique_common>
            <accessor count="106" source="#ID67" stride="3">
              <param name="X" type="float"/>
              <param name="Y" type="float"/>
              <param name="Z" type="float"/>
            </accessor>
          </technique_common>
        </source>
        <source id="ID68">
          <float_array count="318" id="ID69">-0.339855 0.812761 0.4732 -0.339855 0.812761 0.4732 -0.339855 0.812761 0.4732 0.371098 -0.538786 0.756304 0.371098 -0.538786 0.756304 0.371098 -0.538786 0.756304 -0.891952 -0.445449 0.0774428 -0.891952 -0.445449 0.0774428 -0.891952 -0.445449 0.0774428 0.498903 -0.450136 0.74059 0.498903 -0.450136 0.74059 0.498903 -0.450136 0.74059 -0.339857 0.812759 0.473203 -0.339857 0.812759 0.473203 -0.339857 0.812759 0.473203 0.893164 0.442728 -0.0790619 0.893164 0.442728 -0.0790619 0.893164 0.442728 -0.0790619 0.798399 0.559523 -0.222471 0.798399 0.559523 -0.222471 0.798399 0.559523 -0.222471 -0.82171 -0.523623 0.224971 -0.82171 -0.523623 0.224971 -0.82171 -0.523623 0.224971 -0.367309 0.52885 -0.765115 -0.367309 0.52885 -0.765115 -0.367309 0.52885 -0.765115 -0.886267 -0.401939 0.230163 -0.886267 -0.401939 0.230163 -0.886267 -0.401939 0.230163 0.331659 0.102767 0.937785 0.331659 0.102767 0.937785 0.331659 0.102767 0.937785 0.385092 0.134747 0.912988 0.385092 0.134747 0.912988 0.385092 0.134747 0.912988 -0.50083 0.462582 -0.731565 -0.50083 0.462582 -0.731565 -0.50083 0.462582 -0.731565 -0.323771 -0.120972 -0.93837 -0.323771 -0.120972 -0.93837 -0.323771 -0.120972 -0.93837 -0.794567 -0.340013 0.503046 -0.794567 -0.340013 0.503046 -0.794567 -0.340013 0.503046 0.891385 0.390309 -0.230416 0.891385 0.390309 -0.230416 0.891385 0.390309 -0.230416 0.791278 0.385398 -0.474708 0.791278 0.385398 -0.474708 0.791278 0.385398 -0.474708 -0.381505 -0.139188 -0.913828 -0.381505 -0.139188 -0.913828 -0.381505 -0.139188 -0.913828 -0.711429 -0.655435 0.253522 -0.711429 -0.655435 0.253522 -0.711429 -0.655435 0.253522 0.715246 -0.460473 0.525726 0.715246 -0.460473 0.525726 0.715246 -0.460473 0.525726 0.799784 -0.348336 0.488884 0.799784 -0.348336 0.488884 0.799784 -0.348336 0.488884 -0.71468 0.458147 -0.528521 -0.71468 0.458147 -0.528521 -0.71468 0.458147 -0.528521 -0.566749 -0.733597 0.375008 -0.566749 -0.733597 0.375008 -0.566749 -0.733597 0.375008 0.713627 0.651405 -0.257697 0.713627 0.651405 -0.257697 0.713627 0.651405 -0.257697 0.56345 0.75058 -0.345187 0.56345 0.75058 -0.345187 0.56345 0.75058 -0.345187 -0.807019 0.360558 -0.467673 -0.807019 0.360558 -0.467673 -0.807019 0.360558 -0.467673 -0.536101 -0.82334 0.1863 -0.536101 -0.82334 0.1863 -0.536101 -0.82334 0.1863 0.850411 -0.472081 0.232253 0.850411 -0.472081 0.232253 0.850411 -0.472081 0.232253 0.925678 -0.311861 0.214158 0.925678 -0.311861 0.214158 0.925678 -0.311861 0.214158 -0.850287 0.471266 -0.234352 -0.850287 0.471266 -0.234352 -0.850287 0.471266 -0.234352 -0.386679 -0.889381 0.243885 -0.386679 -0.889381 0.243885 -0.386679 -0.889381 0.243885 0.536548 0.822578 -0.188367 0.536548 0.822578 -0.188367 0.536548 0.822578 -0.188367 0.379033 0.901791 -0.207622 0.379033 0.901791 -0.207622 0.379033 0.901791 -0.207622 -0.92808 0.326943 -0.178259 -0.92808 0.326943 -0.178259 -0.92808 0.326943 -0.178259 0.151522 -0.415858 -0.896718 0.151522 -0.415858 -0.896718 0.151522 -0.415858 -0.896718 0.151522 -0.415858 -0.896718</float_array>
          <technique_common>
            <accessor count="106" source="#ID69" stride="3">
              <param name="X" type="float"/>
              <param name="Y" type="float"/>
              <param name="Z" type="float"/>
            </accessor>
          </technique_common>
        </source>
        <vertices id="ID70">
          <input semantic="POSITION" source="#ID66"/>
          <input semantic="NORMAL" source="#ID68"/>
        </vertices>
        <triangles count="36" material="ID16">
          <input offset="0" semantic="VERTEX" source="#ID70"/>
          <p>0 1 2 3 4 5 6 7 8 9 10 11 12 13 14 15 16 17 18 19 20 21 22 23 24 25 26 27 28 29 30 31 32 33 34 35 36 37 38 39 40 41 42 43 44 45 46 47 48 49 50 51 52 53 54 55 56 57 58 59 60 61 62 63 64 65 66 67 68 69 70 71 72 73 74 75 76 77 78 79 80 81 82 83 84 85 86 87 88 89 90 91 92 93 94 95 96 97 98 99 100 101 102 103 104 103 105 104</p>
        </triangles>
      </mesh>
    </geometry>
    <geometry id="ID71">
      <mesh>
        <source id="ID72">
          <float_array count="180" id="ID73">-0.0200139 0.327525 1.9576 -0.0240794 0.328865 1.95534 -0.0256343 0.324492 1.95566 -0.00174644 0.317335 1.88065 -0.0240794 0.328865 1.95534 -0.0200139 0.327525 1.9576 -0.0200139 0.327525 1.9576 -0.0256343 0.324492 1.95566 -0.0215688 0.323151 1.95792 -0.0215688 0.323151 1.95792 0.00223655 0.31805 1.88722 -0.0200139 0.327525 1.9576 0.00223655 0.31805 1.88722 -0.00174644 0.317335 1.88065 -0.0200139 0.327525 1.9576 -0.0240794 0.328865 1.95534 -0.00441158 0.311911 1.88408 -0.0256343 0.324492 1.95566 -0.00174644 0.317335 1.88065 -0.00441158 0.311911 1.88408 -0.0240794 0.328865 1.95534 -0.00441158 0.311911 1.88408 -0.000428597 0.312626 1.89065 -0.0256343 0.324492 1.95566 -0.0256343 0.324492 1.95566 -0.000428597 0.312626 1.89065 -0.0215688 0.323151 1.95792 -0.000428597 0.312626 1.89065 -0.00441158 0.311911 1.88408 0.0681067 0.257248 1.83848 -0.00441158 0.311911 1.88408 -0.00174644 0.317335 1.88065 0.0606349 0.255843 1.83141 0.0606349 0.255843 1.83141 0.0681067 0.257248 1.83848 -0.00441158 0.311911 1.88408 -0.0215688 0.323151 1.95792 -0.000428597 0.312626 1.89065 0.00223655 0.31805 1.88722 0.069661 0.265647 1.83334 0.00223655 0.31805 1.88722 -0.000428597 0.312626 1.89065 -0.000428597 0.312626 1.89065 0.0681067 0.257248 1.83848 0.069661 0.265647 1.83334 0.00223655 0.31805 1.88722 0.0621891 0.264242 1.82626 -0.00174644 0.317335 1.88065 -0.00174644 0.317335 1.88065 0.0621891 0.264242 1.82626 0.0606349 0.255843 1.83141 0.00223655 0.31805 1.88722 0.069661 0.265647 1.83334 0.0621891 0.264242 1.82626 0.0681067 0.257248 1.83848 0.0606349 0.255843 1.83141 0.069661 0.265647 1.83334 0.0606349 0.255843 1.83141 0.0621891 0.264242 1.82626 0.069661 0.265647 1.83334</float_array>
          <technique_common>
            <accessor count="60" source="#ID73" stride="3">
              <param name="X" type="float"/>
              <param name="Y" type="float"/>
              <param name="Z" type="float"/>
            </accessor>
          </technique_common>
        </source>
        <source id="ID74">
          <float_array count="180" id="ID75">-0.419752 0.212933 0.882308 -0.419752 0.212933 0.882308 -0.419752 0.212933 0.882308 0.335294 0.941038 -0.0450127 0.335294 0.941038 -0.0450127 0.335294 0.941038 -0.0450127 -0.419773 0.212988 0.882285 -0.419773 0.212988 0.882285 -0.419773 0.212988 0.882285 0.898558 -0.296084 0.323926 0.898558 -0.296084 0.323926 0.898558 -0.296084 0.323926 0.0276794 0.9918 -0.124766 0.0276794 0.9918 -0.124766 0.0276794 0.9918 -0.124766 -0.900003 0.296968 -0.319069 -0.900003 0.296968 -0.319069 -0.900003 0.296968 -0.319069 -0.915742 0.252187 -0.312758 -0.915742 0.252187 -0.312758 -0.915742 0.252187 -0.312758 -0.0730146 -0.985739 0.151617 -0.0730146 -0.985739 0.151617 -0.0730146 -0.985739 0.151617 -0.334017 -0.941614 0.0423667 -0.334017 -0.941614 0.0423667 -0.334017 -0.941614 0.0423667 -0.417119 -0.840947 0.344703 -0.417119 -0.840947 0.344703 -0.417119 -0.840947 0.344703 -0.684577 -0.118454 -0.719252 -0.684577 -0.118454 -0.719252 -0.684577 -0.118454 -0.719252 -0.308448 -0.816445 0.488136 -0.308448 -0.816445 0.488136 -0.308448 -0.816445 0.488136 0.91379 -0.243315 0.325247 0.91379 -0.243315 0.325247 0.91379 -0.243315 0.325247 0.677146 0.125784 0.725018 0.677146 0.125784 0.725018 0.677146 0.125784 0.725018 0.710924 0.266897 0.650656 0.710924 0.266897 0.650656 0.710924 0.266897 0.650656 0.411213 0.845118 -0.341585 0.411213 0.845118 -0.341585 0.411213 0.845118 -0.341585 -0.738733 -0.247274 -0.627 -0.738733 -0.247274 -0.627 -0.738733 -0.247274 -0.627 0.281559 0.839711 -0.464339 0.281559 0.839711 -0.464339 0.281559 0.839711 -0.464339 0.648606 -0.48117 -0.589733 0.648606 -0.48117 -0.589733 0.648606 -0.48117 -0.589733 0.64861 -0.481175 -0.589725 0.64861 -0.481175 -0.589725 0.64861 -0.481175 -0.589725</float_array>
          <technique_common>
            <accessor count="60" source="#ID75" stride="3">
              <param name="X" type="float"/>
              <param name="Y" type="float"/>
              <param name="Z" type="float"/>
            </accessor>
          </technique_common>
        </source>
        <vertices id="ID76">
          <input semantic="POSITION" source="#ID72"/>
          <input semantic="NORMAL" source="#ID74"/>
        </vertices>
        <triangles count="20" material="ID16">
          <input offset="0" semantic="VERTEX" source="#ID76"/>
          <p>0 1 2 3 4 5 6 7 8 9 10 11 12 13 14 15 16 17 18 19 20 21 22 23 24 25 26 27 28 29 30 31 32 33 34 35 36 37 38 39 40 41 42 43 44 45 46 47 48 49 50 51 52 53 54 55 56 57 58 59</p>
        </triangles>
      </mesh>
    </geometry>
    <geometry id="ID77">
      <mesh>
        <source id="ID78">
          <float_array count="108" id="ID79">0.20344 -0.182451 2.06209 0.198555 -0.17954 2.06554 0.201247 -0.173933 2.06411 0.198555 -0.17954 2.06554 0.20344 -0.182451 2.06209 0.260258 -0.18801 2.1943 0.206131 -0.176845 2.06066 0.20344 -0.182451 2.06209 0.201247 -0.173933 2.06411 0.262949 -0.182404 2.19287 0.260258 -0.18801 2.1943 0.20344 -0.182451 2.06209 0.206131 -0.176845 2.06066 0.262949 -0.182404 2.19287 0.20344 -0.182451 2.06209 0.201247 -0.173933 2.06411 0.198555 -0.17954 2.06554 0.258065 -0.179492 2.19632 0.258065 -0.179492 2.19632 0.198555 -0.17954 2.06554 0.255374 -0.185099 2.19775 0.198555 -0.17954 2.06554 0.260258 -0.18801 2.1943 0.255374 -0.185099 2.19775 0.258065 -0.179492 2.19632 0.262949 -0.182404 2.19287 0.201247 -0.173933 2.06411 0.262949 -0.182404 2.19287 0.206131 -0.176845 2.06066 0.201247 -0.173933 2.06411 0.260258 -0.18801 2.1943 0.258065 -0.179492 2.19632 0.255374 -0.185099 2.19775 0.262949 -0.182404 2.19287 0.258065 -0.179492 2.19632 0.260258 -0.18801 2.1943</float_array>
          <technique_common>
            <accessor count="36" source="#ID79" stride="3">
              <param name="X" type="float"/>
              <param name="Y" type="float"/>
              <param name="Z" type="float"/>
            </accessor>
          </technique_common>
        </source>
        <source id="ID80">
          <float_array count="108" id="ID81">-0.554399 0.0542533 -0.830481 -0.554399 0.0542533 -0.830481 -0.554399 0.0542533 -0.830481 -0.428087 -0.891789 0.146472 -0.428087 -0.891789 0.146472 -0.428087 -0.891789 0.146472 -0.554398 0.0542535 -0.830481 -0.554398 0.0542535 -0.830481 -0.554398 0.0542535 -0.830481 0.800091 -0.476909 -0.363886 0.800091 -0.476909 -0.363886 0.800091 -0.476909 -0.363886 0.80009 -0.47691 -0.363885 0.80009 -0.47691 -0.363885 0.80009 -0.47691 -0.363885 -0.800092 0.476906 0.363886 -0.800092 0.476906 0.363886 -0.800092 0.476906 0.363886 -0.800091 0.476908 0.363885 -0.800091 0.476908 0.363885 -0.800091 0.476908 0.363885 -0.428082 -0.891792 0.14647 -0.428082 -0.891792 0.14647 -0.428082 -0.891792 0.14647 0.42809 0.891787 -0.146474 0.42809 0.891787 -0.146474 0.42809 0.891787 -0.146474 0.428094 0.891785 -0.146475 0.428094 0.891785 -0.146475 0.428094 0.891785 -0.146475 0.554419 -0.0542683 0.830466 0.554419 -0.0542683 0.830466 0.554419 -0.0542683 0.830466 0.554422 -0.0542674 0.830465 0.554422 -0.0542674 0.830465 0.554422 -0.0542674 0.830465</float_array>
          <technique_common>
            <accessor count="36" source="#ID81" stride="3">
              <param name="X" type="float"/>
              <param name="Y" type="float"/>
              <param name="Z" type="float"/>
            </accessor>
          </technique_common>
        </source>
        <vertices id="ID82">
          <input semantic="POSITION" source="#ID78"/>
          <input semantic="NORMAL" source="#ID80"/>
        </vertices>
        <triangles count="12" material="ID16">
          <input offset="0" semantic="VERTEX" source="#ID82"/>
          <p>0 1 2 3 4 5 6 7 8 9 10 11 12 13 14 15 16 17 18 19 20 21 22 23 24 25 26 27 28 29 30 31 32 33 34 35</p>
        </triangles>
      </mesh>
    </geometry>
    <geometry id="ID83">
      <mesh>
        <source id="ID84">
          <float_array count="324" id="ID85">-0.104121 -0.149413 1.81376 -0.100825 -0.186401 1.92668 -0.0948875 -0.180344 1.92985 -0.100825 -0.186401 1.92668 -0.104121 -0.149413 1.81376 -0.0934081 -0.155558 1.81035 -0.104121 -0.149413 1.81376 -0.0948875 -0.180344 1.92985 -0.0973977 -0.139543 1.81895 -0.0866846 -0.145688 1.81554 -0.0934081 -0.155558 1.81035 -0.104121 -0.149413 1.81376 -0.0866846 -0.145688 1.81554 -0.104121 -0.149413 1.81376 -0.0973977 -0.139543 1.81895 -0.100825 -0.186401 1.92668 -0.0873085 -0.235939 2.00137 -0.0948875 -0.180344 1.92985 -0.0934081 -0.155558 1.81035 -0.0942567 -0.191837 1.92371 -0.100825 -0.186401 1.92668 -0.0922435 -0.238952 1.99858 -0.0873085 -0.235939 2.00137 -0.100825 -0.186401 1.92668 -0.0942567 -0.191837 1.92371 -0.0922435 -0.238952 1.99858 -0.100825 -0.186401 1.92668 -0.0948875 -0.180344 1.92985 -0.0883196 -0.18578 1.92687 -0.0973977 -0.139543 1.81895 -0.0948875 -0.180344 1.92985 -0.0873085 -0.235939 2.00137 -0.0835964 -0.239345 1.99687 -0.0835964 -0.239345 1.99687 -0.0883196 -0.18578 1.92687 -0.0948875 -0.180344 1.92985 -0.0866846 -0.145688 1.81554 -0.0942567 -0.191837 1.92371 -0.0934081 -0.155558 1.81035 -0.0866846 -0.145688 1.81554 -0.0973977 -0.139543 1.81895 -0.0883196 -0.18578 1.92687 -0.0866846 -0.145688 1.81554 -0.0883196 -0.18578 1.92687 -0.0942567 -0.191837 1.92371 -0.0873085 -0.235939 2.00137 -0.0922435 -0.238952 1.99858 -0.0920748 -0.237567 2.07936 -0.0920748 -0.237567 2.07936 -0.0901034 -0.241431 2.07945 -0.0873085 -0.235939 2.00137 -0.0901034 -0.241431 2.07945 -0.0835964 -0.239345 1.99687 -0.0873085 -0.235939 2.00137 -0.0942567 -0.191837 1.92371 -0.0885314 -0.242358 1.99409 -0.0922435 -0.238952 1.99858 -0.0883196 -0.18578 1.92687 -0.0885314 -0.242358 1.99409 -0.0942567 -0.191837 1.92371 -0.0922435 -0.238952 1.99858 -0.0959247 -0.239538 2.07893 -0.0920748 -0.237567 2.07936 -0.0922435 -0.238952 1.99858 -0.0885314 -0.242358 1.99409 -0.0959247 -0.239538 2.07893 -0.0883196 -0.18578 1.92687 -0.0835964 -0.239345 1.99687 -0.0885314 -0.242358 1.99409 -0.0964738 -0.255921 2.16009 -0.0973977 -0.253082 2.16078 -0.0939533 -0.243402 2.07903 -0.0973977 -0.253082 2.16078 -0.0964738 -0.255921 2.16009 -0.093583 -0.255038 2.16046 -0.0939533 -0.243402 2.07903 -0.0901034 -0.241431 2.07945 -0.0964738 -0.255921 2.16009 -0.093583 -0.255038 2.16046 -0.0964738 -0.255921 2.16009 -0.0901034 -0.241431 2.07945 -0.0939533 -0.243402 2.07903 -0.0973977 -0.253082 2.16078 -0.0959247 -0.239538 2.07893 -0.0945069 -0.252198 2.16115 -0.0973977 -0.253082 2.16078 -0.093583 -0.255038 2.16046 -0.0945069 -0.252198 2.16115 -0.0959247 -0.239538 2.07893 -0.0973977 -0.253082 2.16078 -0.0959247 -0.239538 2.07893 -0.0885314 -0.242358 1.99409 -0.0939533 -0.243402 2.07903 -0.0901034 -0.241431 2.07945 -0.0939533 -0.243402 2.07903 -0.0835964 -0.239345 1.99687 -0.0885314 -0.242358 1.99409 -0.0835964 -0.239345 1.99687 -0.0939533 -0.243402 2.07903 -0.0920748 -0.237567 2.07936 -0.0945069 -0.252198 2.16115 -0.093583 -0.255038 2.16046 -0.093583 -0.255038 2.16046 -0.0901034 -0.241431 2.07945 -0.0920748 -0.237567 2.07936 -0.0945069 -0.252198 2.16115 -0.0920748 -0.237567 2.07936 -0.0959247 -0.239538 2.07893</float_array>
          <technique_common>
            <accessor count="108" source="#ID85" stride="3">
              <param name="X" type="float"/>
              <param name="Y" type="float"/>
              <param name="Z" type="float"/>
            </accessor>
          </technique_common>
        </source>
        <source id="ID86">
          <float_array count="324" id="ID87">-0.752037 0.61957 0.224884 -0.752037 0.61957 0.224884 -0.752037 0.61957 0.224884 -0.540054 -0.804358 -0.247691 -0.540054 -0.804358 -0.247691 -0.540054 -0.804358 -0.247691 -0.855348 0.479621 0.195814 -0.855348 0.479621 0.195814 -0.855348 0.479621 0.195814 -0.0101547 0.470981 -0.882085 -0.0101547 0.470981 -0.882085 -0.0101547 0.470981 -0.882085 -0.0101566 0.470988 -0.882081 -0.0101566 0.470988 -0.882081 -0.0101566 0.470988 -0.882081 -0.742615 0.488329 0.458321 -0.742615 0.488329 0.458321 -0.742615 0.488329 0.458321 -0.680061 -0.696772 -0.228092 -0.680061 -0.696772 -0.228092 -0.680061 -0.696772 -0.228092 -0.638861 0.582793 0.502204 -0.638861 0.582793 0.502204 -0.638861 0.582793 0.502204 -0.686044 -0.62397 -0.374173 -0.686044 -0.62397 -0.374173 -0.686044 -0.62397 -0.374173 0.681134 0.691993 0.23917 0.681134 0.691993 0.23917 0.681134 0.691993 0.23917 0.81599 0.495093 0.2984 0.81599 0.495093 0.2984 0.81599 0.495093 0.2984 0.68444 0.600537 0.413398 0.68444 0.600537 0.413398 0.68444 0.600537 0.413398 0.852396 -0.499831 -0.153589 0.852396 -0.499831 -0.153589 0.852396 -0.499831 -0.153589 0.543937 0.786913 0.291376 0.543937 0.786913 0.291376 0.543937 0.786913 0.291376 0.751178 -0.624495 -0.213865 0.751178 -0.624495 -0.213865 0.751178 -0.624495 -0.213865 -0.515437 0.85682 -0.013609 -0.515437 0.85682 -0.013609 -0.515437 0.85682 -0.013609 0.888325 0.454765 0.0637824 0.888325 0.454765 0.0637824 0.888325 0.454765 0.0637824 0.721636 0.68828 0.0742412 0.721636 0.68828 0.0742412 0.721636 0.68828 0.0742412 -0.814572 -0.500578 -0.293075 -0.814572 -0.500578 -0.293075 -0.814572 -0.500578 -0.293075 0.74729 -0.509521 -0.426552 0.74729 -0.509521 -0.426552 0.74729 -0.509521 -0.426552 -0.454377 0.890694 -0.0143172 -0.454377 0.890694 -0.0143172 -0.454377 0.890694 -0.0143172 -0.699828 -0.713339 -0.037268 -0.699828 -0.713339 -0.037268 -0.699828 -0.713339 -0.037268 0.638651 -0.58968 -0.494371 0.638651 -0.58968 -0.494371 0.638651 -0.58968 -0.494371 -0.953478 -0.29205 -0.0747476 -0.953478 -0.29205 -0.0747476 -0.953478 -0.29205 -0.0747476 -0.0456592 -0.250437 0.967056 -0.0456592 -0.250437 0.967056 -0.0456592 -0.250437 0.967056 0.462867 -0.878101 -0.121216 0.462867 -0.878101 -0.121216 0.462867 -0.878101 -0.121216 0.305836 -0.94099 -0.144921 0.305836 -0.94099 -0.144921 0.305836 -0.94099 -0.144921 -0.886166 -0.45432 -0.0911242 -0.886166 -0.45432 -0.0911242 -0.886166 -0.45432 -0.0911242 -0.045656 -0.250431 0.967057 -0.045656 -0.250431 0.967057 -0.045656 -0.250431 0.967057 -0.306219 0.940062 0.150043 -0.306219 0.940062 0.150043 -0.306219 0.940062 0.150043 -0.888423 -0.454778 -0.0622958 -0.888423 -0.454778 -0.0622958 -0.888423 -0.454778 -0.0622958 0.45447 -0.890662 0.0133144 0.45447 -0.890662 0.0133144 0.45447 -0.890662 0.0133144 0.511844 -0.858793 0.0221203 0.511844 -0.858793 0.0221203 0.511844 -0.858793 0.0221203 0.953444 0.290668 0.0803482 0.953444 0.290668 0.0803482 0.953444 0.290668 0.0803482 0.883821 0.45368 0.11417 0.883821 0.45368 0.11417 0.883821 0.45368 0.11417 -0.463427 0.874575 0.14267 -0.463427 0.874575 0.14267 -0.463427 0.874575 0.14267</float_array>
          <technique_common>
            <accessor count="108" source="#ID87" stride="3">
              <param name="X" type="float"/>
              <param name="Y" type="float"/>
              <param name="Z" type="float"/>
            </accessor>
          </technique_common>
        </source>
        <vertices id="ID88">
          <input semantic="POSITION" source="#ID84"/>
          <input semantic="NORMAL" source="#ID86"/>
        </vertices>
        <triangles count="36" material="ID16">
          <input offset="0" semantic="VERTEX" source="#ID88"/>
          <p>0 1 2 3 4 5 6 7 8 9 10 11 12 13 14 15 16 17 18 19 20 21 22 23 24 25 26 27 28 29 30 31 32 33 34 35 36 37 38 39 40 41 42 43 44 45 46 47 48 49 50 51 52 53 54 55 56 57 58 59 60 61 62 63 64 65 66 67 68 69 70 71 72 73 74 75 76 77 78 79 80 81 82 83 84 85 86 87 88 89 90 91 92 93 94 95 96 97 98 99 100 101 102 103 104 105 106 107</p>
        </triangles>
      </mesh>
    </geometry>
    <geometry id="ID89">
      <mesh>
        <source id="ID90">
          <float_array count="108" id="ID91">-0.131934 -0.0386909 2.57588 -0.137649 -0.0392573 2.57257 -0.137785 -0.0453737 2.57457 -0.0958913 -0.0587364 2.48433 -0.137649 -0.0392573 2.57257 -0.131934 -0.0386909 2.57588 -0.131934 -0.0386909 2.57588 -0.137785 -0.0453737 2.57457 -0.132071 -0.0448073 2.57787 -0.131934 -0.0386909 2.57588 -0.132071 -0.0448073 2.57787 -0.096028 -0.0648527 2.48633 -0.131934 -0.0386909 2.57588 -0.096028 -0.0648527 2.48633 -0.0958913 -0.0587364 2.48433 -0.137649 -0.0392573 2.57257 -0.101742 -0.0654192 2.48303 -0.137785 -0.0453737 2.57457 -0.137649 -0.0392573 2.57257 -0.101606 -0.0593028 2.48103 -0.101742 -0.0654192 2.48303 -0.0958913 -0.0587364 2.48433 -0.101606 -0.0593028 2.48103 -0.137649 -0.0392573 2.57257 -0.101742 -0.0654192 2.48303 -0.096028 -0.0648527 2.48633 -0.137785 -0.0453737 2.57457 -0.137785 -0.0453737 2.57457 -0.096028 -0.0648527 2.48633 -0.132071 -0.0448073 2.57787 -0.096028 -0.0648527 2.48633 -0.101742 -0.0654192 2.48303 -0.0958913 -0.0587364 2.48433 -0.101742 -0.0654192 2.48303 -0.101606 -0.0593028 2.48103 -0.0958913 -0.0587364 2.48433</float_array>
          <technique_common>
            <accessor count="36" source="#ID91" stride="3">
              <param name="X" type="float"/>
              <param name="Y" type="float"/>
              <param name="Z" type="float"/>
            </accessor>
          </technique_common>
        </source>
        <source id="ID92">
          <float_array count="108" id="ID93">-0.501106 0.278701 0.819279 -0.501106 0.278701 0.819279 -0.501106 0.278701 0.819279 0.0218571 0.978384 -0.20564 0.0218571 0.978384 -0.20564 0.0218571 0.978384 -0.20564 -0.501106 0.278701 0.819279 -0.501106 0.278701 0.819279 -0.501106 0.278701 0.819279 0.933223 0.0925069 0.347186 0.933223 0.0925069 0.347186 0.933223 0.0925069 0.347186 0.933223 0.0925064 0.347186 0.933223 0.0925064 0.347186 0.933223 0.0925064 0.347186 -0.933223 -0.0925069 -0.347186 -0.933223 -0.0925069 -0.347186 -0.933223 -0.0925069 -0.347186 -0.933222 -0.092505 -0.347187 -0.933222 -0.092505 -0.347187 -0.933222 -0.092505 -0.347187 0.0218653 0.978384 -0.205636 0.0218653 0.978384 -0.205636 0.0218653 0.978384 -0.205636 -0.0218571 -0.978384 0.20564 -0.0218571 -0.978384 0.20564 -0.0218571 -0.978384 0.20564 -0.0218571 -0.978384 0.20564 -0.0218571 -0.978384 0.20564 -0.0218571 -0.978384 0.20564 0.501106 -0.278701 -0.819279 0.501106 -0.278701 -0.819279 0.501106 -0.278701 -0.819279 0.501105 -0.278699 -0.819281 0.501105 -0.278699 -0.819281 0.501105 -0.278699 -0.819281</float_array>
          <technique_common>
            <accessor count="36" source="#ID93" stride="3">
              <param name="X" type="float"/>
              <param name="Y" type="float"/>
              <param name="Z" type="float"/>
            </accessor>
          </technique_common>
        </source>
        <vertices id="ID94">
          <input semantic="POSITION" source="#ID90"/>
          <input semantic="NORMAL" source="#ID92"/>
        </vertices>
        <triangles count="12" material="ID16">
          <input offset="0" semantic="VERTEX" source="#ID94"/>
          <p>0 1 2 3 4 5 6 7 8 9 10 11 12 13 14 15 16 17 18 19 20 21 22 23 24 25 26 27 28 29 30 31 32 33 34 35</p>
        </triangles>
      </mesh>
    </geometry>
    <geometry id="ID95">
      <mesh>
        <source id="ID96">
          <float_array count="108" id="ID97">-0.20553 -0.172635 2.39507 -0.204816 -0.176839 2.38925 -0.198772 -0.177664 2.39132 -0.204816 -0.176839 2.38925 -0.20553 -0.172635 2.39507 -0.185933 -0.11952 2.33921 -0.199485 -0.17346 2.39714 -0.20553 -0.172635 2.39507 -0.198772 -0.177664 2.39132 -0.20553 -0.172635 2.39507 -0.179888 -0.120345 2.34129 -0.185933 -0.11952 2.33921 -0.199485 -0.17346 2.39714 -0.179888 -0.120345 2.34129 -0.20553 -0.172635 2.39507 -0.198772 -0.177664 2.39132 -0.204816 -0.176839 2.38925 -0.179175 -0.124548 2.33547 -0.185219 -0.123724 2.33339 -0.204816 -0.176839 2.38925 -0.185933 -0.11952 2.33921 -0.204816 -0.176839 2.38925 -0.185219 -0.123724 2.33339 -0.179175 -0.124548 2.33547 -0.179888 -0.120345 2.34129 -0.199485 -0.17346 2.39714 -0.198772 -0.177664 2.39132 -0.179888 -0.120345 2.34129 -0.198772 -0.177664 2.39132 -0.179175 -0.124548 2.33547 -0.179175 -0.124548 2.33547 -0.185933 -0.11952 2.33921 -0.179888 -0.120345 2.34129 -0.179175 -0.124548 2.33547 -0.185219 -0.123724 2.33339 -0.185933 -0.11952 2.33921</float_array>
          <technique_common>
            <accessor count="36" source="#ID97" stride="3">
              <param name="X" type="float"/>
              <param name="Y" type="float"/>
              <param name="Z" type="float"/>
            </accessor>
          </technique_common>
        </source>
        <source id="ID98">
          <float_array count="108" id="ID99">-0.292206 -0.791966 0.536102 -0.292206 -0.791966 0.536102 -0.292206 -0.791966 0.536102 -0.967865 0.132058 -0.214005 -0.967865 0.132058 -0.214005 -0.967865 0.132058 -0.214005 -0.292212 -0.791969 0.536095 -0.292212 -0.791969 0.536095 -0.292212 -0.791969 0.536095 -0.125709 0.740548 0.660141 -0.125709 0.740548 0.660141 -0.125709 0.740548 0.660141 -0.125709 0.740548 0.660141 -0.125709 0.740548 0.660141 -0.125709 0.740548 0.660141 0.125715 -0.74055 -0.660138 0.125715 -0.74055 -0.660138 0.125715 -0.74055 -0.660138 -0.967865 0.13206 -0.214003 -0.967865 0.13206 -0.214003 -0.967865 0.13206 -0.214003 0.125715 -0.74055 -0.660138 0.125715 -0.74055 -0.660138 0.125715 -0.74055 -0.660138 0.967865 -0.132059 0.214004 0.967865 -0.132059 0.214004 0.967865 -0.132059 0.214004 0.967865 -0.132064 0.213999 0.967865 -0.132064 0.213999 0.967865 -0.132064 0.213999 0.292207 0.79198 -0.536081 0.292207 0.79198 -0.536081 0.292207 0.79198 -0.536081 0.292203 0.791978 -0.536087 0.292203 0.791978 -0.536087 0.292203 0.791978 -0.536087</float_array>
          <technique_common>
            <accessor count="36" source="#ID99" stride="3">
              <param name="X" type="float"/>
              <param name="Y" type="float"/>
              <param name="Z" type="float"/>
            </accessor>
          </technique_common>
        </source>
        <vertices id="ID100">
          <input semantic="POSITION" source="#ID96"/>
          <input semantic="NORMAL" source="#ID98"/>
        </vertices>
        <triangles count="12" material="ID16">
          <input offset="0" semantic="VERTEX" source="#ID100"/>
          <p>0 1 2 3 4 5 6 7 8 9 10 11 12 13 14 15 16 17 18 19 20 21 22 23 24 25 26 27 28 29 30 31 32 33 34 35</p>
        </triangles>
      </mesh>
    </geometry>
    <geometry id="ID101">
      <mesh>
        <source id="ID102">
          <float_array count="324" id="ID103">-0.210316 -0.0512317 2.58336 -0.211532 -0.0574535 2.58171 -0.206855 -0.059241 2.58683 -0.210316 -0.0512317 2.58336 -0.16929 -0.0570986 2.52228 -0.211532 -0.0574535 2.58171 -0.210316 -0.0512317 2.58336 -0.206855 -0.059241 2.58683 -0.205639 -0.0530193 2.58848 -0.16929 -0.0570986 2.52228 -0.210316 -0.0512317 2.58336 -0.168156 -0.0490868 2.52257 -0.205639 -0.0530193 2.58848 -0.168156 -0.0490868 2.52257 -0.210316 -0.0512317 2.58336 -0.211532 -0.0574535 2.58171 -0.165703 -0.0578173 2.53128 -0.206855 -0.059241 2.58683 -0.16929 -0.0570986 2.52228 -0.165703 -0.0578173 2.53128 -0.211532 -0.0574535 2.58171 -0.206855 -0.059241 2.58683 -0.165703 -0.0578173 2.53128 -0.164569 -0.0498054 2.53157 -0.164569 -0.0498054 2.53157 -0.205639 -0.0530193 2.58848 -0.206855 -0.059241 2.58683 -0.165703 -0.0578173 2.53128 -0.16929 -0.0570986 2.52228 -0.0942716 -0.066743 2.48739 -0.102375 -0.0674868 2.47989 -0.16929 -0.0570986 2.52228 -0.168156 -0.0490868 2.52257 -0.16929 -0.0570986 2.52228 -0.102375 -0.0674868 2.47989 -0.0942716 -0.066743 2.48739 -0.164569 -0.0498054 2.53157 -0.165703 -0.0578173 2.53128 -0.0952593 -0.0566728 2.48749 -0.0942716 -0.066743 2.48739 -0.0952593 -0.0566728 2.48749 -0.165703 -0.0578173 2.53128 -0.205639 -0.0530193 2.58848 -0.164569 -0.0498054 2.53157 -0.168156 -0.0490868 2.52257 -0.164569 -0.0498054 2.53157 -0.103363 -0.0574166 2.48 -0.168156 -0.0490868 2.52257 -0.102375 -0.0674868 2.47989 -0.168156 -0.0490868 2.52257 -0.103363 -0.0574166 2.48 -0.0952593 -0.0566728 2.48749 -0.103363 -0.0574166 2.48 -0.164569 -0.0498054 2.53157 -0.102375 -0.0674868 2.47989 -0.0411468 -0.0606878 2.40053 -0.0942716 -0.066743 2.48739 -0.103363 -0.0574166 2.48 -0.0527122 -0.0643801 2.39611 -0.102375 -0.0674868 2.47989 -0.102375 -0.0674868 2.47989 -0.0527122 -0.0643801 2.39611 -0.0411468 -0.0606878 2.40053 -0.0952593 -0.0566728 2.48749 -0.0942716 -0.066743 2.48739 -0.0453847 -0.0488665 2.40241 -0.0942716 -0.066743 2.48739 -0.0411468 -0.0606878 2.40053 -0.0453847 -0.0488665 2.40241 -0.0952593 -0.0566728 2.48749 -0.0569501 -0.0525589 2.39799 -0.103363 -0.0574166 2.48 -0.0527122 -0.0643801 2.39611 -0.103363 -0.0574166 2.48 -0.0569501 -0.0525589 2.39799 -0.0453847 -0.0488665 2.40241 -0.0569501 -0.0525589 2.39799 -0.0952593 -0.0566728 2.48749 -0.0527122 -0.0643801 2.39611 -0.0569501 -0.0525589 2.39799 0.00797647 -0.013568 2.08332 -0.0411468 -0.0606878 2.40053 -0.0527122 -0.0643801 2.39611 0.0212939 -0.00645651 2.08917 0.00797647 -0.013568 2.08332 0.0212939 -0.00645651 2.08917 -0.0527122 -0.0643801 2.39611 0.00024892 0.000182288 2.08468 -0.0569501 -0.0525589 2.39799 -0.0453847 -0.0488665 2.40241 0.00024892 0.000182288 2.08468 0.00797647 -0.013568 2.08332 -0.0569501 -0.0525589 2.39799 0.0135664 0.00729386 2.09053 -0.0453847 -0.0488665 2.40241 -0.0411468 -0.0606878 2.40053 0.0135664 0.00729386 2.09053 -0.0411468 -0.0606878 2.40053 0.0212939 -0.00645651 2.08917 0.0135664 0.00729386 2.09053 0.00024892 0.000182288 2.08468 -0.0453847 -0.0488665 2.40241 0.00797647 -0.013568 2.08332 0.00024892 0.000182288 2.08468 0.0212939 -0.00645651 2.08917 0.00024892 0.000182288 2.08468 0.0135664 0.00729386 2.09053 0.0212939 -0.00645651 2.08917</float_array>
          <technique_common>
            <accessor count="108" source="#ID103" stride="3">
              <param name="X" type="float"/>
              <param name="Y" type="float"/>
              <param name="Z" type="float"/>
            </accessor>
          </technique_common>
        </source>
        <source id="ID104">
          <float_array count="324" id="ID105">-0.743324 -0.0318351 0.668173 -0.743324 -0.0318351 0.668173 -0.743324 -0.0318351 0.668173 -0.778768 0.298456 -0.551765 -0.778768 0.298456 -0.551765 -0.778768 0.298456 -0.551765 -0.743344 -0.0318535 0.668151 -0.743344 -0.0318535 0.668151 -0.743344 -0.0318535 0.668151 -0.81631 0.135993 -0.561377 -0.81631 0.135993 -0.561377 -0.81631 0.135993 -0.561377 0.189056 0.967957 0.165281 0.189056 0.967957 0.165281 0.189056 0.967957 0.165281 -0.1893 -0.967948 -0.16505 -0.1893 -0.967948 -0.16505 -0.1893 -0.967948 -0.16505 -0.0663581 -0.996381 -0.0531167 -0.0663581 -0.996381 -0.0531167 -0.0663581 -0.996381 -0.0531167 0.797878 -0.134357 0.587655 0.797878 -0.134357 0.587655 0.797878 -0.134357 0.587655 0.781942 -0.297974 0.54752 0.781942 -0.297974 0.54752 0.781942 -0.297974 0.54752 -0.138405 -0.990087 -0.0239028 -0.138405 -0.990087 -0.0239028 -0.138405 -0.990087 -0.0239028 -0.520587 0.104547 -0.847384 -0.520587 0.104547 -0.847384 -0.520587 0.104547 -0.847384 -0.0540717 -0.986224 0.156331 -0.0540717 -0.986224 0.156331 -0.0540717 -0.986224 0.156331 0.526231 -0.105241 0.843804 0.526231 -0.105241 0.843804 0.526231 -0.105241 0.843804 0.526948 0.0426908 0.848825 0.526948 0.0426908 0.848825 0.526948 0.0426908 0.848825 0.0208043 0.997235 0.0713366 0.0208043 0.997235 0.0713366 0.0208043 0.997235 0.0713366 0.141974 0.989616 0.0224425 0.141974 0.989616 0.0224425 0.141974 0.989616 0.0224425 -0.55266 -0.0454091 -0.832169 -0.55266 -0.0454091 -0.832169 -0.55266 -0.0454091 -0.832169 0.0211524 0.992385 -0.121346 0.0211524 0.992385 -0.121346 0.0211524 0.992385 -0.121346 0.099304 -0.99502 -0.00862997 0.099304 -0.99502 -0.00862997 0.099304 -0.99502 -0.00862997 -0.856294 -0.0785902 -0.510474 -0.856294 -0.0785902 -0.510474 -0.856294 -0.0785902 -0.510474 0.260446 -0.958145 0.118851 0.260446 -0.958145 0.118851 0.260446 -0.958145 0.118851 0.856862 0.0786441 0.509512 0.856862 0.0786441 0.509512 0.856862 0.0786441 0.509512 0.826737 0.213423 0.520534 0.826737 0.213423 0.520534 0.826737 0.213423 0.520534 -0.0957625 0.995393 0.00476355 -0.0957625 0.995393 0.00476355 -0.0957625 0.995393 0.00476355 -0.842444 -0.223923 -0.490048 -0.842444 -0.223923 -0.490048 -0.842444 -0.223923 -0.490048 -0.277268 0.957889 -0.0746475 -0.277268 0.957889 -0.0746475 -0.277268 0.957889 -0.0746475 -0.927507 -0.296165 -0.228072 -0.927507 -0.296165 -0.228072 -0.927507 -0.296165 -0.228072 0.335822 -0.937035 -0.0958629 0.335822 -0.937035 -0.0958629 0.335822 -0.937035 -0.0958629 0.486611 -0.872337 -0.0472959 0.486611 -0.872337 -0.0472959 0.486611 -0.872337 -0.0472959 -0.335985 0.936923 0.0963787 -0.335985 0.936923 0.0963787 -0.335985 0.936923 0.0963787 -0.857313 -0.458679 -0.233726 -0.857313 -0.458679 -0.233726 -0.857313 -0.458679 -0.233726 0.927415 0.296042 0.228606 0.927415 0.296042 0.228606 0.927415 0.296042 0.228606 0.85432 0.455323 0.250635 0.85432 0.455323 0.250635 0.85432 0.455323 0.250635 -0.491655 0.868475 0.0634548 -0.491655 0.868475 0.0634548 -0.491655 0.868475 0.0634548 0.276209 0.247114 -0.928786 0.276209 0.247114 -0.928786 0.276209 0.247114 -0.928786 0.276208 0.247113 -0.928786 0.276208 0.247113 -0.928786 0.276208 0.247113 -0.928786</float_array>
          <technique_common>
            <accessor count="108" source="#ID105" stride="3">
              <param name="X" type="float"/>
              <param name="Y" type="float"/>
              <param name="Z" type="float"/>
            </accessor>
          </technique_common>
        </source>
        <vertices id="ID106">
          <input semantic="POSITION" source="#ID102"/>
          <input semantic="NORMAL" source="#ID104"/>
        </vertices>
        <triangles count="36" material="ID16">
          <input offset="0" semantic="VERTEX" source="#ID106"/>
          <p>0 1 2 3 4 5 6 7 8 9 10 11 12 13 14 15 16 17 18 19 20 21 22 23 24 25 26 27 28 29 30 31 32 33 34 35 36 37 38 39 40 41 42 43 44 45 46 47 48 49 50 51 52 53 54 55 56 57 58 59 60 61 62 63 64 65 66 67 68 69 70 71 72 73 74 75 76 77 78 79 80 81 82 83 84 85 86 87 88 89 90 91 92 93 94 95 96 97 98 99 100 101 102 103 104 105 106 107</p>
        </triangles>
      </mesh>
    </geometry>
    <geometry id="ID107">
      <mesh>
        <source id="ID108">
          <float_array count="180" id="ID109">-0.244783 0.239855 1.88827 -0.23802 0.24615 1.88799 -0.242929 0.244497 1.88302 -0.239874 0.241508 1.89324 -0.23802 0.24615 1.88799 -0.244783 0.239855 1.88827 -0.194465 0.18318 1.84052 -0.244783 0.239855 1.88827 -0.242929 0.244497 1.88302 -0.244783 0.239855 1.88827 -0.194465 0.18318 1.84052 -0.18741 0.185074 1.84419 -0.239874 0.241508 1.89324 -0.244783 0.239855 1.88827 -0.18741 0.185074 1.84419 -0.23802 0.24615 1.88799 -0.193882 0.18907 1.83405 -0.242929 0.244497 1.88302 -0.23802 0.24615 1.88799 -0.239874 0.241508 1.89324 -0.186827 0.190964 1.83771 -0.186827 0.190964 1.83771 -0.193882 0.18907 1.83405 -0.23802 0.24615 1.88799 -0.193882 0.18907 1.83405 -0.194465 0.18318 1.84052 -0.242929 0.244497 1.88302 -0.18741 0.185074 1.84419 -0.194465 0.18318 1.84052 -0.149339 0.133716 1.77674 -0.193882 0.18907 1.83405 -0.157831 0.130237 1.77375 -0.194465 0.18318 1.84052 -0.194465 0.18318 1.84052 -0.157831 0.130237 1.77375 -0.149339 0.133716 1.77674 -0.18741 0.185074 1.84419 -0.186827 0.190964 1.83771 -0.239874 0.241508 1.89324 -0.186827 0.190964 1.83771 -0.18741 0.185074 1.84419 -0.150123 0.140308 1.7683 -0.18741 0.185074 1.84419 -0.149339 0.133716 1.77674 -0.150123 0.140308 1.7683 -0.158616 0.136829 1.76531 -0.193882 0.18907 1.83405 -0.186827 0.190964 1.83771 -0.193882 0.18907 1.83405 -0.158616 0.136829 1.76531 -0.157831 0.130237 1.77375 -0.150123 0.140308 1.7683 -0.158616 0.136829 1.76531 -0.186827 0.190964 1.83771 -0.149339 0.133716 1.77674 -0.157831 0.130237 1.77375 -0.150123 0.140308 1.7683 -0.157831 0.130237 1.77375 -0.158616 0.136829 1.76531 -0.150123 0.140308 1.7683</float_array>
          <technique_common>
            <accessor count="60" source="#ID109" stride="3">
              <param name="X" type="float"/>
              <param name="Y" type="float"/>
              <param name="Z" type="float"/>
            </accessor>
          </technique_common>
        </source>
        <source id="ID110">
          <float_array count="180" id="ID111">-0.620089 0.683312 0.385454 -0.620089 0.683312 0.385454 -0.620089 0.683312 0.385454 -0.620093 0.683316 0.385439 -0.620093 0.683316 0.385439 -0.620093 0.683316 0.385439 -0.805801 -0.272448 -0.525792 -0.805801 -0.272448 -0.525792 -0.805801 -0.272448 -0.525792 -0.160962 -0.715575 0.679738 -0.160962 -0.715575 0.679738 -0.160962 -0.715575 0.679738 -0.306169 -0.770533 0.559052 -0.306169 -0.770533 0.559052 -0.306169 -0.770533 0.559052 0.308516 0.768403 -0.560691 0.308516 0.768403 -0.560691 0.308516 0.768403 -0.560691 0.807109 0.270702 0.524686 0.807109 0.270702 0.524686 0.807109 0.270702 0.524686 0.145351 0.736588 -0.660538 0.145351 0.736588 -0.660538 0.145351 0.736588 -0.660538 -0.831728 -0.371277 -0.412774 -0.831728 -0.371277 -0.412774 -0.831728 -0.371277 -0.412774 -0.0800299 -0.814285 0.574922 -0.0800299 -0.814285 0.574922 -0.0800299 -0.814285 0.574922 -0.918698 -0.247394 -0.30788 -0.918698 -0.247394 -0.30788 -0.918698 -0.247394 -0.30788 0.0827227 -0.758289 0.646649 0.0827227 -0.758289 0.646649 0.0827227 -0.758289 0.646649 0.816729 0.388251 0.426867 0.816729 0.388251 0.426867 0.816729 0.388251 0.426867 0.919477 0.245993 0.306674 0.919477 0.245993 0.306674 0.919477 0.245993 0.306674 0.898291 0.382938 0.21548 0.898291 0.382938 0.21548 0.898291 0.382938 0.21548 0.0810776 0.813164 -0.576359 0.0810776 0.813164 -0.576359 0.0810776 0.813164 -0.576359 -0.912667 -0.358953 -0.195426 -0.912667 -0.358953 -0.195426 -0.912667 -0.358953 -0.195426 -0.0999525 0.77783 -0.620475 -0.0999525 0.77783 -0.620475 -0.0999525 0.77783 -0.620475 0.475411 -0.671583 -0.568297 0.475411 -0.671583 -0.568297 0.475411 -0.671583 -0.568297 0.475411 -0.671583 -0.568297 0.475411 -0.671583 -0.568297 0.475411 -0.671583 -0.568297</float_array>
          <technique_common>
            <accessor count="60" source="#ID111" stride="3">
              <param name="X" type="float"/>
              <param name="Y" type="float"/>
              <param name="Z" type="float"/>
            </accessor>
          </technique_common>
        </source>
        <vertices id="ID112">
          <input semantic="POSITION" source="#ID108"/>
          <input semantic="NORMAL" source="#ID110"/>
        </vertices>
        <triangles count="20" material="ID16">
          <input offset="0" semantic="VERTEX" source="#ID112"/>
          <p>0 1 2 3 4 5 6 7 8 9 10 11 12 13 14 15 16 17 18 19 20 21 22 23 24 25 26 27 28 29 30 31 32 33 34 35 36 37 38 39 40 41 42 43 44 45 46 47 48 49 50 51 52 53 54 55 56 57 58 59</p>
        </triangles>
      </mesh>
    </geometry>
    <geometry id="ID113">
      <mesh>
        <source id="ID114">
          <float_array count="324" id="ID115">-0.291957 0.332169 1.51995 -0.288186 0.3369 1.51707 -0.29491 0.331719 1.51279 -0.288186 0.3369 1.51707 -0.291957 0.332169 1.51995 -0.199405 0.248951 1.46787 -0.291957 0.332169 1.51995 -0.29491 0.331719 1.51279 -0.202688 0.242288 1.47188 -0.199405 0.248951 1.46787 -0.291957 0.332169 1.51995 -0.202688 0.242288 1.47188 -0.288186 0.3369 1.51707 -0.291139 0.33645 1.50991 -0.29491 0.331719 1.51279 -0.206537 0.250864 1.46373 -0.291139 0.33645 1.50991 -0.288186 0.3369 1.51707 -0.288186 0.3369 1.51707 -0.199405 0.248951 1.46787 -0.206537 0.250864 1.46373 -0.29491 0.331719 1.51279 -0.20982 0.244201 1.46774 -0.202688 0.242288 1.47188 -0.20982 0.244201 1.46774 -0.29491 0.331719 1.51279 -0.291139 0.33645 1.50991 -0.20982 0.244201 1.46774 -0.177445 0.190566 1.36992 -0.202688 0.242288 1.47188 -0.202688 0.242288 1.47188 -0.173996 0.197819 1.36224 -0.199405 0.248951 1.46787 -0.202688 0.242288 1.47188 -0.177445 0.190566 1.36992 -0.173996 0.197819 1.36224 -0.20982 0.244201 1.46774 -0.291139 0.33645 1.50991 -0.206537 0.250864 1.46373 -0.18489 0.188548 1.36175 -0.20982 0.244201 1.46774 -0.206537 0.250864 1.46373 -0.20982 0.244201 1.46774 -0.18489 0.188548 1.36175 -0.177445 0.190566 1.36992 -0.181441 0.195801 1.35408 -0.206537 0.250864 1.46373 -0.199405 0.248951 1.46787 -0.173996 0.197819 1.36224 -0.181441 0.195801 1.35408 -0.199405 0.248951 1.46787 -0.181441 0.195801 1.35408 -0.18489 0.188548 1.36175 -0.206537 0.250864 1.46373 -0.18489 0.188548 1.36175 -0.11913 0.125538 1.31395 -0.177445 0.190566 1.36992 -0.181441 0.195801 1.35408 -0.13152 0.125164 1.31082 -0.18489 0.188548 1.36175 -0.18489 0.188548 1.36175 -0.13152 0.125164 1.31082 -0.11913 0.125538 1.31395 -0.173996 0.197819 1.36224 -0.177445 0.190566 1.36992 -0.118235 0.136609 1.30641 -0.11913 0.125538 1.31395 -0.118235 0.136609 1.30641 -0.177445 0.190566 1.36992 -0.130625 0.136235 1.30327 -0.181441 0.195801 1.35408 -0.173996 0.197819 1.36224 -0.130625 0.136235 1.30327 -0.13152 0.125164 1.31082 -0.181441 0.195801 1.35408 -0.173996 0.197819 1.36224 -0.118235 0.136609 1.30641 -0.130625 0.136235 1.30327 -0.13152 0.125164 1.31082 -0.0853996 0.0461375 1.13936 -0.11913 0.125538 1.31395 -0.100846 0.0432747 1.13713 -0.13152 0.125164 1.31082 -0.130625 0.136235 1.30327 -0.100846 0.0432747 1.13713 -0.0853996 0.0461375 1.13936 -0.13152 0.125164 1.31082 -0.118235 0.136609 1.30641 -0.11913 0.125538 1.31395 -0.0869873 0.0596849 1.12939 -0.0853996 0.0461375 1.13936 -0.0869873 0.0596849 1.12939 -0.11913 0.125538 1.31395 -0.102434 0.0568219 1.12717 -0.130625 0.136235 1.30327 -0.118235 0.136609 1.30641 -0.102434 0.0568219 1.12717 -0.100846 0.0432747 1.13713 -0.130625 0.136235 1.30327 -0.118235 0.136609 1.30641 -0.0869873 0.0596849 1.12939 -0.102434 0.0568219 1.12717 -0.100846 0.0432747 1.13713 -0.0869873 0.0596849 1.12939 -0.0853996 0.0461375 1.13936 -0.100846 0.0432747 1.13713 -0.102434 0.0568219 1.12717 -0.0869873 0.0596849 1.12939</float_array>
          <technique_common>
            <accessor count="108" source="#ID115" stride="3">
              <param name="X" type="float"/>
              <param name="Y" type="float"/>
              <param name="Z" type="float"/>
            </accessor>
          </technique_common>
        </source>
        <source id="ID116">
          <float_array count="324" id="ID117">-0.683553 0.689827 0.238523 -0.683553 0.689827 0.238523 -0.683553 0.689827 0.238523 0.541202 0.0778933 0.837277 0.541202 0.0778933 0.837277 0.541202 0.0778933 0.837277 -0.595618 -0.74807 0.292626 -0.595618 -0.74807 0.292626 -0.595618 -0.74807 0.292626 0.598096 0.175828 0.781899 0.598096 0.175828 0.781899 0.598096 0.175828 0.781899 -0.683554 0.689826 0.238526 -0.683554 0.689826 0.238526 -0.683554 0.689826 0.238526 0.596286 0.747444 -0.292866 0.596286 0.747444 -0.292866 0.596286 0.747444 -0.292866 0.473574 0.742814 -0.473238 0.473574 0.742814 -0.473238 0.473574 0.742814 -0.473238 -0.481258 -0.723008 0.495632 -0.481258 -0.723008 0.495632 -0.481258 -0.723008 0.495632 -0.533861 -0.086093 -0.841178 -0.533861 -0.086093 -0.841178 -0.533861 -0.086093 -0.841178 -0.417001 -0.848062 0.326956 -0.417001 -0.848062 0.326956 -0.417001 -0.848062 0.326956 0.908985 -0.244968 0.337249 0.908985 -0.244968 0.337249 0.908985 -0.244968 0.337249 0.944702 -0.131305 0.300494 0.944702 -0.131305 0.300494 0.944702 -0.131305 0.300494 -0.601122 -0.173283 -0.780145 -0.601122 -0.173283 -0.780145 -0.601122 -0.173283 -0.780145 -0.908294 0.242416 -0.340934 -0.908294 0.242416 -0.340934 -0.908294 0.242416 -0.340934 -0.214218 -0.884652 0.414128 -0.214218 -0.884652 0.414128 -0.214218 -0.884652 0.414128 0.418038 0.846585 -0.329451 0.418038 0.846585 -0.329451 0.418038 0.846585 -0.329451 0.185169 0.901247 -0.391748 0.185169 0.901247 -0.391748 0.185169 0.901247 -0.391748 -0.946391 0.144244 -0.289031 -0.946391 0.144244 -0.289031 -0.946391 0.144244 -0.289031 -0.361829 -0.772972 0.521148 -0.361829 -0.772972 0.521148 -0.361829 -0.772972 0.521148 -0.796666 -0.217669 -0.563864 -0.796666 -0.217669 -0.563864 -0.796666 -0.217669 -0.563864 -0.156528 -0.695417 0.701351 -0.156528 -0.695417 0.701351 -0.156528 -0.695417 0.701351 0.798677 0.21486 0.562095 0.798677 0.21486 0.562095 0.798677 0.21486 0.562095 0.809703 0.284296 0.513378 0.809703 0.284296 0.513378 0.809703 0.284296 0.513378 0.370158 0.76514 -0.526824 0.370158 0.76514 -0.526824 0.370158 0.76514 -0.526824 -0.821429 -0.274264 -0.500034 -0.821429 -0.274264 -0.500034 -0.821429 -0.274264 -0.500034 0.14524 0.735722 -0.661527 0.14524 0.735722 -0.661527 0.14524 0.735722 -0.661527 -0.0739439 -0.913107 0.40096 -0.0739439 -0.913107 0.40096 -0.0739439 -0.913107 0.40096 -0.986621 -0.0294812 -0.160344 -0.986621 -0.0294812 -0.160344 -0.986621 -0.0294812 -0.160344 0.102282 -0.892674 0.438944 0.102282 -0.892674 0.438944 0.102282 -0.892674 0.438944 0.986483 0.0300021 0.161097 0.986483 0.0300021 0.161097 0.986483 0.0300021 0.161097 0.976485 0.189737 0.102361 0.976485 0.189737 0.102361 0.976485 0.189737 0.102361 0.0737244 0.913491 -0.400123 0.0737244 0.913491 -0.400123 0.0737244 0.913491 -0.400123 -0.981709 -0.173202 -0.0790485 -0.981709 -0.173202 -0.0790485 -0.981709 -0.173202 -0.0790485 -0.108344 0.904618 -0.412223 -0.108344 0.904618 -0.412223 -0.108344 0.904618 -0.412223 0.218891 -0.561407 -0.798065 0.218891 -0.561407 -0.798065 0.218891 -0.561407 -0.798065 0.218893 -0.561408 -0.798064 0.218893 -0.561408 -0.798064 0.218893 -0.561408 -0.798064</float_array>
          <technique_common>
            <accessor count="108" source="#ID117" stride="3">
              <param name="X" type="float"/>
              <param name="Y" type="float"/>
              <param name="Z" type="float"/>
            </accessor>
          </technique_common>
        </source>
        <vertices id="ID118">
          <input semantic="POSITION" source="#ID114"/>
          <input semantic="NORMAL" source="#ID116"/>
        </vertices>
        <triangles count="36" material="ID16">
          <input offset="0" semantic="VERTEX" source="#ID118"/>
          <p>0 1 2 3 4 5 6 7 8 9 10 11 12 13 14 15 16 17 18 19 20 21 22 23 24 25 26 27 28 29 30 31 32 33 34 35 36 37 38 39 40 41 42 43 44 45 46 47 48 49 50 51 52 53 54 55 56 57 58 59 60 61 62 63 64 65 66 67 68 69 70 71 72 73 74 75 76 77 78 79 80 81 82 83 84 85 86 87 88 89 90 91 92 93 94 95 96 97 98 99 100 101 102 103 104 105 106 107</p>
        </triangles>
      </mesh>
    </geometry>
    <geometry id="ID119">
      <mesh>
        <source id="ID120">
          <float_array count="324" id="ID121">-0.358536 -0.0197783 1.91681 -0.36155 -0.0216255 1.91004 -0.359425 -0.0276793 1.91114 -0.358536 -0.0197783 1.91681 -0.266648 0.00264554 1.83249 -0.36155 -0.0216255 1.91004 -0.358536 -0.0197783 1.91681 -0.359425 -0.0276793 1.91114 -0.356411 -0.0258321 1.9179 -0.261186 0.00675583 1.83789 -0.266648 0.00264554 1.83249 -0.358536 -0.0197783 1.91681 -0.261186 0.00675583 1.83789 -0.358536 -0.0197783 1.91681 -0.356411 -0.0258321 1.9179 -0.262785 -0.00426583 1.83459 -0.359425 -0.0276793 1.91114 -0.36155 -0.0216255 1.91004 -0.36155 -0.0216255 1.91004 -0.266648 0.00264554 1.83249 -0.262785 -0.00426583 1.83459 -0.359425 -0.0276793 1.91114 -0.262785 -0.00426583 1.83459 -0.257323 -0.000155542 1.83999 -0.359425 -0.0276793 1.91114 -0.257323 -0.000155542 1.83999 -0.356411 -0.0258321 1.9179 -0.206323 0.00558311 1.73512 -0.262785 -0.00426583 1.83459 -0.266648 0.00264554 1.83249 -0.257323 -0.000155542 1.83999 -0.262785 -0.00426583 1.83459 -0.204582 0.0111187 1.74545 -0.206323 0.00558311 1.73512 -0.204582 0.0111187 1.74545 -0.262785 -0.00426583 1.83459 -0.261186 0.00675583 1.83789 -0.210332 0.0136765 1.72944 -0.266648 0.00264554 1.83249 -0.210332 0.0136765 1.72944 -0.206323 0.00558311 1.73512 -0.266648 0.00264554 1.83249 -0.257323 -0.000155542 1.83999 -0.261186 0.00675583 1.83789 -0.356411 -0.0258321 1.9179 -0.261186 0.00675583 1.83789 -0.257323 -0.000155542 1.83999 -0.208591 0.0192122 1.73977 -0.257323 -0.000155542 1.83999 -0.204582 0.0111187 1.74545 -0.208591 0.0192122 1.73977 -0.208591 0.0192122 1.73977 -0.210332 0.0136765 1.72944 -0.261186 0.00675583 1.83789 -0.206323 0.00558311 1.73512 -0.210332 0.0136765 1.72944 -0.12058 0.0269718 1.69489 -0.204582 0.0111187 1.74545 -0.206323 0.00558311 1.73512 -0.116374 0.0363045 1.70415 -0.12058 0.0269718 1.69489 -0.116374 0.0363045 1.70415 -0.206323 0.00558311 1.73512 -0.208591 0.0192122 1.73977 -0.127946 0.0352001 1.6872 -0.210332 0.0136765 1.72944 -0.210332 0.0136765 1.72944 -0.127946 0.0352001 1.6872 -0.12058 0.0269718 1.69489 -0.12374 0.0445328 1.69646 -0.208591 0.0192122 1.73977 -0.204582 0.0111187 1.74545 -0.204582 0.0111187 1.74545 -0.116374 0.0363045 1.70415 -0.12374 0.0445328 1.69646 -0.208591 0.0192122 1.73977 -0.12374 0.0445328 1.69646 -0.127946 0.0352001 1.6872 -0.127946 0.0352001 1.6872 -0.0301995 0.046596 1.60021 -0.12058 0.0269718 1.69489 -0.0401799 0.0546993 1.58874 -0.127946 0.0352001 1.6872 -0.12374 0.0445328 1.69646 -0.0401799 0.0546993 1.58874 -0.0301995 0.046596 1.60021 -0.127946 0.0352001 1.6872 -0.12058 0.0269718 1.69489 -0.0266212 0.0598707 1.60994 -0.116374 0.0363045 1.70415 -0.12058 0.0269718 1.69489 -0.0301995 0.046596 1.60021 -0.0266212 0.0598707 1.60994 -0.116374 0.0363045 1.70415 -0.0366016 0.067974 1.59847 -0.12374 0.0445328 1.69646 -0.0401799 0.0546993 1.58874 -0.12374 0.0445328 1.69646 -0.0366016 0.067974 1.59847 -0.116374 0.0363045 1.70415 -0.0266212 0.0598707 1.60994 -0.0366016 0.067974 1.59847 -0.0301995 0.046596 1.60021 -0.0401799 0.0546993 1.58874 -0.0366016 0.067974 1.59847 -0.0266212 0.0598707 1.60994 -0.0301995 0.046596 1.60021 -0.0366016 0.067974 1.59847</float_array>
          <technique_common>
            <accessor count="108" source="#ID121" stride="3">
              <param name="X" type="float"/>
              <param name="Y" type="float"/>
              <param name="Z" type="float"/>
            </accessor>
          </technique_common>
        </source>
        <source id="ID122">
          <float_array count="324" id="ID123">-0.866325 -0.223045 0.446913 -0.866325 -0.223045 0.446913 -0.866325 -0.223045 0.446913 -0.329283 0.937869 -0.109428 -0.329283 0.937869 -0.109428 -0.329283 0.937869 -0.109428 -0.866308 -0.223064 0.446936 -0.866308 -0.223064 0.446936 -0.866308 -0.223064 0.446936 -0.426989 0.873732 -0.232965 -0.426989 0.873732 -0.232965 -0.426989 0.873732 -0.232965 0.538658 0.329651 0.775357 0.538658 0.329651 0.775357 0.538658 0.329651 0.775357 -0.536049 -0.329125 -0.777385 -0.536049 -0.329125 -0.777385 -0.536049 -0.329125 -0.777385 -0.474206 -0.487783 -0.732937 -0.474206 -0.487783 -0.732937 -0.474206 -0.487783 -0.732937 0.411128 -0.876345 0.250983 0.411128 -0.876345 0.250983 0.411128 -0.876345 0.250983 0.329142 -0.937909 0.109511 0.329142 -0.937909 0.109511 0.329142 -0.937909 0.109511 -0.710435 -0.535769 -0.456326 -0.710435 -0.535769 -0.456326 -0.710435 -0.535769 -0.456326 0.482366 -0.859992 0.166542 0.482366 -0.859992 0.166542 0.482366 -0.859992 0.166542 0.626224 -0.726248 0.283562 0.626224 -0.726248 0.283562 0.626224 -0.726248 0.283562 -0.479632 0.860852 -0.169961 -0.479632 0.860852 -0.169961 -0.479632 0.860852 -0.169961 -0.655932 -0.623659 -0.425209 -0.655932 -0.623659 -0.425209 -0.655932 -0.623659 -0.425209 0.460184 0.483497 0.744621 0.460184 0.483497 0.744621 0.460184 0.483497 0.744621 0.713876 0.535977 0.450677 0.713876 0.535977 0.450677 0.713876 0.535977 0.450677 0.646668 0.626265 0.435446 0.646668 0.626265 0.435446 0.646668 0.626265 0.435446 -0.660674 0.702357 -0.264962 -0.660674 0.702357 -0.264962 -0.660674 0.702357 -0.264962 -0.197185 -0.62713 -0.753542 -0.197185 -0.62713 -0.753542 -0.197185 -0.62713 -0.753542 0.412691 -0.830026 0.375157 0.412691 -0.830026 0.375157 0.412691 -0.830026 0.375157 0.432204 -0.725789 0.535191 0.432204 -0.725789 0.535191 0.432204 -0.725789 0.535191 -0.409922 0.830957 -0.376132 -0.409922 0.830957 -0.376132 -0.409922 0.830957 -0.376132 -0.14288 -0.740891 -0.656251 -0.14288 -0.740891 -0.656251 -0.14288 -0.740891 -0.656251 0.197407 0.627178 0.753444 0.197407 0.627178 0.753444 0.197407 0.627178 0.753444 0.108568 0.728741 0.676128 0.108568 0.728741 0.676128 0.108568 0.728741 0.676128 -0.474134 0.718531 -0.508832 -0.474134 0.718531 -0.508832 -0.474134 0.718531 -0.508832 -0.355578 -0.787914 -0.502748 -0.355578 -0.787914 -0.502748 -0.355578 -0.787914 -0.502748 -0.609209 0.679756 -0.408405 -0.609209 0.679756 -0.408405 -0.609209 0.679756 -0.408405 -0.254057 -0.880248 -0.400773 -0.254057 -0.880248 -0.400773 -0.254057 -0.880248 -0.400773 0.608176 -0.680157 0.409278 0.608176 -0.680157 0.409278 0.608176 -0.680157 0.409278 0.656988 -0.55284 0.512576 0.656988 -0.55284 0.512576 0.656988 -0.55284 0.512576 0.35449 0.78781 0.503679 0.35449 0.78781 0.503679 0.35449 0.78781 0.503679 -0.688925 0.540078 -0.483422 -0.688925 0.540078 -0.483422 -0.688925 0.540078 -0.483422 0.219418 0.876582 0.428322 0.219418 0.876582 0.428322 0.219418 0.876582 0.428322 0.804 0.195046 -0.561731 0.804 0.195046 -0.561731 0.804 0.195046 -0.561731 0.804 0.195046 -0.561731 0.804 0.195046 -0.561731 0.804 0.195046 -0.561731</float_array>
          <technique_common>
            <accessor count="108" source="#ID123" stride="3">
              <param name="X" type="float"/>
              <param name="Y" type="float"/>
              <param name="Z" type="float"/>
            </accessor>
          </technique_common>
        </source>
        <vertices id="ID124">
          <input semantic="POSITION" source="#ID120"/>
          <input semantic="NORMAL" source="#ID122"/>
        </vertices>
        <triangles count="36" material="ID16">
          <input offset="0" semantic="VERTEX" source="#ID124"/>
          <p>0 1 2 3 4 5 6 7 8 9 10 11 12 13 14 15 16 17 18 19 20 21 22 23 24 25 26 27 28 29 30 31 32 33 34 35 36 37 38 39 40 41 42 43 44 45 46 47 48 49 50 51 52 53 54 55 56 57 58 59 60 61 62 63 64 65 66 67 68 69 70 71 72 73 74 75 76 77 78 79 80 81 82 83 84 85 86 87 88 89 90 91 92 93 94 95 96 97 98 99 100 101 102 103 104 105 106 107</p>
        </triangles>
      </mesh>
    </geometry>
    <geometry id="ID125">
      <mesh>
        <source id="ID126">
          <float_array count="540" id="ID127">-0.504251 0.177584 1.47897 -0.507058 0.172369 1.47805 -0.503453 0.169856 1.48308 -0.474395 0.158925 1.43312 -0.507058 0.172369 1.47805 -0.504251 0.177584 1.47897 -0.504251 0.177584 1.47897 -0.503453 0.169856 1.48308 -0.500647 0.175071 1.484 -0.504251 0.177584 1.47897 -0.472905 0.166207 1.43392 -0.474395 0.158925 1.43312 -0.500647 0.175071 1.484 -0.472905 0.166207 1.43392 -0.504251 0.177584 1.47897 -0.507058 0.172369 1.47805 -0.473764 0.158146 1.44233 -0.503453 0.169856 1.48308 -0.507058 0.172369 1.47805 -0.474395 0.158925 1.43312 -0.473764 0.158146 1.44233 -0.473764 0.158146 1.44233 -0.472274 0.165428 1.44313 -0.503453 0.169856 1.48308 -0.500647 0.175071 1.484 -0.503453 0.169856 1.48308 -0.472274 0.165428 1.44313 -0.473764 0.158146 1.44233 -0.474395 0.158925 1.43312 -0.403489 0.144138 1.43454 -0.474395 0.158925 1.43312 -0.472905 0.166207 1.43392 -0.408625 0.144489 1.42485 -0.403489 0.144138 1.43454 -0.474395 0.158925 1.43312 -0.408625 0.144489 1.42485 -0.472274 0.165428 1.44313 -0.473764 0.158146 1.44233 -0.401439 0.153186 1.43336 -0.401439 0.153186 1.43336 -0.473764 0.158146 1.44233 -0.403489 0.144138 1.43454 -0.500647 0.175071 1.484 -0.472274 0.165428 1.44313 -0.472905 0.166207 1.43392 -0.406575 0.153537 1.42367 -0.472905 0.166207 1.43392 -0.472274 0.165428 1.44313 -0.406575 0.153537 1.42367 -0.408625 0.144489 1.42485 -0.472905 0.166207 1.43392 -0.472274 0.165428 1.44313 -0.401439 0.153186 1.43336 -0.406575 0.153537 1.42367 -0.408625 0.144489 1.42485 -0.354578 0.129733 1.39607 -0.403489 0.144138 1.43454 -0.401439 0.153186 1.43336 -0.403489 0.144138 1.43454 -0.353404 0.141029 1.3928 -0.353404 0.141029 1.3928 -0.403489 0.144138 1.43454 -0.354578 0.129733 1.39607 -0.408625 0.144489 1.42485 -0.406575 0.153537 1.42367 -0.364038 0.129138 1.38762 -0.364038 0.129138 1.38762 -0.354578 0.129733 1.39607 -0.408625 0.144489 1.42485 -0.401439 0.153186 1.43336 -0.362864 0.140435 1.38435 -0.406575 0.153537 1.42367 -0.401439 0.153186 1.43336 -0.353404 0.141029 1.3928 -0.362864 0.140435 1.38435 -0.364038 0.129138 1.38762 -0.406575 0.153537 1.42367 -0.362864 0.140435 1.38435 -0.354578 0.129733 1.39607 -0.364038 0.129138 1.38762 -0.24304 0.0834411 1.20969 -0.248557 0.0782934 1.19415 -0.364038 0.129138 1.38762 -0.362864 0.140435 1.38435 -0.248557 0.0782934 1.19415 -0.24304 0.0834411 1.20969 -0.364038 0.129138 1.38762 -0.354578 0.129733 1.39607 -0.241938 0.096692 1.20226 -0.353404 0.141029 1.3928 -0.24304 0.0834411 1.20969 -0.241938 0.096692 1.20226 -0.354578 0.129733 1.39607 -0.247455 0.0915444 1.18672 -0.362864 0.140435 1.38435 -0.353404 0.141029 1.3928 -0.362864 0.140435 1.38435 -0.247455 0.0915444 1.18672 -0.248557 0.0782934 1.19415 -0.353404 0.141029 1.3928 -0.241938 0.096692 1.20226 -0.247455 0.0915444 1.18672 -0.248557 0.0782934 1.19415 -0.0851745 0.0468759 1.14356 -0.24304 0.0834411 1.20969 -0.248557 0.0782934 1.19415 -0.247455 0.0915444 1.18672 -0.0994439 0.0398641 1.13248 -0.0994439 0.0398641 1.13248 -0.0851745 0.0468759 1.14356 -0.248557 0.0782934 1.19415 -0.0883916 0.063097 1.13405 -0.241938 0.096692 1.20226 -0.24304 0.0834411 1.20969 -0.0883916 0.063097 1.13405 -0.24304 0.0834411 1.20969 -0.0851745 0.0468759 1.14356 -0.241938 0.096692 1.20226 -0.102661 0.0560852 1.12297 -0.247455 0.0915444 1.18672 -0.247455 0.0915444 1.18672 -0.102661 0.0560852 1.12297 -0.0994439 0.0398641 1.13248 -0.0883916 0.063097 1.13405 -0.102661 0.0560852 1.12297 -0.241938 0.096692 1.20226 -0.0994439 0.0398641 1.13248 0.0176237 0.0075781 0.984629 -0.0851745 0.0468759 1.14356 -0.102661 0.0560852 1.12297 -0.00218288 -0.00304501 0.9801 -0.0994439 0.0398641 1.13248 -0.00218288 -0.00304501 0.9801 0.0176237 0.0075781 0.984629 -0.0994439 0.0398641 1.13248 -0.0883916 0.063097 1.13405 -0.0851745 0.0468759 1.14356 0.008508 0.0270955 0.975442 -0.0851745 0.0468759 1.14356 0.0176237 0.0075781 0.984629 0.008508 0.0270955 0.975442 -0.0883916 0.063097 1.13405 -0.0112985 0.0164724 0.970913 -0.102661 0.0560852 1.12297 -0.102661 0.0560852 1.12297 -0.0112985 0.0164724 0.970913 -0.00218288 -0.00304501 0.9801 -0.0883916 0.063097 1.13405 0.008508 0.0270955 0.975442 -0.0112985 0.0164724 0.970913 -0.0112985 0.0164724 0.970913 0.0197683 -0.022654 0.901185 -0.00218288 -0.00304501 0.9801 -0.00218288 -0.00304501 0.9801 0.0421717 -0.00534048 0.904767 0.0176237 0.0075781 0.984629 0.0197683 -0.022654 0.901185 0.0421717 -0.00534048 0.904767 -0.00218288 -0.00304501 0.9801 0.00424763 -0.00093374 0.888893 -0.0112985 0.0164724 0.970913 0.008508 0.0270955 0.975442 -0.0112985 0.0164724 0.970913 0.00424763 -0.00093374 0.888893 0.0197683 -0.022654 0.901185 0.008508 0.0270955 0.975442 0.0176237 0.0075781 0.984629 0.026651 0.0163799 0.892474 0.026651 0.0163799 0.892474 0.0176237 0.0075781 0.984629 0.0421717 -0.00534048 0.904767 0.008508 0.0270955 0.975442 0.026651 0.0163799 0.892474 0.00424763 -0.00093374 0.888893 0.026651 0.0163799 0.892474 0.0197683 -0.022654 0.901185 0.00424763 -0.00093374 0.888893 0.0421717 -0.00534048 0.904767 0.0197683 -0.022654 0.901185 0.026651 0.0163799 0.892474</float_array>
          <technique_common>
            <accessor count="180" source="#ID127" stride="3">
              <param name="X" type="float"/>
              <param name="Y" type="float"/>
              <param name="Z" type="float"/>
            </accessor>
          </technique_common>
        </source>
        <source id="ID128">
          <float_array count="540" id="ID129">-0.713922 0.270061 0.646052 -0.713922 0.270061 0.646052 -0.713922 0.270061 0.646052 -0.648885 0.456855 -0.608466 -0.648885 0.456855 -0.608466 -0.648885 0.456855 -0.608466 -0.713925 0.270059 0.646049 -0.713925 0.270059 0.646049 -0.713925 0.270059 0.646049 -0.77284 0.223153 -0.594072 -0.77284 0.223153 -0.594072 -0.77284 0.223153 -0.594072 0.467487 0.877914 0.103555 0.467487 0.877914 0.103555 0.467487 0.877914 0.103555 -0.476018 -0.874224 -0.0956013 -0.476018 -0.874224 -0.0956013 -0.476018 -0.874224 -0.0956013 -0.43402 -0.899713 -0.0462971 -0.43402 -0.899713 -0.0462971 -0.43402 -0.899713 -0.0462971 0.756534 -0.222136 0.61507 0.756534 -0.222136 0.61507 0.756534 -0.222136 0.61507 0.672658 -0.463981 0.576414 0.672658 -0.463981 0.576414 0.672658 -0.463981 0.576414 -0.202349 -0.976902 -0.0686864 -0.202349 -0.976902 -0.0686864 -0.202349 -0.976902 -0.0686864 -0.0960772 0.127713 -0.987147 -0.0960772 0.127713 -0.987147 -0.0960772 0.127713 -0.987147 -0.205012 -0.976014 0.0732564 -0.205012 -0.976014 0.0732564 -0.205012 -0.976014 0.0732564 0.113158 -0.130996 0.984904 0.113158 -0.130996 0.984904 0.113158 -0.130996 0.984904 0.129163 0.0991995 0.986649 0.129163 0.0991995 0.986649 0.129163 0.0991995 0.986649 0.386828 0.920724 0.0513033 0.386828 0.920724 0.0513033 0.386828 0.920724 0.0513033 0.197455 0.977873 0.0691019 0.197455 0.977873 0.0691019 0.197455 0.977873 0.0691019 -0.168712 -0.0895931 -0.981585 -0.168712 -0.0895931 -0.981585 -0.168712 -0.0895931 -0.981585 0.163279 0.985271 -0.0508071 0.163279 0.985271 -0.0508071 0.163279 0.985271 -0.0508071 -0.221544 -0.971682 0.0821738 -0.221544 -0.971682 0.0821738 -0.221544 -0.971682 0.0821738 0.637942 -0.0444476 0.768801 0.637942 -0.0444476 0.768801 0.637942 -0.0444476 0.768801 0.638298 0.15228 0.754577 0.638298 0.15228 0.754577 0.638298 0.15228 0.754577 -0.631752 0.0423515 -0.774013 -0.631752 0.0423515 -0.774013 -0.631752 0.0423515 -0.774013 -0.14227 -0.963479 0.226863 -0.14227 -0.963479 0.226863 -0.14227 -0.963479 0.226863 0.218853 0.972413 -0.0807215 0.218853 0.972413 -0.0807215 0.218853 0.972413 -0.0807215 0.0975529 0.979194 -0.177942 0.0975529 0.979194 -0.177942 0.0975529 0.979194 -0.177942 -0.684861 -0.136219 -0.715828 -0.684861 -0.136219 -0.715828 -0.684861 -0.136219 -0.715828 -0.101433 -0.978016 0.1822 -0.101433 -0.978016 0.1822 -0.101433 -0.978016 0.1822 -0.863688 -0.0554059 -0.500973 -0.863688 -0.0554059 -0.500973 -0.863688 -0.0554059 -0.500973 0.0686692 -0.954037 0.291715 0.0686692 -0.954037 0.291715 0.0686692 -0.954037 0.291715 0.867285 0.0532878 0.494951 0.867285 0.0532878 0.494951 0.867285 0.0532878 0.494951 0.862471 0.191022 0.468673 0.862471 0.191022 0.468673 0.862471 0.191022 0.468673 0.101727 0.977925 -0.182523 0.101727 0.977925 -0.182523 0.101727 0.977925 -0.182523 -0.867802 -0.186128 -0.460735 -0.867802 -0.186128 -0.460735 -0.867802 -0.186128 -0.460735 -0.100157 0.954555 -0.280703 -0.100157 0.954555 -0.280703 -0.100157 0.954555 -0.280703 -0.0758213 -0.938172 0.337764 -0.0758213 -0.938172 0.337764 -0.0758213 -0.938172 0.337764 -0.43686 -0.411938 -0.799663 -0.43686 -0.411938 -0.799663 -0.43686 -0.411938 -0.799663 0.00225834 -0.846222 0.532826 0.00225834 -0.846222 0.532826 0.00225834 -0.846222 0.532826 0.443714 0.409853 0.796956 0.443714 0.409853 0.796956 0.443714 0.409853 0.796956 0.429733 0.518727 0.739089 0.429733 0.518727 0.739089 0.429733 0.518727 0.739089 0.0802634 0.937334 -0.33906 0.0802634 0.937334 -0.33906 0.0802634 0.937334 -0.33906 -0.447815 -0.516785 -0.729654 -0.447815 -0.516785 -0.729654 -0.447815 -0.516785 -0.729654 -0.0343081 0.863804 -0.502659 -0.0343081 0.863804 -0.502659 -0.0343081 0.863804 -0.502659 0.18344 -0.920071 0.34615 0.18344 -0.920071 0.34615 0.18344 -0.920071 0.34615 -0.818835 -0.402471 -0.4093 -0.818835 -0.402471 -0.4093 -0.818835 -0.402471 -0.4093 0.34014 -0.825901 0.449657 0.34014 -0.825901 0.449657 0.34014 -0.825901 0.449657 0.819016 0.402356 0.40905 0.819016 0.402356 0.40905 0.819016 0.402356 0.40905 0.766043 0.529393 0.364584 0.766043 0.529393 0.364584 0.766043 0.529393 0.364584 -0.181354 0.919586 -0.348528 -0.181354 0.919586 -0.348528 -0.181354 0.919586 -0.348528 -0.783655 -0.523453 -0.334487 -0.783655 -0.523453 -0.334487 -0.783655 -0.523453 -0.334487 -0.357007 0.839914 -0.408767 -0.357007 0.839914 -0.408767 -0.357007 0.839914 -0.408767 -0.874478 -0.468168 -0.126916 -0.874478 -0.468168 -0.126916 -0.874478 -0.468168 -0.126916 0.407508 -0.873436 0.266547 0.407508 -0.873436 0.266547 0.407508 -0.873436 0.266547 0.539981 -0.769341 0.341373 0.539981 -0.769341 0.341373 0.539981 -0.769341 0.341373 -0.408639 0.874003 -0.262934 -0.408639 0.874003 -0.262934 -0.408639 0.874003 -0.262934 -0.805957 -0.591346 -0.0272679 -0.805957 -0.591346 -0.0272679 -0.805957 -0.591346 -0.0272679 0.873372 0.46928 0.130376 0.873372 0.46928 0.130376 0.873372 0.46928 0.130376 0.76844 0.625515 0.135019 0.76844 0.625515 0.135019 0.76844 0.625515 0.135019 -0.572558 0.787825 -0.226956 -0.572558 0.787825 -0.226956 -0.572558 0.787825 -0.226956 0.346538 -0.262099 -0.900675 0.346538 -0.262099 -0.900675 0.346538 -0.262099 -0.900675 0.346535 -0.262099 -0.900676 0.346535 -0.262099 -0.900676 0.346535 -0.262099 -0.900676</float_array>
          <technique_common>
            <accessor count="180" source="#ID129" stride="3">
              <param name="X" type="float"/>
              <param name="Y" type="float"/>
              <param name="Z" type="float"/>
            </accessor>
          </technique_common>
        </source>
        <vertices id="ID130">
          <input semantic="POSITION" source="#ID126"/>
          <input semantic="NORMAL" source="#ID128"/>
        </vertices>
        <triangles count="60" material="ID16">
          <input offset="0" semantic="VERTEX" source="#ID130"/>
          <p>0 1 2 3 4 5 6 7 8 9 10 11 12 13 14 15 16 17 18 19 20 21 22 23 24 25 26 27 28 29 30 31 32 33 34 35 36 37 38 39 40 41 42 43 44 45 46 47 48 49 50 51 52 53 54 55 56 57 58 59 60 61 62 63 64 65 66 67 68 69 70 71 72 73 74 75 76 77 78 79 80 81 82 83 84 85 86 87 88 89 90 91 92 93 94 95 96 97 98 99 100 101 102 103 104 105 106 107 108 109 110 111 112 113 114 115 116 117 118 119 120 121 122 123 124 125 126 127 128 129 130 131 132 133 134 135 136 137 138 139 140 141 142 143 144 145 146 147 148 149 150 151 152 153 154 155 156 157 158 159 160 161 162 163 164 165 166 167 168 169 170 171 172 173 174 175 176 177 178 179</p>
        </triangles>
      </mesh>
    </geometry>
    <geometry id="ID131">
      <mesh>
        <source id="ID132">
          <float_array count="252" id="ID133">0.139006 -0.121247 1.95459 0.132009 -0.13093 1.95977 0.127294 -0.132514 1.94527 0.132009 -0.13093 1.95977 0.139006 -0.121247 1.95459 0.205548 -0.179397 1.92768 0.139006 -0.121247 1.95459 0.127294 -0.132514 1.94527 0.134291 -0.122831 1.94009 0.139006 -0.121247 1.95459 0.134291 -0.122831 1.94009 0.200979 -0.181925 1.91725 0.139006 -0.121247 1.95459 0.200979 -0.181925 1.91725 0.205548 -0.179397 1.92768 0.132009 -0.13093 1.95977 0.200812 -0.18662 1.93362 0.127294 -0.132514 1.94527 0.200812 -0.18662 1.93362 0.132009 -0.13093 1.95977 0.205548 -0.179397 1.92768 0.127294 -0.132514 1.94527 0.200812 -0.18662 1.93362 0.196242 -0.189148 1.92319 0.134291 -0.122831 1.94009 0.127294 -0.132514 1.94527 0.196242 -0.189148 1.92319 0.235093 -0.250411 1.98846 0.196242 -0.189148 1.92319 0.200812 -0.18662 1.93362 0.200812 -0.18662 1.93362 0.205548 -0.179397 1.92768 0.24168 -0.249523 1.98362 0.235093 -0.250411 1.98846 0.200812 -0.18662 1.93362 0.24168 -0.249523 1.98362 0.134291 -0.122831 1.94009 0.196242 -0.189148 1.92319 0.200979 -0.181925 1.91725 0.200979 -0.181925 1.91725 0.196242 -0.189148 1.92319 0.232605 -0.255345 1.98178 0.235093 -0.250411 1.98846 0.232605 -0.255345 1.98178 0.196242 -0.189148 1.92319 0.200979 -0.181925 1.91725 0.239192 -0.254456 1.97695 0.205548 -0.179397 1.92768 0.239192 -0.254456 1.97695 0.24168 -0.249523 1.98362 0.205548 -0.179397 1.92768 0.239192 -0.254456 1.97695 0.200979 -0.181925 1.91725 0.232605 -0.255345 1.98178 0.299102 -0.31867 1.99246 0.232605 -0.255345 1.98178 0.235093 -0.250411 1.98846 0.235093 -0.250411 1.98846 0.24168 -0.249523 1.98362 0.302039 -0.316196 1.98671 0.235093 -0.250411 1.98846 0.302039 -0.316196 1.98671 0.299102 -0.31867 1.99246 0.239192 -0.254456 1.97695 0.232605 -0.255345 1.98178 0.29582 -0.321921 1.98768 0.29582 -0.321921 1.98768 0.232605 -0.255345 1.98178 0.299102 -0.31867 1.99246 0.24168 -0.249523 1.98362 0.239192 -0.254456 1.97695 0.298757 -0.319447 1.98193 0.24168 -0.249523 1.98362 0.298757 -0.319447 1.98193 0.302039 -0.316196 1.98671 0.239192 -0.254456 1.97695 0.29582 -0.321921 1.98768 0.298757 -0.319447 1.98193 0.302039 -0.316196 1.98671 0.29582 -0.321921 1.98768 0.299102 -0.31867 1.99246 0.302039 -0.316196 1.98671 0.298757 -0.319447 1.98193 0.29582 -0.321921 1.98768</float_array>
          <technique_common>
            <accessor count="84" source="#ID133" stride="3">
              <param name="X" type="float"/>
              <param name="Y" type="float"/>
              <param name="Z" type="float"/>
            </accessor>
          </technique_common>
        </source>
        <source id="ID134">
          <float_array count="252" id="ID135">0.75125 -0.636433 -0.174858 0.75125 -0.636433 -0.174858 0.75125 -0.636433 -0.174858 -0.467298 -0.130101 -0.874475 -0.467298 -0.130101 -0.874475 -0.467298 -0.130101 -0.874475 0.75125 -0.636433 -0.174858 0.75125 -0.636433 -0.174858 0.75125 -0.636433 -0.174858 -0.583763 -0.764493 0.273443 -0.583763 -0.764493 0.273443 -0.583763 -0.764493 0.273443 -0.5031 -0.763276 0.405341 -0.5031 -0.763276 0.405341 -0.5031 -0.763276 0.405341 0.544207 0.796314 -0.26405 0.544207 0.796314 -0.26405 0.544207 0.796314 -0.26405 -0.538939 -0.295522 -0.788804 -0.538939 -0.295522 -0.788804 -0.538939 -0.295522 -0.788804 0.499643 0.765999 -0.404478 0.499643 0.765999 -0.404478 0.499643 0.765999 -0.404478 0.424091 0.169419 0.889631 0.424091 0.169419 0.889631 0.424091 0.169419 0.889631 0.898425 0.119599 -0.422526 0.898425 0.119599 -0.422526 0.898425 0.119599 -0.422526 -0.0165224 -0.628727 -0.77745 -0.0165224 -0.628727 -0.77745 -0.0165224 -0.628727 -0.77745 -0.350698 -0.711693 -0.608691 -0.350698 -0.711693 -0.608691 -0.350698 -0.711693 -0.608691 0.535398 0.298799 0.78998 0.535398 0.298799 0.78998 0.535398 0.298799 0.78998 -0.0393517 0.650063 0.75886 -0.0393517 0.650063 0.75886 -0.0393517 0.650063 0.75886 0.898319 0.119156 -0.422877 0.898319 0.119156 -0.422877 0.898319 0.119156 -0.422877 -0.897424 -0.124423 0.42326 -0.897424 -0.124423 0.42326 -0.897424 -0.124423 0.42326 -0.896765 -0.122927 0.425089 -0.896765 -0.122927 0.425089 -0.896765 -0.122927 0.425089 0.359685 0.698604 0.618529 0.359685 0.698604 0.618529 0.359685 0.698604 0.618529 0.596102 0.523322 -0.60893 0.596102 0.523322 -0.60893 0.596102 0.523322 -0.60893 -0.480457 -0.469215 -0.740944 -0.480457 -0.469215 -0.740944 -0.480457 -0.469215 -0.740944 -0.590806 -0.586489 -0.554057 -0.590806 -0.586489 -0.554057 -0.590806 -0.586489 -0.554057 0.464967 0.505867 0.72657 0.464967 0.505867 0.72657 0.464967 0.505867 0.72657 0.55184 0.462511 -0.693942 0.55184 0.462511 -0.693942 0.55184 0.462511 -0.693942 -0.609283 -0.512013 0.605488 -0.609283 -0.512013 0.605488 -0.609283 -0.512013 0.605488 -0.549351 -0.465239 0.694094 -0.549351 -0.465239 0.694094 -0.549351 -0.465239 0.694094 0.592085 0.585136 0.554122 0.592085 0.585136 0.554122 0.592085 0.585136 0.554122 -0.679646 0.732851 -0.0317908 -0.679646 0.732851 -0.0317908 -0.679646 0.732851 -0.0317908 -0.679646 0.73285 -0.0317992 -0.679646 0.73285 -0.0317992 -0.679646 0.73285 -0.0317992</float_array>
          <technique_common>
            <accessor count="84" source="#ID135" stride="3">
              <param name="X" type="float"/>
              <param name="Y" type="float"/>
              <param name="Z" type="float"/>
            </accessor>
          </technique_common>
        </source>
        <vertices id="ID136">
          <input semantic="POSITION" source="#ID132"/>
          <input semantic="NORMAL" source="#ID134"/>
        </vertices>
        <triangles count="28" material="ID16">
          <input offset="0" semantic="VERTEX" source="#ID136"/>
          <p>0 1 2 3 4 5 6 7 8 9 10 11 12 13 14 15 16 17 18 19 20 21 22 23 24 25 26 27 28 29 30 31 32 33 34 35 36 37 38 39 40 41 42 43 44 45 46 47 48 49 50 51 52 53 54 55 56 57 58 59 60 61 62 63 64 65 66 67 68 69 70 71 72 73 74 75 76 77 78 79 80 81 82 83</p>
        </triangles>
      </mesh>
    </geometry>
    <geometry id="ID137">
      <mesh>
        <source id="ID138">
          <float_array count="108" id="ID139">0.108743 -0.0306038 2.49325 0.100736 -0.0268789 2.49501 0.103262 -0.0325822 2.49631 0.108743 -0.0306038 2.49325 0.106217 -0.0249005 2.49195 0.100736 -0.0268789 2.49501 0.130514 -0.00888778 2.57555 0.108743 -0.0306038 2.49325 0.103262 -0.0325822 2.49631 0.106217 -0.0249005 2.49195 0.108743 -0.0306038 2.49325 0.127988 -0.00318447 2.57425 0.108743 -0.0306038 2.49325 0.130514 -0.00888778 2.57555 0.127988 -0.00318447 2.57425 0.103262 -0.0325822 2.49631 0.100736 -0.0268789 2.49501 0.122507 -0.00516293 2.57732 0.100736 -0.0268789 2.49501 0.127988 -0.00318447 2.57425 0.122507 -0.00516293 2.57732 0.100736 -0.0268789 2.49501 0.106217 -0.0249005 2.49195 0.127988 -0.00318447 2.57425 0.125033 -0.0108662 2.57862 0.103262 -0.0325822 2.49631 0.122507 -0.00516293 2.57732 0.125033 -0.0108662 2.57862 0.130514 -0.00888778 2.57555 0.103262 -0.0325822 2.49631 0.130514 -0.00888778 2.57555 0.122507 -0.00516293 2.57732 0.127988 -0.00318447 2.57425 0.130514 -0.00888778 2.57555 0.125033 -0.0108662 2.57862 0.122507 -0.00516293 2.57732</float_array>
          <technique_common>
            <accessor count="36" source="#ID139" stride="3">
              <param name="X" type="float"/>
              <param name="Y" type="float"/>
              <param name="Z" type="float"/>
            </accessor>
          </technique_common>
        </source>
        <source id="ID140">
          <float_array count="108" id="ID141">0.355402 0.354493 0.864884 0.355402 0.354493 0.864884 0.355402 0.354493 0.864884 0.355404 0.354497 0.864881 0.355404 0.354497 0.864881 0.355404 0.354497 0.864881 -0.401395 0.906208 -0.132928 -0.401395 0.906208 -0.132928 -0.401395 0.906208 -0.132928 -0.890969 -0.321609 0.320533 -0.890969 -0.321609 0.320533 -0.890969 -0.321609 0.320533 -0.890966 -0.321617 0.320535 -0.890966 -0.321617 0.320535 -0.890966 -0.321617 0.320535 0.890971 0.321604 -0.320533 0.890971 0.321604 -0.320533 0.890971 0.321604 -0.320533 0.401391 -0.906209 0.13293 0.401391 -0.906209 0.13293 0.401391 -0.906209 0.13293 0.401388 -0.90621 0.132931 0.401388 -0.90621 0.132931 0.401388 -0.90621 0.132931 0.890974 0.321598 -0.320531 0.890974 0.321598 -0.320531 0.890974 0.321598 -0.320531 -0.401392 0.906209 -0.132929 -0.401392 0.906209 -0.132929 -0.401392 0.906209 -0.132929 -0.355389 -0.354456 -0.864904 -0.355389 -0.354456 -0.864904 -0.355389 -0.354456 -0.864904 -0.355417 -0.354536 -0.86486 -0.355417 -0.354536 -0.86486 -0.355417 -0.354536 -0.86486</float_array>
          <technique_common>
            <accessor count="36" source="#ID141" stride="3">
              <param name="X" type="float"/>
              <param name="Y" type="float"/>
              <param name="Z" type="float"/>
            </accessor>
          </technique_common>
        </source>
        <vertices id="ID142">
          <input semantic="POSITION" source="#ID138"/>
          <input semantic="NORMAL" source="#ID140"/>
        </vertices>
        <triangles count="12" material="ID16">
          <input offset="0" semantic="VERTEX" source="#ID142"/>
          <p>0 1 2 3 4 5 6 7 8 9 10 11 12 13 14 15 16 17 18 19 20 21 22 23 24 25 26 27 28 29 30 31 32 33 34 35</p>
        </triangles>
      </mesh>
    </geometry>
    <geometry id="ID143">
      <mesh>
        <source id="ID144">
          <float_array count="396" id="ID145">0.0248845 -0.00536532 1.63586 -0.00504597 -0.000908899 1.64585 0.00636112 -0.0174081 1.63419 0.0248845 -0.00536532 1.63586 0.0134774 0.0111339 1.64753 -0.00504597 -0.000908899 1.64585 0.0400939 -0.086384 1.84921 0.0248845 -0.00536532 1.63586 0.00636112 -0.0174081 1.63419 0.0134774 0.0111339 1.64753 0.0248845 -0.00536532 1.63586 0.0556654 -0.0794581 1.84892 0.0400939 -0.086384 1.84921 0.0556654 -0.0794581 1.84892 0.0248845 -0.00536532 1.63586 0.0339206 -0.0722624 1.85828 0.00636112 -0.0174081 1.63419 -0.00504597 -0.000908899 1.64585 0.0339206 -0.0722624 1.85828 -0.00504597 -0.000908899 1.64585 0.0494922 -0.0653365 1.858 0.0494922 -0.0653365 1.858 -0.00504597 -0.000908899 1.64585 0.0134774 0.0111339 1.64753 0.0339206 -0.0722624 1.85828 0.0400939 -0.086384 1.84921 0.00636112 -0.0174081 1.63419 0.0339206 -0.0722624 1.85828 0.0494922 -0.0653365 1.858 0.137315 -0.118614 1.95079 0.0339206 -0.0722624 1.85828 0.127884 -0.124847 1.9591 0.0400939 -0.086384 1.84921 0.0339206 -0.0722624 1.85828 0.137315 -0.118614 1.95079 0.127884 -0.124847 1.9591 0.0556654 -0.0794581 1.84892 0.0494922 -0.0653365 1.858 0.0134774 0.0111339 1.64753 0.0494922 -0.0653365 1.858 0.0556654 -0.0794581 1.84892 0.13842 -0.128911 1.94074 0.13842 -0.128911 1.94074 0.137315 -0.118614 1.95079 0.0494922 -0.0653365 1.858 0.0556654 -0.0794581 1.84892 0.0400939 -0.086384 1.84921 0.12899 -0.135144 1.94905 0.0400939 -0.086384 1.84921 0.127884 -0.124847 1.9591 0.12899 -0.135144 1.94905 0.12899 -0.135144 1.94905 0.13842 -0.128911 1.94074 0.0556654 -0.0794581 1.84892 0.206615 -0.172463 2.06308 0.127884 -0.124847 1.9591 0.137315 -0.118614 1.95079 0.127884 -0.124847 1.9591 0.198195 -0.175084 2.06923 0.12899 -0.135144 1.94905 0.198195 -0.175084 2.06923 0.127884 -0.124847 1.9591 0.206615 -0.172463 2.06308 0.13842 -0.128911 1.94074 0.206493 -0.1813 2.05697 0.137315 -0.118614 1.95079 0.206493 -0.1813 2.05697 0.206615 -0.172463 2.06308 0.137315 -0.118614 1.95079 0.13842 -0.128911 1.94074 0.12899 -0.135144 1.94905 0.198073 -0.18392 2.06312 0.12899 -0.135144 1.94905 0.198195 -0.175084 2.06923 0.198073 -0.18392 2.06312 0.198073 -0.18392 2.06312 0.206493 -0.1813 2.05697 0.13842 -0.128911 1.94074 0.198195 -0.175084 2.06923 0.206615 -0.172463 2.06308 0.284519 -0.205453 2.10096 0.280971 -0.207762 2.1091 0.198073 -0.18392 2.06312 0.198195 -0.175084 2.06923 0.280971 -0.207762 2.1091 0.198195 -0.175084 2.06923 0.284519 -0.205453 2.10096 0.206615 -0.172463 2.06308 0.206493 -0.1813 2.05697 0.283054 -0.212373 2.09692 0.284519 -0.205453 2.10096 0.206615 -0.172463 2.06308 0.283054 -0.212373 2.09692 0.279506 -0.214681 2.10506 0.206493 -0.1813 2.05697 0.198073 -0.18392 2.06312 0.279506 -0.214681 2.10506 0.198073 -0.18392 2.06312 0.280971 -0.207762 2.1091 0.279506 -0.214681 2.10506 0.283054 -0.212373 2.09692 0.206493 -0.1813 2.05697 0.280971 -0.207762 2.1091 0.308001 -0.234298 2.17382 0.279506 -0.214681 2.10506 0.313145 -0.235034 2.1701 0.280971 -0.207762 2.1091 0.284519 -0.205453 2.10096 0.308001 -0.234298 2.17382 0.280971 -0.207762 2.1091 0.313145 -0.235034 2.1701 0.306184 -0.239717 2.17158 0.283054 -0.212373 2.09692 0.279506 -0.214681 2.10506 0.279506 -0.214681 2.10506 0.308001 -0.234298 2.17382 0.306184 -0.239717 2.17158 0.284519 -0.205453 2.10096 0.283054 -0.212373 2.09692 0.311328 -0.240454 2.16786 0.284519 -0.205453 2.10096 0.311328 -0.240454 2.16786 0.313145 -0.235034 2.1701 0.306184 -0.239717 2.17158 0.311328 -0.240454 2.16786 0.283054 -0.212373 2.09692 0.306184 -0.239717 2.17158 0.308001 -0.234298 2.17382 0.313145 -0.235034 2.1701 0.311328 -0.240454 2.16786 0.306184 -0.239717 2.17158 0.313145 -0.235034 2.1701</float_array>
          <technique_common>
            <accessor count="132" source="#ID145" stride="3">
              <param name="X" type="float"/>
              <param name="Y" type="float"/>
              <param name="Z" type="float"/>
            </accessor>
          </technique_common>
        </source>
        <source id="ID146">
          <float_array count="396" id="ID147">0.219422 -0.45757 0.861675 0.219422 -0.45757 0.861675 0.219422 -0.45757 0.861675 0.219424 -0.457565 0.861677 0.219424 -0.457565 0.861677 0.219424 -0.457565 0.861677 -0.534981 0.776469 0.333003 -0.534981 0.776469 0.333003 -0.534981 0.776469 0.333003 -0.841677 -0.536075 -0.0648256 -0.841677 -0.536075 -0.0648256 -0.841677 -0.536075 -0.0648256 -0.374896 0.857494 0.35236 -0.374896 0.857494 0.35236 -0.374896 0.857494 0.35236 0.83282 0.55257 0.0328375 0.83282 0.55257 0.0328375 0.83282 0.55257 0.0328375 0.374238 -0.85618 -0.356232 0.374238 -0.85618 -0.356232 0.374238 -0.85618 -0.356232 0.529986 -0.76388 -0.368241 0.529986 -0.76388 -0.368241 0.529986 -0.76388 -0.368241 0.913205 0.407306 -0.0126059 0.913205 0.407306 -0.0126059 0.913205 0.407306 -0.0126059 0.291802 -0.683814 -0.668768 0.291802 -0.683814 -0.668768 0.291802 -0.683814 -0.668768 0.729313 0.56586 -0.384585 0.729313 0.56586 -0.384585 0.729313 0.56586 -0.384585 0.0933359 -0.844452 -0.527436 0.0933359 -0.844452 -0.527436 0.0933359 -0.844452 -0.527436 -0.914078 -0.405437 0.00910524 -0.914078 -0.405437 0.00910524 -0.914078 -0.405437 0.00910524 -0.74235 -0.560406 0.367236 -0.74235 -0.560406 0.367236 -0.74235 -0.560406 0.367236 -0.754184 -0.498306 0.427665 -0.754184 -0.498306 0.427665 -0.754184 -0.498306 0.427665 -0.30774 0.717796 0.624552 -0.30774 0.717796 0.624552 -0.30774 0.717796 0.624552 0.75396 0.498478 -0.42786 0.75396 0.498478 -0.42786 0.75396 0.498478 -0.42786 -0.0874392 0.84202 0.532312 -0.0874392 0.84202 0.532312 -0.0874392 0.84202 0.532312 0.132646 -0.859303 -0.493967 0.132646 -0.859303 -0.493967 0.132646 -0.859303 -0.493967 0.838642 0.423864 -0.342081 0.838642 0.423864 -0.342081 0.838642 0.423864 -0.342081 -0.0137137 -0.912999 -0.407732 -0.0137137 -0.912999 -0.407732 -0.0137137 -0.912999 -0.407732 -0.856998 -0.404084 0.319797 -0.856998 -0.404084 0.319797 -0.856998 -0.404084 0.319797 -0.871841 -0.270276 0.408466 -0.871841 -0.270276 0.408466 -0.871841 -0.270276 0.408466 -0.160888 0.868511 0.468832 -0.160888 0.868511 0.468832 -0.160888 0.868511 0.468832 0.870245 0.271892 -0.410789 0.870245 0.271892 -0.410789 0.870245 0.271892 -0.410789 0.011575 0.914125 0.405268 0.011575 0.914125 0.405268 0.011575 0.914125 0.405268 -0.110482 -0.850821 -0.513709 -0.110482 -0.850821 -0.513709 -0.110482 -0.850821 -0.513709 0.527137 0.478221 -0.702447 0.527137 0.478221 -0.702447 0.527137 0.478221 -0.702447 -0.195782 -0.917703 -0.345674 -0.195782 -0.917703 -0.345674 -0.195782 -0.917703 -0.345674 -0.550681 -0.469446 0.690196 -0.550681 -0.469446 0.690196 -0.550681 -0.469446 0.690196 -0.524413 -0.343889 0.77893 -0.524413 -0.343889 0.77893 -0.524413 -0.343889 0.77893 0.0810074 0.872175 0.48244 0.0810074 0.872175 0.48244 0.0810074 0.872175 0.48244 0.529076 0.341637 -0.776765 0.529076 0.341637 -0.776765 0.529076 0.341637 -0.776765 0.192967 0.918659 0.344717 0.192967 0.918659 0.344717 0.192967 0.918659 0.344717 0.925954 0.0240392 -0.37687 0.925954 0.0240392 -0.37687 0.925954 0.0240392 -0.37687 -0.157729 -0.929814 -0.332518 -0.157729 -0.929814 -0.332518 -0.157729 -0.929814 -0.332518 -0.30994 -0.91811 -0.247006 -0.30994 -0.91811 -0.247006 -0.30994 -0.91811 -0.247006 0.104534 0.943878 0.313316 0.104534 0.943878 0.313316 0.104534 0.943878 0.313316 0.90175 -0.132418 -0.411475 0.90175 -0.132418 -0.411475 0.90175 -0.132418 -0.411475 -0.930971 -0.0158965 0.364747 -0.930971 -0.0158965 0.364747 -0.930971 -0.0158965 0.364747 -0.896601 0.125176 0.42478 -0.896601 0.125176 0.42478 -0.896601 0.125176 0.42478 0.306755 0.920484 0.242098 0.306755 0.920484 0.242098 0.306755 0.920484 0.242098 -0.47304 0.467176 -0.74698 -0.47304 0.467176 -0.74698 -0.47304 0.467176 -0.74698 -0.473051 0.467199 -0.746959 -0.473051 0.467199 -0.746959 -0.473051 0.467199 -0.746959</float_array>
          <technique_common>
            <accessor count="132" source="#ID147" stride="3">
              <param name="X" type="float"/>
              <param name="Y" type="float"/>
              <param name="Z" type="float"/>
            </accessor>
          </technique_common>
        </source>
        <vertices id="ID148">
          <input semantic="POSITION" source="#ID144"/>
          <input semantic="NORMAL" source="#ID146"/>
        </vertices>
        <triangles count="44" material="ID16">
          <input offset="0" semantic="VERTEX" source="#ID148"/>
          <p>0 1 2 3 4 5 6 7 8 9 10 11 12 13 14 15 16 17 18 19 20 21 22 23 24 25 26 27 28 29 30 31 32 33 34 35 36 37 38 39 40 41 42 43 44 45 46 47 48 49 50 51 52 53 54 55 56 57 58 59 60 61 62 63 64 65 66 67 68 69 70 71 72 73 74 75 76 77 78 79 80 81 82 83 84 85 86 87 88 89 90 91 92 93 94 95 96 97 98 99 100 101 102 103 104 105 106 107 108 109 110 111 112 113 114 115 116 117 118 119 120 121 122 123 124 125 126 127 128 129 130 131</p>
        </triangles>
      </mesh>
    </geometry>
    <geometry id="ID149">
      <mesh>
        <source id="ID150">
          <float_array count="396" id="ID151">0.110942 0.0718414 1.46188 0.1053 0.0457007 1.46461 0.0995583 0.0614527 1.47568 0.110942 0.0718414 1.46188 0.116683 0.0560894 1.45081 0.1053 0.0457007 1.46461 0.234453 0.0508587 1.59811 0.110942 0.0718414 1.46188 0.0995583 0.0614527 1.47568 0.234453 0.0508587 1.59811 0.237249 0.037698 1.59164 0.110942 0.0718414 1.46188 0.237249 0.037698 1.59164 0.116683 0.0560894 1.45081 0.110942 0.0718414 1.46188 0.0995583 0.0614527 1.47568 0.1053 0.0457007 1.46461 0.225176 0.045162 1.60989 0.1053 0.0457007 1.46461 0.227971 0.0320014 1.60343 0.225176 0.045162 1.60989 0.1053 0.0457007 1.46461 0.116683 0.0560894 1.45081 0.227971 0.0320014 1.60343 0.225176 0.045162 1.60989 0.234453 0.0508587 1.59811 0.0995583 0.0614527 1.47568 0.234453 0.0508587 1.59811 0.225176 0.045162 1.60989 0.305965 0.0406548 1.71831 0.227971 0.0320014 1.60343 0.297268 0.0382994 1.72608 0.225176 0.045162 1.60989 0.297268 0.0382994 1.72608 0.305965 0.0406548 1.71831 0.225176 0.045162 1.60989 0.234453 0.0508587 1.59811 0.307478 0.0299729 1.71591 0.237249 0.037698 1.59164 0.234453 0.0508587 1.59811 0.305965 0.0406548 1.71831 0.307478 0.0299729 1.71591 0.116683 0.0560894 1.45081 0.237249 0.037698 1.59164 0.227971 0.0320014 1.60343 0.227971 0.0320014 1.60343 0.237249 0.037698 1.59164 0.298781 0.0276175 1.72368 0.297268 0.0382994 1.72608 0.227971 0.0320014 1.60343 0.298781 0.0276175 1.72368 0.237249 0.037698 1.59164 0.307478 0.0299729 1.71591 0.298781 0.0276175 1.72368 0.381341 0.0245717 1.75444 0.305965 0.0406548 1.71831 0.297268 0.0382994 1.72608 0.378191 0.023679 1.76398 0.297268 0.0382994 1.72608 0.298781 0.0276175 1.72368 0.378191 0.023679 1.76398 0.381341 0.0245717 1.75444 0.297268 0.0382994 1.72608 0.380372 0.0164106 1.75275 0.307478 0.0299729 1.71591 0.305965 0.0406548 1.71831 0.381341 0.0245717 1.75444 0.380372 0.0164106 1.75275 0.305965 0.0406548 1.71831 0.298781 0.0276175 1.72368 0.307478 0.0299729 1.71591 0.377222 0.0155178 1.7623 0.378191 0.023679 1.76398 0.298781 0.0276175 1.72368 0.377222 0.0155178 1.7623 0.307478 0.0299729 1.71591 0.380372 0.0164106 1.75275 0.377222 0.0155178 1.7623 0.457243 0.0133461 1.85688 0.381341 0.0245717 1.75444 0.378191 0.023679 1.76398 0.378191 0.023679 1.76398 0.377222 0.0155178 1.7623 0.452679 0.0141257 1.86226 0.452679 0.0141257 1.86226 0.457243 0.0133461 1.85688 0.378191 0.023679 1.76398 0.456307 0.00708756 1.85705 0.380372 0.0164106 1.75275 0.381341 0.0245717 1.75444 0.457243 0.0133461 1.85688 0.456307 0.00708756 1.85705 0.381341 0.0245717 1.75444 0.377222 0.0155178 1.7623 0.380372 0.0164106 1.75275 0.451742 0.00786716 1.86243 0.451742 0.00786716 1.86243 0.452679 0.0141257 1.86226 0.377222 0.0155178 1.7623 0.380372 0.0164106 1.75275 0.456307 0.00708756 1.85705 0.451742 0.00786716 1.86243 0.452679 0.0141257 1.86226 0.451742 0.00786716 1.86243 0.451516 0.0174673 1.91249 0.457243 0.0133461 1.85688 0.452679 0.0141257 1.86226 0.456111 0.0160685 1.91284 0.452679 0.0141257 1.86226 0.451516 0.0174673 1.91249 0.456111 0.0160685 1.91284 0.451742 0.00786716 1.86243 0.456307 0.00708756 1.85705 0.450099 0.012885 1.91295 0.451742 0.00786716 1.86243 0.450099 0.012885 1.91295 0.451516 0.0174673 1.91249 0.454694 0.0114862 1.9133 0.456307 0.00708756 1.85705 0.457243 0.0133461 1.85688 0.454694 0.0114862 1.9133 0.457243 0.0133461 1.85688 0.456111 0.0160685 1.91284 0.450099 0.012885 1.91295 0.456307 0.00708756 1.85705 0.454694 0.0114862 1.9133 0.451516 0.0174673 1.91249 0.450099 0.012885 1.91295 0.456111 0.0160685 1.91284 0.450099 0.012885 1.91295 0.454694 0.0114862 1.9133 0.456111 0.0160685 1.91284</float_array>
          <technique_common>
            <accessor count="132" source="#ID151" stride="3">
              <param name="X" type="float"/>
              <param name="Y" type="float"/>
              <param name="Z" type="float"/>
            </accessor>
          </technique_common>
        </source>
        <source id="ID152">
          <float_array count="396" id="ID153">-0.806585 0.113633 -0.580093 -0.806585 0.113633 -0.580093 -0.806585 0.113633 -0.580093 -0.806583 0.113632 -0.580097 -0.806583 0.113632 -0.580097 -0.806583 0.113632 -0.580097 -0.299025 0.864383 0.40426 -0.299025 0.864383 0.40426 -0.299025 0.864383 0.40426 0.701164 0.428749 -0.569687 0.701164 0.428749 -0.569687 0.701164 0.428749 -0.569687 0.654916 0.57954 -0.484993 0.654916 0.57954 -0.484993 0.654916 0.57954 -0.484993 -0.624734 -0.588425 0.513287 -0.624734 -0.588425 0.513287 -0.624734 -0.588425 0.513287 -0.69721 -0.429876 0.573676 -0.69721 -0.429876 0.573676 -0.69721 -0.429876 0.573676 0.331129 -0.864595 -0.377927 0.331129 -0.864595 -0.377927 0.331129 -0.864595 -0.377927 -0.196317 0.934429 0.297157 -0.196317 0.934429 0.297157 -0.196317 0.934429 0.297157 -0.268988 0.932959 0.239233 -0.268988 0.932959 0.239233 -0.268988 0.932959 0.239233 -0.790167 -0.397132 0.466821 -0.790167 -0.397132 0.466821 -0.790167 -0.397132 0.466821 -0.137454 0.980106 0.143176 -0.137454 0.980106 0.143176 -0.137454 0.980106 0.143176 0.812997 0.38656 -0.43544 0.812997 0.38656 -0.43544 0.812997 0.38656 -0.43544 0.845112 0.228236 -0.483419 0.845112 0.228236 -0.483419 0.845112 0.228236 -0.483419 0.200641 -0.934566 -0.293818 0.200641 -0.934566 -0.293818 0.200641 -0.934566 -0.293818 0.30191 -0.929543 -0.21166 0.30191 -0.929543 -0.21166 0.30191 -0.929543 -0.21166 -0.842471 -0.228826 0.48773 -0.842471 -0.228826 0.48773 -0.842471 -0.228826 0.48773 0.140176 -0.980157 -0.140153 0.140176 -0.980157 -0.140153 0.140176 -0.980157 -0.140153 0.0418087 0.942267 0.332242 0.0418087 0.942267 0.332242 0.0418087 0.942267 0.332242 -0.447525 -0.255759 0.856918 -0.447525 -0.255759 0.856918 -0.447525 -0.255759 0.856918 0.116719 0.984542 0.130586 0.116719 0.984542 0.130586 0.116719 0.984542 0.130586 0.473584 0.25625 -0.842647 0.473584 0.25625 -0.842647 0.473584 0.25625 -0.842647 0.450808 0.128574 -0.883312 0.450808 0.128574 -0.883312 0.450808 0.128574 -0.883312 -0.00314943 -0.956052 -0.29318 -0.00314943 -0.956052 -0.29318 -0.00314943 -0.956052 -0.29318 -0.453839 -0.127913 0.881855 -0.453839 -0.127913 0.881855 -0.453839 -0.127913 0.881855 -0.117102 -0.98448 -0.130713 -0.117102 -0.98448 -0.130713 -0.117102 -0.98448 -0.130713 0.0149194 0.995076 0.0979845 0.0149194 0.995076 0.0979845 0.0149194 0.995076 0.0979845 -0.797984 -0.0293476 0.601964 -0.797984 -0.0293476 0.601964 -0.797984 -0.0293476 0.601964 0.149018 0.988691 -0.0168365 0.149018 0.988691 -0.0168365 0.149018 0.988691 -0.0168365 0.809248 0.0249125 -0.586938 0.809248 0.0249125 -0.586938 0.809248 0.0249125 -0.586938 0.789036 -0.134777 -0.599381 0.789036 -0.134777 -0.599381 0.789036 -0.134777 -0.599381 0.0158792 -0.996001 -0.087916 0.0158792 -0.996001 -0.087916 0.0158792 -0.996001 -0.087916 -0.789933 0.134885 0.598174 -0.789933 0.134885 0.598174 -0.789933 0.134885 0.598174 -0.146979 -0.988965 0.018607 -0.146979 -0.988965 0.018607 -0.146979 -0.988965 0.018607 -0.988593 0.147032 -0.0326506 -0.988593 0.147032 -0.0326506 -0.988593 0.147032 -0.0326506 0.115337 0.992263 -0.0459408 0.115337 0.992263 -0.0459408 0.115337 0.992263 -0.0459408 0.294669 0.953919 -0.0566373 0.294669 0.953919 -0.0566373 0.294669 0.953919 -0.0566373 -0.0555521 -0.993743 0.0968951 -0.0555521 -0.993743 0.0968951 -0.0555521 -0.993743 0.0968951 -0.955316 0.289472 -0.0598164 -0.955316 0.289472 -0.0598164 -0.955316 0.289472 -0.0598164 0.988364 -0.146803 0.0398288 0.988364 -0.146803 0.0398288 0.988364 -0.146803 0.0398288 0.955758 -0.292234 0.0335609 0.955758 -0.292234 0.0335609 0.955758 -0.292234 0.0335609 -0.29514 -0.953166 0.0660805 -0.29514 -0.953166 0.0660805 -0.29514 -0.953166 0.0660805 -0.0402186 0.112156 0.992876 -0.0402186 0.112156 0.992876 -0.0402186 0.112156 0.992876 -0.0401851 0.112093 0.992885 -0.0401851 0.112093 0.992885 -0.0401851 0.112093 0.992885</float_array>
          <technique_common>
            <accessor count="132" source="#ID153" stride="3">
              <param name="X" type="float"/>
              <param name="Y" type="float"/>
              <param name="Z" type="float"/>
            </accessor>
          </technique_common>
        </source>
        <vertices id="ID154">
          <input semantic="POSITION" source="#ID150"/>
          <input semantic="NORMAL" source="#ID152"/>
        </vertices>
        <triangles count="44" material="ID16">
          <input offset="0" semantic="VERTEX" source="#ID154"/>
          <p>0 1 2 3 4 5 6 7 8 9 10 11 12 13 14 15 16 17 18 19 20 21 22 23 24 25 26 27 28 29 30 31 32 33 34 35 36 37 38 39 40 41 42 43 44 45 46 47 48 49 50 51 52 53 54 55 56 57 58 59 60 61 62 63 64 65 66 67 68 69 70 71 72 73 74 75 76 77 78 79 80 81 82 83 84 85 86 87 88 89 90 91 92 93 94 95 96 97 98 99 100 101 102 103 104 105 106 107 108 109 110 111 112 113 114 115 116 117 118 119 120 121 122 123 124 125 126 127 128 129 130 131</p>
        </triangles>
      </mesh>
    </geometry>
    <geometry id="ID155">
      <mesh>
        <source id="ID156">
          <float_array count="252" id="ID157">0.16157 0.0246899 2.01816 0.151125 0.0178736 2.02078 0.144183 0.0284444 2.0205 0.165613 0.0324575 2.16592 0.151125 0.0178736 2.02078 0.16157 0.0246899 2.01816 0.16157 0.0246899 2.01816 0.144183 0.0284444 2.0205 0.154628 0.0352607 2.01788 0.174807 0.0363592 2.16389 0.16157 0.0246899 2.01816 0.154628 0.0352607 2.01788 0.16157 0.0246899 2.01816 0.174807 0.0363592 2.16389 0.165613 0.0324575 2.16592 0.161594 0.0417326 2.16534 0.144183 0.0284444 2.0205 0.151125 0.0178736 2.02078 0.161594 0.0417326 2.16534 0.151125 0.0178736 2.02078 0.165613 0.0324575 2.16592 0.170788 0.0456343 2.16331 0.144183 0.0284444 2.0205 0.161594 0.0417326 2.16534 0.154628 0.0352607 2.01788 0.144183 0.0284444 2.0205 0.170788 0.0456343 2.16331 0.170788 0.0456343 2.16331 0.161594 0.0417326 2.16534 0.18107 0.0405236 2.28583 0.161594 0.0417326 2.16534 0.165613 0.0324575 2.16592 0.173212 0.0387206 2.28674 0.18107 0.0405236 2.28583 0.161594 0.0417326 2.16534 0.173212 0.0387206 2.28674 0.170788 0.0456343 2.16331 0.174807 0.0363592 2.16389 0.154628 0.0352607 2.01788 0.182838 0.0326368 2.28526 0.174807 0.0363592 2.16389 0.170788 0.0456343 2.16331 0.170788 0.0456343 2.16331 0.18107 0.0405236 2.28583 0.182838 0.0326368 2.28526 0.165613 0.0324575 2.16592 0.174807 0.0363592 2.16389 0.17498 0.0308338 2.28617 0.165613 0.0324575 2.16592 0.17498 0.0308338 2.28617 0.173212 0.0387206 2.28674 0.17498 0.0308338 2.28617 0.174807 0.0363592 2.16389 0.182838 0.0326368 2.28526 0.18107 0.0405236 2.28583 0.173212 0.0387206 2.28674 0.196851 0.0770707 2.37265 0.190548 0.0769409 2.3745 0.173212 0.0387206 2.28674 0.17498 0.0308338 2.28617 0.196851 0.0770707 2.37265 0.173212 0.0387206 2.28674 0.190548 0.0769409 2.3745 0.197651 0.0713343 2.37626 0.182838 0.0326368 2.28526 0.18107 0.0405236 2.28583 0.196851 0.0770707 2.37265 0.197651 0.0713343 2.37626 0.18107 0.0405236 2.28583 0.191348 0.0712044 2.37811 0.17498 0.0308338 2.28617 0.182838 0.0326368 2.28526 0.17498 0.0308338 2.28617 0.191348 0.0712044 2.37811 0.190548 0.0769409 2.3745 0.191348 0.0712044 2.37811 0.182838 0.0326368 2.28526 0.197651 0.0713343 2.37626 0.197651 0.0713343 2.37626 0.196851 0.0770707 2.37265 0.190548 0.0769409 2.3745 0.197651 0.0713343 2.37626 0.190548 0.0769409 2.3745 0.191348 0.0712044 2.37811</float_array>
          <technique_common>
            <accessor count="84" source="#ID157" stride="3">
              <param name="X" type="float"/>
              <param name="Y" type="float"/>
              <param name="Z" type="float"/>
            </accessor>
          </technique_common>
        </source>
        <source id="ID158">
          <float_array count="252" id="ID159">-0.160307 -0.130556 -0.978395 -0.160307 -0.130556 -0.978395 -0.160307 -0.130556 -0.978395 0.551331 -0.833791 0.0287462 0.551331 -0.833791 0.0287462 0.551331 -0.833791 0.0287462 -0.160304 -0.130543 -0.978397 -0.160304 -0.130543 -0.978397 -0.160304 -0.130543 -0.978397 0.831326 0.542901 -0.118975 0.831326 0.542901 -0.118975 0.831326 0.542901 -0.118975 0.39736 -0.916903 0.0373277 0.39736 -0.916903 0.0373277 0.39736 -0.916903 0.0373277 -0.828273 -0.540116 0.149126 -0.828273 -0.540116 0.149126 -0.828273 -0.540116 0.149126 -0.912729 -0.387323 0.130025 -0.912729 -0.387323 0.130025 -0.912729 -0.387323 0.130025 -0.397197 0.917012 -0.0363825 -0.397197 0.917012 -0.0363825 -0.397197 0.917012 -0.0363825 -0.546337 0.837565 0.000965357 -0.546337 0.837565 0.000965357 -0.546337 0.837565 0.000965357 -0.376565 0.923731 0.070138 -0.376565 0.923731 0.070138 -0.376565 0.923731 0.070138 -0.916555 -0.392231 0.0779845 -0.916555 -0.392231 0.0779845 -0.916555 -0.392231 0.0779845 -0.218444 0.974807 0.0450914 -0.218444 0.974807 0.0450914 -0.218444 0.974807 0.0450914 0.912821 0.387426 -0.129068 0.912821 0.387426 -0.129068 0.912821 0.387426 -0.129068 0.9176 0.39452 -0.0486191 0.9176 0.39452 -0.0486191 0.9176 0.39452 -0.0486191 0.972127 0.223035 -0.0722837 0.972127 0.223035 -0.0722837 0.972127 0.223035 -0.0722837 0.382412 -0.923025 -0.0422504 0.382412 -0.923025 -0.0422504 0.382412 -0.923025 -0.0422504 -0.97209 -0.223059 0.0727078 -0.97209 -0.223059 0.0727078 -0.97209 -0.223059 0.0727078 0.218533 -0.974821 -0.0443584 0.218533 -0.974821 -0.0443584 0.218533 -0.974821 -0.0443584 -0.247484 0.908272 -0.337333 -0.247484 0.908272 -0.337333 -0.247484 0.908272 -0.337333 -0.931203 -0.228932 0.283638 -0.931203 -0.228932 0.283638 -0.931203 -0.228932 0.283638 -0.128692 0.918262 -0.374477 -0.128692 0.918262 -0.374477 -0.128692 0.918262 -0.374477 0.940748 0.228693 -0.250385 0.940748 0.228693 -0.250385 0.940748 0.228693 -0.250385 0.982229 0.0193937 -0.186684 0.982229 0.0193937 -0.186684 0.982229 0.0193937 -0.186684 0.247872 -0.902513 0.352178 0.247872 -0.902513 0.352178 0.247872 -0.902513 0.352178 -0.982667 -0.021036 0.184184 -0.982667 -0.021036 0.184184 -0.982667 -0.021036 0.184184 0.127553 -0.920038 0.370486 0.127553 -0.920038 0.370486 0.127553 -0.920038 0.370486 0.226245 0.541315 0.809809 0.226245 0.541315 0.809809 0.226245 0.541315 0.809809 0.226217 0.541287 0.809836 0.226217 0.541287 0.809836 0.226217 0.541287 0.809836</float_array>
          <technique_common>
            <accessor count="84" source="#ID159" stride="3">
              <param name="X" type="float"/>
              <param name="Y" type="float"/>
              <param name="Z" type="float"/>
            </accessor>
          </technique_common>
        </source>
        <vertices id="ID160">
          <input semantic="POSITION" source="#ID156"/>
          <input semantic="NORMAL" source="#ID158"/>
        </vertices>
        <triangles count="28" material="ID16">
          <input offset="0" semantic="VERTEX" source="#ID160"/>
          <p>0 1 2 3 4 5 6 7 8 9 10 11 12 13 14 15 16 17 18 19 20 21 22 23 24 25 26 27 28 29 30 31 32 33 34 35 36 37 38 39 40 41 42 43 44 45 46 47 48 49 50 51 52 53 54 55 56 57 58 59 60 61 62 63 64 65 66 67 68 69 70 71 72 73 74 75 76 77 78 79 80 81 82 83</p>
        </triangles>
      </mesh>
    </geometry>
    <geometry id="ID161">
      <mesh>
        <source id="ID162">
          <float_array count="324" id="ID163">0.037262 -0.0140238 1.76761 0.0174871 -0.0143774 1.78 0.0169579 0.00774967 1.77967 0.0174871 -0.0143774 1.78 0.037262 -0.0140238 1.76761 0.0968077 -0.00585183 1.97127 0.037262 -0.0140238 1.76761 0.0169579 0.00774967 1.77967 0.0367328 0.00810319 1.76728 0.110504 -0.00829775 1.96277 0.037262 -0.0140238 1.76761 0.0367328 0.00810319 1.76728 0.0968077 -0.00585183 1.97127 0.037262 -0.0140238 1.76761 0.110504 -0.00829775 1.96277 0.0988466 0.00944474 1.96954 0.0169579 0.00774967 1.77967 0.0174871 -0.0143774 1.78 0.0174871 -0.0143774 1.78 0.0968077 -0.00585183 1.97127 0.0988466 0.00944474 1.96954 0.112543 0.00699888 1.96104 0.0169579 0.00774967 1.77967 0.0988466 0.00944474 1.96954 0.112543 0.00699888 1.96104 0.0367328 0.00810319 1.76728 0.0169579 0.00774967 1.77967 0.112543 0.00699888 1.96104 0.0988466 0.00944474 1.96954 0.205015 0.0551401 2.06499 0.0988466 0.00944474 1.96954 0.0968077 -0.00585183 1.97127 0.197209 0.0591664 2.07292 0.197209 0.0591664 2.07292 0.205015 0.0551401 2.06499 0.0988466 0.00944474 1.96954 0.112543 0.00699888 1.96104 0.110504 -0.00829775 1.96277 0.0367328 0.00810319 1.76728 0.110504 -0.00829775 1.96277 0.112543 0.00699888 1.96104 0.204922 0.0459236 2.07212 0.204922 0.0459236 2.07212 0.112543 0.00699888 1.96104 0.205015 0.0551401 2.06499 0.0968077 -0.00585183 1.97127 0.110504 -0.00829775 1.96277 0.197117 0.0499499 2.08005 0.197209 0.0591664 2.07292 0.0968077 -0.00585183 1.97127 0.197117 0.0499499 2.08005 0.110504 -0.00829775 1.96277 0.204922 0.0459236 2.07212 0.197117 0.0499499 2.08005 0.197209 0.0591664 2.07292 0.197117 0.0499499 2.08005 0.268835 0.0933791 2.154 0.274256 0.0895106 2.14946 0.205015 0.0551401 2.06499 0.197209 0.0591664 2.07292 0.274256 0.0895106 2.14946 0.197209 0.0591664 2.07292 0.268835 0.0933791 2.154 0.197117 0.0499499 2.08005 0.204922 0.0459236 2.07212 0.267628 0.0874125 2.15966 0.197117 0.0499499 2.08005 0.267628 0.0874125 2.15966 0.268835 0.0933791 2.154 0.273049 0.083544 2.15512 0.204922 0.0459236 2.07212 0.205015 0.0551401 2.06499 0.274256 0.0895106 2.14946 0.273049 0.083544 2.15512 0.205015 0.0551401 2.06499 0.204922 0.0459236 2.07212 0.273049 0.083544 2.15512 0.267628 0.0874125 2.15966 0.357316 0.148469 2.22379 0.268835 0.0933791 2.154 0.267628 0.0874125 2.15966 0.360835 0.145035 2.22128 0.274256 0.0895106 2.14946 0.268835 0.0933791 2.154 0.268835 0.0933791 2.154 0.357316 0.148469 2.22379 0.360835 0.145035 2.22128 0.356642 0.145302 2.22904 0.267628 0.0874125 2.15966 0.273049 0.083544 2.15512 0.357316 0.148469 2.22379 0.267628 0.0874125 2.15966 0.356642 0.145302 2.22904 0.360162 0.141869 2.22653 0.273049 0.083544 2.15512 0.274256 0.0895106 2.14946 0.360835 0.145035 2.22128 0.360162 0.141869 2.22653 0.274256 0.0895106 2.14946 0.356642 0.145302 2.22904 0.273049 0.083544 2.15512 0.360162 0.141869 2.22653 0.356642 0.145302 2.22904 0.360162 0.141869 2.22653 0.357316 0.148469 2.22379 0.360162 0.141869 2.22653 0.360835 0.145035 2.22128 0.357316 0.148469 2.22379</float_array>
          <technique_common>
            <accessor count="108" source="#ID163" stride="3">
              <param name="X" type="float"/>
              <param name="Y" type="float"/>
              <param name="Z" type="float"/>
            </accessor>
          </technique_common>
        </source>
        <source id="ID164">
          <float_array count="324" id="ID165">-0.530385 -0.025373 -0.847377 -0.530385 -0.025373 -0.847377 -0.530385 -0.025373 -0.847377 0.0363181 -0.998906 0.0294638 0.0363181 -0.998906 0.0294638 0.0363181 -0.998906 0.0294638 -0.530385 -0.025373 -0.847377 -0.530385 -0.025373 -0.847377 -0.530385 -0.025373 -0.847377 0.935934 0.0171187 -0.351759 0.935934 0.0171187 -0.351759 0.935934 0.0171187 -0.351759 -0.128605 -0.988681 0.0772747 -0.128605 -0.988681 0.0772747 -0.128605 -0.988681 0.0772747 -0.918065 -0.0160273 0.396106 -0.918065 -0.0160273 0.396106 -0.918065 -0.0160273 0.396106 -0.913785 0.163934 0.371649 -0.913785 0.163934 0.371649 -0.913785 0.163934 0.371649 0.134944 0.988584 -0.0670272 0.134944 0.988584 -0.0670272 0.134944 0.988584 -0.0670272 -0.0114888 0.999882 0.0101942 -0.0114888 0.999882 0.0101942 -0.0114888 0.999882 0.0101942 -0.0649369 0.92628 -0.371198 -0.0649369 0.92628 -0.371198 -0.0649369 0.92628 -0.371198 -0.753714 0.172365 0.634196 -0.753714 0.172365 0.634196 -0.753714 0.172365 0.634196 0.0123508 0.896487 -0.442898 0.0123508 0.896487 -0.442898 0.0123508 0.896487 -0.442898 0.918442 -0.163263 -0.360292 0.918442 -0.163263 -0.360292 0.918442 -0.163263 -0.360292 0.786194 -0.172078 -0.593538 0.786194 -0.172078 -0.593538 0.786194 -0.172078 -0.593538 0.76955 -0.395426 -0.50143 0.76955 -0.395426 -0.50143 0.76955 -0.395426 -0.50143 0.0813614 -0.915286 0.394503 0.0813614 -0.915286 0.394503 0.0813614 -0.915286 0.394503 -0.767169 0.397159 0.503703 -0.767169 0.397159 0.503703 -0.767169 0.397159 0.503703 -0.00567196 -0.893929 0.448172 -0.00567196 -0.893929 0.448172 -0.00567196 -0.893929 0.448172 -0.764169 0.399324 0.506543 -0.764169 0.399324 0.506543 -0.764169 0.399324 0.506543 0.0508003 0.909839 -0.41184 0.0508003 0.909839 -0.41184 0.0508003 0.909839 -0.41184 0.17432 0.842613 -0.509526 0.17432 0.842613 -0.509526 0.17432 0.842613 -0.509526 -0.0177953 -0.89852 0.438573 -0.0177953 -0.89852 0.438573 -0.0177953 -0.89852 0.438573 -0.741681 0.53434 0.405451 -0.741681 0.53434 0.405451 -0.741681 0.53434 0.405451 0.792251 -0.3782 -0.478855 0.792251 -0.3782 -0.478855 0.792251 -0.3782 -0.478855 0.748987 -0.529295 -0.398579 0.748987 -0.529295 -0.398579 0.748987 -0.529295 -0.398579 -0.166058 -0.839769 0.516926 -0.166058 -0.839769 0.516926 -0.166058 -0.839769 0.516926 -0.698967 0.561361 0.443079 -0.698967 0.561361 0.443079 -0.698967 0.561361 0.443079 0.0253648 0.775827 -0.630436 0.0253648 0.775827 -0.630436 0.0253648 0.775827 -0.630436 0.146387 0.677713 -0.720608 0.146387 0.677713 -0.720608 0.146387 0.677713 -0.720608 -0.00531294 -0.764463 0.644646 -0.00531294 -0.764463 0.644646 -0.00531294 -0.764463 0.644646 -0.67741 0.66518 0.314088 -0.67741 0.66518 0.314088 -0.67741 0.66518 0.314088 0.718008 -0.549801 -0.42683 0.718008 -0.549801 -0.42683 0.718008 -0.549801 -0.42683 0.682352 -0.661467 -0.31122 0.682352 -0.661467 -0.31122 0.682352 -0.661467 -0.31122 -0.141467 -0.675148 0.72399 -0.141467 -0.675148 0.72399 -0.141467 -0.675148 0.72399 0.77035 0.497564 0.398737 0.77035 0.497564 0.398737 0.77035 0.497564 0.398737 0.770352 0.497564 0.398733 0.770352 0.497564 0.398733 0.770352 0.497564 0.398733</float_array>
          <technique_common>
            <accessor count="108" source="#ID165" stride="3">
              <param name="X" type="float"/>
              <param name="Y" type="float"/>
              <param name="Z" type="float"/>
            </accessor>
          </technique_common>
        </source>
        <vertices id="ID166">
          <input semantic="POSITION" source="#ID162"/>
          <input semantic="NORMAL" source="#ID164"/>
        </vertices>
        <triangles count="36" material="ID16">
          <input offset="0" semantic="VERTEX" source="#ID166"/>
          <p>0 1 2 3 4 5 6 7 8 9 10 11 12 13 14 15 16 17 18 19 20 21 22 23 24 25 26 27 28 29 30 31 32 33 34 35 36 37 38 39 40 41 42 43 44 45 46 47 48 49 50 51 52 53 54 55 56 57 58 59 60 61 62 63 64 65 66 67 68 69 70 71 72 73 74 75 76 77 78 79 80 81 82 83 84 85 86 87 88 89 90 91 92 93 94 95 96 97 98 99 100 101 102 103 104 105 106 107</p>
        </triangles>
      </mesh>
    </geometry>
    <geometry id="ID167">
      <mesh>
        <source id="ID168">
          <float_array count="252" id="ID169">0.205025 -0.225116 1.35363 0.200222 -0.235702 1.34742 0.197995 -0.240165 1.3619 0.269569 -0.267621 1.35241 0.200222 -0.235702 1.34742 0.205025 -0.225116 1.35363 0.205025 -0.225116 1.35363 0.197995 -0.240165 1.3619 0.202797 -0.229579 1.36812 0.202797 -0.229579 1.36812 0.273151 -0.259781 1.35493 0.205025 -0.225116 1.35363 0.269569 -0.267621 1.35241 0.205025 -0.225116 1.35363 0.273151 -0.259781 1.35493 0.197995 -0.240165 1.3619 0.200222 -0.235702 1.34742 0.268617 -0.269411 1.36315 0.268617 -0.269411 1.36315 0.200222 -0.235702 1.34742 0.269569 -0.267621 1.35241 0.197995 -0.240165 1.3619 0.268617 -0.269411 1.36315 0.272199 -0.261571 1.36568 0.202797 -0.229579 1.36812 0.197995 -0.240165 1.3619 0.272199 -0.261571 1.36568 0.272199 -0.261571 1.36568 0.268617 -0.269411 1.36315 0.405813 -0.295473 1.44487 0.268617 -0.269411 1.36315 0.269569 -0.267621 1.35241 0.404332 -0.301491 1.44478 0.405813 -0.295473 1.44487 0.268617 -0.269411 1.36315 0.404332 -0.301491 1.44478 0.272199 -0.261571 1.36568 0.273151 -0.259781 1.35493 0.202797 -0.229579 1.36812 0.273151 -0.259781 1.35493 0.272199 -0.261571 1.36568 0.408401 -0.29604 1.43789 0.408401 -0.29604 1.43789 0.272199 -0.261571 1.36568 0.405813 -0.295473 1.44487 0.269569 -0.267621 1.35241 0.273151 -0.259781 1.35493 0.40692 -0.302057 1.4378 0.404332 -0.301491 1.44478 0.269569 -0.267621 1.35241 0.40692 -0.302057 1.4378 0.408401 -0.29604 1.43789 0.40692 -0.302057 1.4378 0.273151 -0.259781 1.35493 0.496212 -0.327665 1.47312 0.405813 -0.295473 1.44487 0.404332 -0.301491 1.44478 0.404332 -0.301491 1.44478 0.40692 -0.302057 1.4378 0.49466 -0.331679 1.4738 0.404332 -0.301491 1.44478 0.49466 -0.331679 1.4738 0.496212 -0.327665 1.47312 0.497009 -0.328543 1.46792 0.408401 -0.29604 1.43789 0.405813 -0.295473 1.44487 0.497009 -0.328543 1.46792 0.405813 -0.295473 1.44487 0.496212 -0.327665 1.47312 0.495457 -0.332557 1.4686 0.40692 -0.302057 1.4378 0.408401 -0.29604 1.43789 0.40692 -0.302057 1.4378 0.495457 -0.332557 1.4686 0.49466 -0.331679 1.4738 0.495457 -0.332557 1.4686 0.408401 -0.29604 1.43789 0.497009 -0.328543 1.46792 0.496212 -0.327665 1.47312 0.49466 -0.331679 1.4738 0.495457 -0.332557 1.4686 0.496212 -0.327665 1.47312 0.495457 -0.332557 1.4686 0.497009 -0.328543 1.46792</float_array>
          <technique_common>
            <accessor count="84" source="#ID169" stride="3">
              <param name="X" type="float"/>
              <param name="Y" type="float"/>
              <param name="Z" type="float"/>
            </accessor>
          </technique_common>
        </source>
        <source id="ID170">
          <float_array count="252" id="ID171">-0.908222 0.418351 -0.0107613 -0.908222 0.418351 -0.0107613 -0.908222 0.418351 -0.0107613 0.249212 0.403677 -0.880306 0.249212 0.403677 -0.880306 0.249212 0.403677 -0.880306 -0.908221 0.418353 -0.0107567 -0.908221 0.418353 -0.0107567 -0.908221 0.418353 -0.0107567 0.423841 0.845195 0.325583 0.423841 0.845195 0.325583 0.423841 0.845195 0.325583 0.142349 0.243674 -0.959354 0.142349 0.243674 -0.959354 0.142349 0.243674 -0.959354 -0.35696 -0.875854 -0.324745 -0.35696 -0.875854 -0.324745 -0.35696 -0.875854 -0.324745 -0.399871 -0.897698 -0.185042 -0.399871 -0.897698 -0.185042 -0.399871 -0.897698 -0.185042 -0.121827 -0.253165 0.959722 -0.121827 -0.253165 0.959722 -0.121827 -0.253165 0.959722 -0.171651 -0.439646 0.881617 -0.171651 -0.439646 0.881617 -0.171651 -0.439646 0.881617 -0.516824 -0.0390921 0.855199 -0.516824 -0.0390921 0.855199 -0.516824 -0.0390921 0.855199 -0.126227 -0.976631 -0.17395 -0.126227 -0.976631 -0.17395 -0.126227 -0.976631 -0.17395 -0.493528 0.107999 0.862998 -0.493528 0.107999 0.862998 -0.493528 0.107999 0.862998 0.416753 0.889945 0.185241 0.416753 0.889945 0.185241 0.416753 0.889945 0.185241 0.152993 0.972496 0.175627 0.152993 0.972496 0.175627 0.152993 0.972496 0.175627 0.240222 0.970664 0.0102319 0.240222 0.970664 0.0102319 0.240222 0.970664 0.0102319 0.532916 0.0286786 -0.845682 0.532916 0.0286786 -0.845682 0.532916 0.0286786 -0.845682 -0.237757 -0.97128 -0.00926878 -0.237757 -0.97128 -0.00926878 -0.237757 -0.97128 -0.00926878 0.498271 -0.109229 -0.860113 0.498271 -0.109229 -0.860113 0.498271 -0.109229 -0.860113 -0.280234 0.0540174 0.958411 -0.280234 0.0540174 0.958411 -0.280234 0.0540174 0.958411 -0.306261 -0.951256 -0.0362767 -0.306261 -0.951256 -0.0362767 -0.306261 -0.951256 -0.0362767 -0.220974 0.246125 0.943712 -0.220974 0.246125 0.943712 -0.220974 0.246125 0.943712 0.330284 0.942767 0.0458663 0.330284 0.942767 0.0458663 0.330284 0.942767 0.0458663 0.361636 0.926823 -0.101082 0.361636 0.926823 -0.101082 0.361636 0.926823 -0.101082 0.309104 -0.0612878 -0.949051 0.309104 -0.0612878 -0.949051 0.309104 -0.0612878 -0.949051 -0.355645 -0.928998 0.10237 -0.355645 -0.928998 0.10237 -0.355645 -0.928998 0.10237 0.227913 -0.248451 -0.94145 0.227913 -0.248451 -0.94145 0.227913 -0.248451 -0.94145 0.925337 -0.324203 0.196582 0.925337 -0.324203 0.196582 0.925337 -0.324203 0.196582 0.925339 -0.324199 0.196577 0.925339 -0.324199 0.196577 0.925339 -0.324199 0.196577</float_array>
          <technique_common>
            <accessor count="84" source="#ID171" stride="3">
              <param name="X" type="float"/>
              <param name="Y" type="float"/>
              <param name="Z" type="float"/>
            </accessor>
          </technique_common>
        </source>
        <vertices id="ID172">
          <input semantic="POSITION" source="#ID168"/>
          <input semantic="NORMAL" source="#ID170"/>
        </vertices>
        <triangles count="28" material="ID16">
          <input offset="0" semantic="VERTEX" source="#ID172"/>
          <p>0 1 2 3 4 5 6 7 8 9 10 11 12 13 14 15 16 17 18 19 20 21 22 23 24 25 26 27 28 29 30 31 32 33 34 35 36 37 38 39 40 41 42 43 44 45 46 47 48 49 50 51 52 53 54 55 56 57 58 59 60 61 62 63 64 65 66 67 68 69 70 71 72 73 74 75 76 77 78 79 80 81 82 83</p>
        </triangles>
      </mesh>
    </geometry>
    <geometry id="ID173">
      <mesh>
        <source id="ID174">
          <float_array count="468" id="ID175">0.0511437 0.00442124 1.06776 0.0155308 -0.0106955 1.08159 0.0301059 0.0129873 1.08913 0.0511437 0.00442124 1.06776 0.0365686 -0.0192615 1.06022 0.0155308 -0.0106955 1.08159 0.0511437 0.00442124 1.06776 0.0301059 0.0129873 1.08913 0.10218 -0.0577956 1.18739 0.0881348 -0.0748272 1.18449 0.0365686 -0.0192615 1.06022 0.0511437 0.00442124 1.06776 0.10218 -0.0577956 1.18739 0.0881348 -0.0748272 1.18449 0.0511437 0.00442124 1.06776 0.0155308 -0.0106955 1.08159 0.087994 -0.0480078 1.20483 0.0301059 0.0129873 1.08913 0.0155308 -0.0106955 1.08159 0.0739487 -0.0650395 1.20193 0.087994 -0.0480078 1.20483 0.0155308 -0.0106955 1.08159 0.0365686 -0.0192615 1.06022 0.0739487 -0.0650395 1.20193 0.10218 -0.0577956 1.18739 0.0301059 0.0129873 1.08913 0.087994 -0.0480078 1.20483 0.087994 -0.0480078 1.20483 0.0739487 -0.0650395 1.20193 0.205126 -0.224124 1.36777 0.211727 -0.230851 1.34966 0.10218 -0.0577956 1.18739 0.087994 -0.0480078 1.20483 0.087994 -0.0480078 1.20483 0.205126 -0.224124 1.36777 0.211727 -0.230851 1.34966 0.0365686 -0.0192615 1.06022 0.0881348 -0.0748272 1.18449 0.0739487 -0.0650395 1.20193 0.0739487 -0.0650395 1.20193 0.0881348 -0.0748272 1.18449 0.1913 -0.234436 1.36589 0.0739487 -0.0650395 1.20193 0.1913 -0.234436 1.36589 0.205126 -0.224124 1.36777 0.0881348 -0.0748272 1.18449 0.10218 -0.0577956 1.18739 0.197901 -0.241164 1.34778 0.211727 -0.230851 1.34966 0.197901 -0.241164 1.34778 0.10218 -0.0577956 1.18739 0.0881348 -0.0748272 1.18449 0.197901 -0.241164 1.34778 0.1913 -0.234436 1.36589 0.244177 -0.269673 1.444 0.205126 -0.224124 1.36777 0.1913 -0.234436 1.36589 0.249046 -0.278461 1.43275 0.211727 -0.230851 1.34966 0.205126 -0.224124 1.36777 0.205126 -0.224124 1.36777 0.244177 -0.269673 1.444 0.249046 -0.278461 1.43275 0.197901 -0.241164 1.34778 0.23311 -0.277279 1.44579 0.1913 -0.234436 1.36589 0.244177 -0.269673 1.444 0.1913 -0.234436 1.36589 0.23311 -0.277279 1.44579 0.197901 -0.241164 1.34778 0.211727 -0.230851 1.34966 0.237979 -0.286067 1.43454 0.211727 -0.230851 1.34966 0.249046 -0.278461 1.43275 0.237979 -0.286067 1.43454 0.197901 -0.241164 1.34778 0.237979 -0.286067 1.43454 0.23311 -0.277279 1.44579 0.275546 -0.285446 1.54266 0.244177 -0.269673 1.444 0.23311 -0.277279 1.44579 0.23311 -0.277279 1.44579 0.237979 -0.286067 1.43454 0.266536 -0.290226 1.54594 0.266536 -0.290226 1.54594 0.275546 -0.285446 1.54266 0.23311 -0.277279 1.44579 0.244177 -0.269673 1.444 0.279516 -0.294677 1.53872 0.249046 -0.278461 1.43275 0.275546 -0.285446 1.54266 0.279516 -0.294677 1.53872 0.244177 -0.269673 1.444 0.270507 -0.299456 1.542 0.237979 -0.286067 1.43454 0.249046 -0.278461 1.43275 0.270507 -0.299456 1.542 0.266536 -0.290226 1.54594 0.237979 -0.286067 1.43454 0.270507 -0.299456 1.542 0.249046 -0.278461 1.43275 0.279516 -0.294677 1.53872 0.275546 -0.285446 1.54266 0.266536 -0.290226 1.54594 0.316375 -0.356044 1.58764 0.270507 -0.299456 1.542 0.309179 -0.358771 1.59123 0.266536 -0.290226 1.54594 0.266536 -0.290226 1.54594 0.309179 -0.358771 1.59123 0.316375 -0.356044 1.58764 0.315201 -0.360281 1.57899 0.279516 -0.294677 1.53872 0.275546 -0.285446 1.54266 0.275546 -0.285446 1.54266 0.316375 -0.356044 1.58764 0.315201 -0.360281 1.57899 0.308006 -0.363008 1.58258 0.270507 -0.299456 1.542 0.279516 -0.294677 1.53872 0.270507 -0.299456 1.542 0.308006 -0.363008 1.58258 0.309179 -0.358771 1.59123 0.308006 -0.363008 1.58258 0.279516 -0.294677 1.53872 0.315201 -0.360281 1.57899 0.336063 -0.376293 1.63441 0.316375 -0.356044 1.58764 0.309179 -0.358771 1.59123 0.309179 -0.358771 1.59123 0.308006 -0.363008 1.58258 0.330272 -0.377241 1.63762 0.330272 -0.377241 1.63762 0.336063 -0.376293 1.63441 0.309179 -0.358771 1.59123 0.335768 -0.382058 1.63094 0.315201 -0.360281 1.57899 0.316375 -0.356044 1.58764 0.316375 -0.356044 1.58764 0.336063 -0.376293 1.63441 0.335768 -0.382058 1.63094 0.308006 -0.363008 1.58258 0.315201 -0.360281 1.57899 0.329976 -0.383005 1.63415 0.308006 -0.363008 1.58258 0.329976 -0.383005 1.63415 0.330272 -0.377241 1.63762 0.315201 -0.360281 1.57899 0.335768 -0.382058 1.63094 0.329976 -0.383005 1.63415 0.330272 -0.377241 1.63762 0.329976 -0.383005 1.63415 0.336063 -0.376293 1.63441 0.329976 -0.383005 1.63415 0.335768 -0.382058 1.63094 0.336063 -0.376293 1.63441</float_array>
          <technique_common>
            <accessor count="156" source="#ID175" stride="3">
              <param name="X" type="float"/>
              <param name="Y" type="float"/>
              <param name="Z" type="float"/>
            </accessor>
          </technique_common>
        </source>
        <source id="ID176">
          <float_array count="468" id="ID177">-0.492307 0.524273 -0.694817 -0.492307 0.524273 -0.694817 -0.492307 0.524273 -0.694817 -0.492307 0.524273 -0.694817 -0.492307 0.524273 -0.694817 -0.492307 0.524273 -0.694817 0.53568 0.820797 0.198343 0.53568 0.820797 0.198343 0.53568 0.820797 0.198343 0.804811 -0.340464 -0.486172 0.804811 -0.340464 -0.486172 0.804811 -0.340464 -0.486172 0.690898 -0.477316 -0.542982 0.690898 -0.477316 -0.542982 0.690898 -0.477316 -0.542982 -0.77821 0.303899 0.549576 -0.77821 0.303899 0.549576 -0.77821 0.303899 0.549576 -0.688537 0.474432 0.54848 -0.688537 0.474432 0.54848 -0.688537 0.474432 0.54848 -0.496326 -0.855848 -0.145551 -0.496326 -0.855848 -0.145551 -0.496326 -0.855848 -0.145551 0.635578 0.767182 0.0864475 0.635578 0.767182 0.0864475 0.635578 0.767182 0.0864475 -0.5589 0.331501 0.760091 -0.5589 0.331501 0.760091 -0.5589 0.331501 0.760091 0.72047 0.65889 0.2163 0.72047 0.65889 0.2163 0.72047 0.65889 0.2163 0.799592 0.596462 0.0698944 0.799592 0.596462 0.0698944 0.799592 0.596462 0.0698944 -0.632343 -0.770331 -0.0820477 -0.632343 -0.770331 -0.0820477 -0.632343 -0.770331 -0.0820477 -0.70788 -0.678939 -0.194803 -0.70788 -0.678939 -0.194803 -0.70788 -0.678939 -0.194803 -0.440047 0.448264 0.778086 -0.440047 0.448264 0.778086 -0.440047 0.448264 0.778086 0.574751 -0.347873 -0.740706 0.574751 -0.347873 -0.740706 0.574751 -0.347873 -0.740706 0.440808 -0.449492 -0.776946 0.440808 -0.449492 -0.776946 0.440808 -0.449492 -0.776946 -0.799657 -0.596368 -0.0699535 -0.799657 -0.596368 -0.0699535 -0.799657 -0.596368 -0.0699535 -0.522099 0.587355 0.618407 -0.522099 0.587355 0.618407 -0.522099 0.587355 0.618407 0.7572 0.652314 0.0336796 0.7572 0.652314 0.0336796 0.7572 0.652314 0.0336796 0.821871 0.563389 -0.0843871 0.821871 0.563389 -0.0843871 0.821871 0.563389 -0.0843871 -0.714906 -0.699221 -0.000825874 -0.714906 -0.699221 -0.000825874 -0.714906 -0.699221 -0.000825874 -0.392654 0.709078 0.585688 -0.392654 0.709078 0.585688 -0.392654 0.709078 0.585688 0.539594 -0.619627 -0.570001 0.539594 -0.619627 -0.570001 0.539594 -0.619627 -0.570001 0.393678 -0.710118 -0.583738 0.393678 -0.710118 -0.583738 0.393678 -0.710118 -0.583738 -0.820397 -0.565221 0.0864548 -0.820397 -0.565221 0.0864548 -0.820397 -0.565221 0.0864548 -0.509383 0.809697 0.291409 -0.509383 0.809697 0.291409 -0.509383 0.809697 0.291409 -0.753895 -0.63474 0.169552 -0.753895 -0.63474 0.169552 -0.753895 -0.63474 0.169552 -0.383792 0.89081 0.243231 -0.383792 0.89081 0.243231 -0.383792 0.89081 0.243231 0.784871 0.605203 -0.133069 0.784871 0.605203 -0.133069 0.784871 0.605203 -0.133069 0.865468 0.458491 -0.201869 0.865468 0.458491 -0.201869 0.865468 0.458491 -0.201869 0.518433 -0.815119 -0.258474 0.518433 -0.815119 -0.258474 0.518433 -0.815119 -0.258474 -0.864497 -0.459175 0.204456 -0.864497 -0.459175 0.204456 -0.864497 -0.459175 0.204456 0.382528 -0.890519 -0.246268 0.382528 -0.890519 -0.246268 0.382528 -0.890519 -0.246268 0.0172802 0.544387 0.838656 0.0172802 0.544387 0.838656 0.0172802 0.544387 0.838656 -0.881584 -0.445654 0.155571 -0.881584 -0.445654 0.155571 -0.881584 -0.445654 0.155571 0.156216 0.610291 0.776622 0.156216 0.610291 0.776622 0.156216 0.610291 0.776622 0.89827 0.428335 -0.098184 0.89827 0.428335 -0.098184 0.89827 0.428335 -0.098184 0.897133 0.336361 -0.286379 0.897133 0.336361 -0.286379 0.897133 0.336361 -0.286379 -0.0167572 -0.545073 -0.838221 -0.0167572 -0.545073 -0.838221 -0.0167572 -0.545073 -0.838221 -0.893815 -0.342819 0.289085 -0.893815 -0.342819 0.289085 -0.893815 -0.342819 0.289085 -0.175232 -0.582553 -0.793679 -0.175232 -0.582553 -0.793679 -0.175232 -0.582553 -0.793679 -0.12007 0.891602 0.43661 -0.12007 0.891602 0.43661 -0.12007 0.891602 0.43661 -0.903031 -0.324575 0.2814 -0.903031 -0.324575 0.2814 -0.903031 -0.324575 0.2814 0.0425988 0.934722 0.352818 0.0425988 0.934722 0.352818 0.0425988 0.934722 0.352818 0.929227 0.266134 -0.256337 0.929227 0.266134 -0.256337 0.929227 0.266134 -0.256337 0.932779 0.149678 -0.327903 0.932779 0.149678 -0.327903 0.932779 0.149678 -0.327903 0.138019 -0.902184 -0.408675 0.138019 -0.902184 -0.408675 0.138019 -0.902184 -0.408675 -0.929115 -0.154668 0.33589 -0.929115 -0.154668 0.33589 -0.929115 -0.154668 0.33589 -0.0523119 -0.928192 -0.368405 -0.0523119 -0.928192 -0.368405 -0.0523119 -0.928192 -0.368405 0.485526 -0.469062 0.73773 0.485526 -0.469062 0.73773 0.485526 -0.469062 0.73773 0.485536 -0.469071 0.737717 0.485536 -0.469071 0.737717 0.485536 -0.469071 0.737717</float_array>
          <technique_common>
            <accessor count="156" source="#ID177" stride="3">
              <param name="X" type="float"/>
              <param name="Y" type="float"/>
              <param name="Z" type="float"/>
            </accessor>
          </technique_common>
        </source>
        <vertices id="ID178">
          <input semantic="POSITION" source="#ID174"/>
          <input semantic="NORMAL" source="#ID176"/>
        </vertices>
        <triangles count="52" material="ID16">
          <input offset="0" semantic="VERTEX" source="#ID178"/>
          <p>0 1 2 3 4 5 6 7 8 9 10 11 12 13 14 15 16 17 18 19 20 21 22 23 24 25 26 27 28 29 30 31 32 33 34 35 36 37 38 39 40 41 42 43 44 45 46 47 48 49 50 51 52 53 54 55 56 57 58 59 60 61 62 63 64 65 66 67 68 69 70 71 72 73 74 75 76 77 78 79 80 81 82 83 84 85 86 87 88 89 90 91 92 93 94 95 96 97 98 99 100 101 102 103 104 105 106 107 108 109 110 111 112 113 114 115 116 117 118 119 120 121 122 123 124 125 126 127 128 129 130 131 132 133 134 135 136 137 138 139 140 141 142 143 144 145 146 147 148 149 150 151 152 153 154 155</p>
        </triangles>
      </mesh>
    </geometry>
    <geometry id="ID179">
      <mesh>
        <source id="ID180">
          <float_array count="540" id="ID181">0.0273514 -0.022391 1.21684 0.0191663 0.0161167 1.20641 0.00444871 -0.00568307 1.21995 0.042069 -0.00059115 1.20329 0.0191663 0.0161167 1.20641 0.0273514 -0.022391 1.21684 0.0273514 -0.022391 1.21684 0.00444871 -0.00568307 1.21995 0.0486914 0.0342124 1.37808 0.0646906 0.0180207 1.37751 0.0273514 -0.022391 1.21684 0.0486914 0.0342124 1.37808 0.0646906 0.0180207 1.37751 0.042069 -0.00059115 1.20329 0.0273514 -0.022391 1.21684 0.0634682 0.0490662 1.36698 0.00444871 -0.00568307 1.21995 0.0191663 0.0161167 1.20641 0.0634682 0.0490662 1.36698 0.0191663 0.0161167 1.20641 0.0794674 0.0328746 1.3664 0.0191663 0.0161167 1.20641 0.042069 -0.00059115 1.20329 0.0794674 0.0328746 1.3664 0.00444871 -0.00568307 1.21995 0.0634682 0.0490662 1.36698 0.0486914 0.0342124 1.37808 0.109376 0.0706325 1.4572 0.0486914 0.0342124 1.37808 0.0634682 0.0490662 1.36698 0.119235 0.0553315 1.45637 0.0634682 0.0490662 1.36698 0.0794674 0.0328746 1.3664 0.0634682 0.0490662 1.36698 0.119235 0.0553315 1.45637 0.109376 0.0706325 1.4572 0.0646906 0.0180207 1.37751 0.0486914 0.0342124 1.37808 0.0969992 0.0622107 1.47013 0.0486914 0.0342124 1.37808 0.109376 0.0706325 1.4572 0.0969992 0.0622107 1.47013 0.0794674 0.0328746 1.3664 0.042069 -0.00059115 1.20329 0.0646906 0.0180207 1.37751 0.106858 0.0469098 1.4693 0.0794674 0.0328746 1.3664 0.0646906 0.0180207 1.37751 0.119235 0.0553315 1.45637 0.0794674 0.0328746 1.3664 0.106858 0.0469098 1.4693 0.0969992 0.0622107 1.47013 0.106858 0.0469098 1.4693 0.0646906 0.0180207 1.37751 0.0969992 0.0622107 1.47013 0.109376 0.0706325 1.4572 0.126479 0.0941593 1.59035 0.109376 0.0706325 1.4572 0.119235 0.0553315 1.45637 0.132997 0.081321 1.59314 0.126479 0.0941593 1.59035 0.109376 0.0706325 1.4572 0.132997 0.081321 1.59314 0.106858 0.0469098 1.4693 0.0969992 0.0622107 1.47013 0.113606 0.0882076 1.59451 0.113606 0.0882076 1.59451 0.0969992 0.0622107 1.47013 0.126479 0.0941593 1.59035 0.119235 0.0553315 1.45637 0.106858 0.0469098 1.4693 0.120123 0.0753693 1.5973 0.132997 0.081321 1.59314 0.119235 0.0553315 1.45637 0.120123 0.0753693 1.5973 0.113606 0.0882076 1.59451 0.120123 0.0753693 1.5973 0.106858 0.0469098 1.4693 0.203319 0.122345 1.67397 0.113606 0.0882076 1.59451 0.126479 0.0941593 1.59035 0.195736 0.121588 1.68496 0.120123 0.0753693 1.5973 0.113606 0.0882076 1.59451 0.195736 0.121588 1.68496 0.113606 0.0882076 1.59451 0.203319 0.122345 1.67397 0.126479 0.0941593 1.59035 0.132997 0.081321 1.59314 0.206362 0.111215 1.67604 0.126479 0.0941593 1.59035 0.206362 0.111215 1.67604 0.203319 0.122345 1.67397 0.132997 0.081321 1.59314 0.120123 0.0753693 1.5973 0.198779 0.110459 1.68703 0.195736 0.121588 1.68496 0.198779 0.110459 1.68703 0.120123 0.0753693 1.5973 0.206362 0.111215 1.67604 0.132997 0.081321 1.59314 0.198779 0.110459 1.68703 0.258728 0.150889 1.78258 0.195736 0.121588 1.68496 0.203319 0.122345 1.67397 0.198779 0.110459 1.68703 0.195736 0.121588 1.68496 0.25082 0.15113 1.78873 0.25082 0.15113 1.78873 0.195736 0.121588 1.68496 0.258728 0.150889 1.78258 0.203319 0.122345 1.67397 0.206362 0.111215 1.67604 0.25994 0.141954 1.78554 0.203319 0.122345 1.67397 0.25994 0.141954 1.78554 0.258728 0.150889 1.78258 0.206362 0.111215 1.67604 0.198779 0.110459 1.68703 0.252032 0.142195 1.79169 0.25082 0.15113 1.78873 0.252032 0.142195 1.79169 0.198779 0.110459 1.68703 0.25994 0.141954 1.78554 0.206362 0.111215 1.67604 0.252032 0.142195 1.79169 0.338372 0.173162 1.82283 0.25082 0.15113 1.78873 0.258728 0.150889 1.78258 0.335068 0.175812 1.83048 0.252032 0.142195 1.79169 0.25082 0.15113 1.78873 0.25082 0.15113 1.78873 0.338372 0.173162 1.82283 0.335068 0.175812 1.83048 0.258728 0.150889 1.78258 0.25994 0.141954 1.78554 0.339057 0.166483 1.82688 0.339057 0.166483 1.82688 0.338372 0.173162 1.82283 0.258728 0.150889 1.78258 0.335753 0.169133 1.83453 0.25994 0.141954 1.78554 0.252032 0.142195 1.79169 0.252032 0.142195 1.79169 0.335068 0.175812 1.83048 0.335753 0.169133 1.83453 0.339057 0.166483 1.82688 0.25994 0.141954 1.78554 0.335753 0.169133 1.83453 0.361712 0.190928 1.90343 0.335068 0.175812 1.83048 0.338372 0.173162 1.82283 0.356183 0.192692 1.90517 0.335753 0.169133 1.83453 0.335068 0.175812 1.83048 0.335068 0.175812 1.83048 0.361712 0.190928 1.90343 0.356183 0.192692 1.90517 0.360473 0.18545 1.90595 0.338372 0.173162 1.82283 0.339057 0.166483 1.82688 0.361712 0.190928 1.90343 0.338372 0.173162 1.82283 0.360473 0.18545 1.90595 0.339057 0.166483 1.82688 0.335753 0.169133 1.83453 0.354944 0.187214 1.90768 0.356183 0.192692 1.90517 0.354944 0.187214 1.90768 0.335753 0.169133 1.83453 0.354944 0.187214 1.90768 0.360473 0.18545 1.90595 0.339057 0.166483 1.82688 0.360473 0.18545 1.90595 0.356183 0.192692 1.90517 0.361712 0.190928 1.90343 0.354944 0.187214 1.90768 0.356183 0.192692 1.90517 0.360473 0.18545 1.90595</float_array>
          <technique_common>
            <accessor count="180" source="#ID181" stride="3">
              <param name="X" type="float"/>
              <param name="Y" type="float"/>
              <param name="Z" type="float"/>
            </accessor>
          </technique_common>
        </source>
        <source id="ID182">
          <float_array count="540" id="ID183">0.348726 0.313357 0.883288 0.348726 0.313357 0.883288 0.348726 0.313357 0.883288 0.348721 0.313357 0.88329 0.348721 0.313357 0.88329 0.348721 0.313357 0.88329 0.52267 0.78043 -0.34314 0.52267 0.78043 -0.34314 0.52267 0.78043 -0.34314 0.667257 0.670771 -0.32378 0.667257 0.670771 -0.32378 0.667257 0.670771 -0.32378 -0.815067 0.577684 0.0441202 -0.815067 0.577684 0.0441202 -0.815067 0.577684 0.0441202 0.795916 -0.597591 -0.0969696 0.795916 -0.597591 -0.0969696 0.795916 -0.597591 -0.0969696 -0.667729 -0.671178 0.32196 -0.667729 -0.671178 0.32196 -0.667729 -0.671178 0.32196 -0.539018 -0.792207 0.286126 -0.539018 -0.792207 0.286126 -0.539018 -0.792207 0.286126 0.702449 -0.71153 -0.0170205 0.702449 -0.71153 -0.0170205 0.702449 -0.71153 -0.0170205 0.64361 -0.750907 -0.148003 0.64361 -0.750907 -0.148003 0.64361 -0.750907 -0.148003 -0.631415 -0.639422 0.438696 -0.631415 -0.639422 0.438696 -0.631415 -0.639422 0.438696 -0.722854 -0.491809 0.485392 -0.722854 -0.491809 0.485392 -0.722854 -0.491809 0.485392 0.605043 0.615694 -0.504821 0.605043 0.615694 -0.504821 0.605043 0.615694 -0.504821 0.54164 -0.84012 -0.0287193 0.54164 -0.84012 -0.0287193 0.54164 -0.84012 -0.0287193 -0.703101 0.710924 0.0153469 -0.703101 0.710924 0.0153469 -0.703101 0.710924 0.0153469 -0.676102 0.732445 0.080066 -0.676102 0.732445 0.080066 -0.676102 0.732445 0.080066 -0.541128 0.840426 0.0294094 -0.541128 0.840426 0.0294094 -0.541128 0.840426 0.0294094 0.722312 0.491526 -0.486486 0.722312 0.491526 -0.486486 0.722312 0.491526 -0.486486 0.605248 -0.793581 0.0624769 0.605248 -0.793581 0.0624769 0.605248 -0.793581 0.0624769 -0.821532 -0.539265 0.185143 -0.821532 -0.539265 0.185143 -0.821532 -0.539265 0.185143 -0.891749 -0.411935 0.187332 -0.891749 -0.411935 0.187332 -0.891749 -0.411935 0.187332 0.814413 0.536601 -0.220885 0.814413 0.536601 -0.220885 0.814413 0.536601 -0.220885 0.449372 -0.884573 0.124882 0.449372 -0.884573 0.124882 0.449372 -0.884573 0.124882 -0.63219 0.767644 -0.10516 -0.63219 0.767644 -0.10516 -0.63219 0.767644 -0.10516 -0.44898 0.885035 -0.123006 -0.44898 0.885035 -0.123006 -0.44898 0.885035 -0.123006 0.892021 0.412749 -0.184217 0.892021 0.412749 -0.184217 0.892021 0.412749 -0.184217 0.402299 -0.913421 -0.061792 0.402299 -0.913421 -0.061792 0.402299 -0.913421 -0.061792 0.688347 0.197594 -0.69795 0.688347 0.197594 -0.69795 0.688347 0.197594 -0.69795 0.262561 -0.95802 0.115147 0.262561 -0.95802 0.115147 0.262561 -0.95802 0.115147 -0.695688 -0.203278 0.688982 -0.695688 -0.203278 0.688982 -0.695688 -0.203278 0.688982 -0.722732 -0.069697 0.687605 -0.722732 -0.069697 0.687605 -0.722732 -0.069697 0.687605 -0.41694 0.908878 0.0100614 -0.41694 0.908878 0.0100614 -0.41694 0.908878 0.0100614 0.734981 0.0756107 -0.673859 0.734981 0.0756107 -0.673859 0.734981 0.0756107 -0.673859 -0.261385 0.958443 -0.114302 -0.261385 0.958443 -0.114302 -0.261385 0.958443 -0.114302 0.264596 -0.957284 0.116601 0.264596 -0.957284 0.116601 0.264596 -0.957284 0.116601 0.856966 0.142166 -0.495376 0.856966 0.142166 -0.495376 0.856966 0.142166 -0.495376 0.131065 -0.969634 0.206476 0.131065 -0.969634 0.206476 0.131065 -0.969634 0.206476 -0.870577 -0.150917 0.468316 -0.870577 -0.150917 0.468316 -0.870577 -0.150917 0.468316 -0.893357 0.0276184 0.448498 -0.893357 0.0276184 0.448498 -0.893357 0.0276184 0.448498 -0.29367 0.945977 -0.137425 -0.29367 0.945977 -0.137425 -0.29367 0.945977 -0.137425 0.894222 -0.0269386 -0.446812 0.894222 -0.0269386 -0.446812 0.894222 -0.0269386 -0.446812 -0.131899 0.969291 -0.207549 -0.131899 0.969291 -0.207549 -0.131899 0.969291 -0.207549 0.151352 -0.96082 0.232203 0.151352 -0.96082 0.232203 0.151352 -0.96082 0.232203 0.483599 -0.215805 -0.848269 0.483599 -0.215805 -0.848269 0.483599 -0.215805 -0.848269 0.0927692 -0.92782 0.361308 0.0927692 -0.92782 0.361308 0.0927692 -0.92782 0.361308 -0.503096 0.209882 0.838358 -0.503096 0.209882 0.838358 -0.503096 0.209882 0.838358 -0.500129 0.411064 0.762166 -0.500129 0.411064 0.762166 -0.500129 0.411064 0.762166 -0.172919 0.950132 -0.259517 -0.172919 0.950132 -0.259517 -0.172919 0.950132 -0.259517 0.516387 -0.404844 -0.754617 0.516387 -0.404844 -0.754617 0.516387 -0.404844 -0.754617 -0.0976348 0.926661 -0.362996 -0.0976348 0.926661 -0.362996 -0.0976348 0.926661 -0.362996 -0.166061 -0.951801 0.257872 -0.166061 -0.951801 0.257872 -0.166061 -0.951801 0.257872 0.964018 -0.0584299 -0.259337 0.964018 -0.0584299 -0.259337 0.964018 -0.0584299 -0.259337 -0.213718 -0.938135 0.272447 -0.213718 -0.938135 0.272447 -0.213718 -0.938135 0.272447 -0.966996 0.0520927 0.24941 -0.966996 0.0520927 0.24941 -0.966996 0.0520927 0.24941 -0.93099 0.303627 0.202652 -0.93099 0.303627 0.202652 -0.93099 0.303627 0.202652 0.136006 0.952864 -0.271207 0.136006 0.952864 -0.271207 0.136006 0.952864 -0.271207 0.940185 -0.292692 -0.174308 0.940185 -0.292692 -0.174308 0.940185 -0.292692 -0.174308 0.210254 0.936232 -0.281537 0.210254 0.936232 -0.281537 0.210254 0.936232 -0.281537 -0.374593 -0.315733 -0.871776 -0.374593 -0.315733 -0.871776 -0.374593 -0.315733 -0.871776 -0.374591 -0.315732 -0.871777 -0.374591 -0.315732 -0.871777 -0.374591 -0.315732 -0.871777</float_array>
          <technique_common>
            <accessor count="180" source="#ID183" stride="3">
              <param name="X" type="float"/>
              <param name="Y" type="float"/>
              <param name="Z" type="float"/>
            </accessor>
          </technique_common>
        </source>
        <vertices id="ID184">
          <input semantic="POSITION" source="#ID180"/>
          <input semantic="NORMAL" source="#ID182"/>
        </vertices>
        <triangles count="60" material="ID16">
          <input offset="0" semantic="VERTEX" source="#ID184"/>
          <p>0 1 2 3 4 5 6 7 8 9 10 11 12 13 14 15 16 17 18 19 20 21 22 23 24 25 26 27 28 29 30 31 32 33 34 35 36 37 38 39 40 41 42 43 44 45 46 47 48 49 50 51 52 53 54 55 56 57 58 59 60 61 62 63 64 65 66 67 68 69 70 71 72 73 74 75 76 77 78 79 80 81 82 83 84 85 86 87 88 89 90 91 92 93 94 95 96 97 98 99 100 101 102 103 104 105 106 107 108 109 110 111 112 113 114 115 116 117 118 119 120 121 122 123 124 125 126 127 128 129 130 131 132 133 134 135 136 137 138 139 140 141 142 143 144 145 146 147 148 149 150 151 152 153 154 155 156 157 158 159 160 161 162 163 164 165 166 167 168 169 170 171 172 173 174 175 176 177 178 179</p>
        </triangles>
      </mesh>
    </geometry>
    <geometry id="ID185">
      <mesh>
        <source id="ID186">
          <float_array count="540" id="ID187">0.0212016 0.0331875 1.41929 -0.00446743 0.000280981 1.33016 0.0134499 -0.0214669 1.33513 0.0212016 0.0331875 1.41929 0.0401193 0.0419145 1.40784 -0.00446743 0.000280981 1.33016 0.0134499 -0.0214669 1.33513 0.0324209 0.013982 1.42535 0.0212016 0.0331875 1.41929 0.0401193 0.0419145 1.40784 0.0212016 0.0331875 1.41929 0.0742317 0.093358 1.5428 0.0579151 0.0893796 1.55159 0.0212016 0.0331875 1.41929 0.0324209 0.013982 1.42535 0.0742317 0.093358 1.5428 0.0212016 0.0331875 1.41929 0.0579151 0.0893796 1.55159 0.0134499 -0.0214669 1.33513 -0.00446743 0.000280981 1.33016 0.0343025 -0.0065552 1.31973 -0.00446743 0.000280981 1.33016 0.0163852 0.0151928 1.31475 0.0343025 -0.0065552 1.31973 0.0163852 0.0151928 1.31475 -0.00446743 0.000280981 1.33016 0.0401193 0.0419145 1.40784 0.0134499 -0.0214669 1.33513 0.0343025 -0.0065552 1.31973 0.0324209 0.013982 1.42535 0.0343025 -0.0065552 1.31973 0.0163852 0.0151928 1.31475 0.0513386 0.022709 1.4139 0.0324209 0.013982 1.42535 0.0343025 -0.0065552 1.31973 0.0513386 0.022709 1.4139 0.0401193 0.0419145 1.40784 0.0513386 0.022709 1.4139 0.0163852 0.0151928 1.31475 0.0807561 0.077506 1.55047 0.0513386 0.022709 1.4139 0.0401193 0.0419145 1.40784 0.0742317 0.093358 1.5428 0.0807561 0.077506 1.55047 0.0401193 0.0419145 1.40784 0.0644395 0.0735276 1.55926 0.0324209 0.013982 1.42535 0.0513386 0.022709 1.4139 0.0324209 0.013982 1.42535 0.0644395 0.0735276 1.55926 0.0579151 0.0893796 1.55159 0.0513386 0.022709 1.4139 0.0807561 0.077506 1.55047 0.0644395 0.0735276 1.55926 0.105834 0.177356 1.63529 0.0742317 0.093358 1.5428 0.0579151 0.0893796 1.55159 0.0924536 0.177274 1.64248 0.0579151 0.0893796 1.55159 0.0644395 0.0735276 1.55926 0.105834 0.177356 1.63529 0.0579151 0.0893796 1.55159 0.0924536 0.177274 1.64248 0.0807561 0.077506 1.55047 0.0742317 0.093358 1.5428 0.110129 0.167487 1.64753 0.105834 0.177356 1.63529 0.110129 0.167487 1.64753 0.0742317 0.093358 1.5428 0.0644395 0.0735276 1.55926 0.0807561 0.077506 1.55047 0.0967482 0.167404 1.65472 0.0924536 0.177274 1.64248 0.0644395 0.0735276 1.55926 0.0967482 0.167404 1.65472 0.0807561 0.077506 1.55047 0.110129 0.167487 1.64753 0.0967482 0.167404 1.65472 0.126405 0.243827 1.68552 0.105834 0.177356 1.63529 0.0924536 0.177274 1.64248 0.115315 0.245281 1.68961 0.0924536 0.177274 1.64248 0.0967482 0.167404 1.65472 0.0924536 0.177274 1.64248 0.115315 0.245281 1.68961 0.126405 0.243827 1.68552 0.110129 0.167487 1.64753 0.105834 0.177356 1.63529 0.128481 0.237727 1.69762 0.128481 0.237727 1.69762 0.105834 0.177356 1.63529 0.126405 0.243827 1.68552 0.0967482 0.167404 1.65472 0.110129 0.167487 1.64753 0.117391 0.239181 1.70172 0.0967482 0.167404 1.65472 0.117391 0.239181 1.70172 0.115315 0.245281 1.68961 0.128481 0.237727 1.69762 0.117391 0.239181 1.70172 0.110129 0.167487 1.64753 0.126405 0.243827 1.68552 0.115315 0.245281 1.68961 0.151378 0.342814 1.73042 0.142317 0.344678 1.73189 0.115315 0.245281 1.68961 0.117391 0.239181 1.70172 0.151378 0.342814 1.73042 0.115315 0.245281 1.68961 0.142317 0.344678 1.73189 0.128481 0.237727 1.69762 0.126405 0.243827 1.68552 0.151875 0.339684 1.74135 0.151875 0.339684 1.74135 0.126405 0.243827 1.68552 0.151378 0.342814 1.73042 0.142814 0.341548 1.74282 0.117391 0.239181 1.70172 0.128481 0.237727 1.69762 0.117391 0.239181 1.70172 0.142814 0.341548 1.74282 0.142317 0.344678 1.73189 0.151875 0.339684 1.74135 0.142814 0.341548 1.74282 0.128481 0.237727 1.69762 0.151378 0.342814 1.73042 0.142317 0.344678 1.73189 0.169319 0.440442 1.73751 0.142317 0.344678 1.73189 0.142814 0.341548 1.74282 0.161997 0.441818 1.73702 0.142317 0.344678 1.73189 0.161997 0.441818 1.73702 0.169319 0.440442 1.73751 0.16888 0.440204 1.74679 0.151875 0.339684 1.74135 0.151378 0.342814 1.73042 0.169319 0.440442 1.73751 0.16888 0.440204 1.74679 0.151378 0.342814 1.73042 0.161557 0.44158 1.7463 0.142814 0.341548 1.74282 0.151875 0.339684 1.74135 0.161997 0.441818 1.73702 0.142814 0.341548 1.74282 0.161557 0.44158 1.7463 0.161557 0.44158 1.7463 0.151875 0.339684 1.74135 0.16888 0.440204 1.74679 0.191234 0.501382 1.80562 0.169319 0.440442 1.73751 0.161997 0.441818 1.73702 0.161997 0.441818 1.73702 0.161557 0.44158 1.7463 0.185918 0.50399 1.80469 0.191234 0.501382 1.80562 0.161997 0.441818 1.73702 0.185918 0.50399 1.80469 0.189032 0.498188 1.81128 0.16888 0.440204 1.74679 0.169319 0.440442 1.73751 0.189032 0.498188 1.81128 0.169319 0.440442 1.73751 0.191234 0.501382 1.80562 0.161557 0.44158 1.7463 0.16888 0.440204 1.74679 0.183715 0.500796 1.81035 0.185918 0.50399 1.80469 0.161557 0.44158 1.7463 0.183715 0.500796 1.81035 0.189032 0.498188 1.81128 0.183715 0.500796 1.81035 0.16888 0.440204 1.74679 0.191234 0.501382 1.80562 0.185918 0.50399 1.80469 0.183715 0.500796 1.81035 0.191234 0.501382 1.80562 0.183715 0.500796 1.81035 0.189032 0.498188 1.81128</float_array>
          <technique_common>
            <accessor count="180" source="#ID187" stride="3">
              <param name="X" type="float"/>
              <param name="Y" type="float"/>
              <param name="Z" type="float"/>
            </accessor>
          </technique_common>
        </source>
        <source id="ID188">
          <float_array count="540" id="ID189">-0.748117 -0.522914 0.408512 -0.748117 -0.522914 0.408512 -0.748117 -0.522914 0.408512 -0.496261 0.851105 -0.171304 -0.496261 0.851105 -0.171304 -0.496261 0.851105 -0.171304 -0.855798 -0.394282 0.334892 -0.855798 -0.394282 0.334892 -0.855798 -0.394282 0.334892 -0.504907 0.841305 -0.193068 -0.504907 0.841305 -0.193068 -0.504907 0.841305 -0.193068 -0.843157 -0.369256 0.390815 -0.843157 -0.369256 0.390815 -0.843157 -0.369256 0.390815 -0.365433 0.888931 -0.276151 -0.365433 0.888931 -0.276151 -0.365433 0.888931 -0.276151 -0.304941 -0.443936 -0.842575 -0.304941 -0.443936 -0.842575 -0.304941 -0.443936 -0.842575 -0.304941 -0.443939 -0.842573 -0.304941 -0.443939 -0.842573 -0.304941 -0.443939 -0.842573 -0.613654 0.786526 -0.0693182 -0.613654 0.786526 -0.0693182 -0.613654 0.786526 -0.0693182 0.648365 -0.745085 0.15643 0.648365 -0.745085 0.15643 0.648365 -0.745085 0.15643 0.766938 0.560296 -0.31285 0.766938 0.560296 -0.31285 0.766938 0.560296 -0.31285 0.497394 -0.849872 0.174116 0.497394 -0.849872 0.174116 0.497394 -0.849872 0.174116 0.856373 0.395567 -0.331892 0.856373 0.395567 -0.331892 0.856373 0.395567 -0.331892 0.854555 0.391574 -0.341182 0.854555 0.391574 -0.341182 0.854555 0.391574 -0.341182 0.920872 0.224869 -0.318478 0.920872 0.224869 -0.318478 0.920872 0.224869 -0.318478 0.522274 -0.81857 0.239109 0.522274 -0.81857 0.239109 0.522274 -0.81857 0.239109 -0.920603 -0.224128 0.319776 -0.920603 -0.224128 0.319776 -0.920603 -0.224128 0.319776 0.366025 -0.888251 0.277553 0.366025 -0.888251 0.277553 0.366025 -0.888251 0.277553 -0.452808 0.731562 -0.509688 -0.452808 0.731562 -0.509688 -0.452808 0.731562 -0.509688 -0.875409 -0.135754 0.46393 -0.875409 -0.135754 0.46393 -0.875409 -0.135754 0.46393 -0.322523 0.738737 -0.591817 -0.322523 0.738737 -0.591817 -0.322523 0.738737 -0.591817 0.892097 0.163248 -0.421323 0.892097 0.163248 -0.421323 0.892097 0.163248 -0.421323 0.944865 0.00502989 -0.327422 0.944865 0.00502989 -0.327422 0.944865 0.00502989 -0.327422 0.461553 -0.705599 0.537679 0.461553 -0.705599 0.537679 0.461553 -0.705599 0.537679 -0.945229 -0.00653619 0.326342 -0.945229 -0.00653619 0.326342 -0.945229 -0.00653619 0.326342 0.321372 -0.740951 0.58967 0.321372 -0.740951 0.58967 0.321372 -0.740951 0.58967 -0.370477 0.630239 -0.682309 -0.370477 0.630239 -0.682309 -0.370477 0.630239 -0.682309 -0.927391 0.0553474 0.369977 -0.927391 0.0553474 0.369977 -0.927391 0.0553474 0.369977 -0.205277 0.60316 -0.770753 -0.205277 0.60316 -0.770753 -0.205277 0.60316 -0.770753 0.941916 -0.00662336 -0.335783 0.941916 -0.00662336 -0.335783 0.941916 -0.00662336 -0.335783 0.965296 -0.125787 -0.22887 0.965296 -0.125787 -0.22887 0.965296 -0.125787 -0.22887 0.388191 -0.580373 0.715874 0.388191 -0.580373 0.715874 0.388191 -0.580373 0.715874 -0.964951 0.127223 0.229532 -0.964951 0.127223 0.229532 -0.964951 0.127223 0.229532 0.205245 -0.603264 0.77068 0.205245 -0.603264 0.77068 0.205245 -0.603264 0.77068 -0.25595 0.452131 -0.85444 -0.25595 0.452131 -0.85444 -0.25595 0.452131 -0.85444 -0.957276 0.156675 0.243054 -0.957276 0.156675 0.243054 -0.957276 0.156675 0.243054 -0.0644865 0.405368 -0.911876 -0.0644865 0.405368 -0.911876 -0.0644865 0.405368 -0.911876 0.965761 -0.123838 -0.227967 0.965761 -0.123838 -0.227967 0.965761 -0.123838 -0.227967 0.974559 -0.199805 -0.101551 0.974559 -0.199805 -0.101551 0.974559 -0.199805 -0.101551 0.266428 -0.415379 0.869757 0.266428 -0.415379 0.869757 0.266428 -0.415379 0.869757 -0.974266 0.201057 0.101895 -0.974266 0.201057 0.101895 -0.974266 0.201057 0.101895 0.0643941 -0.405749 0.911713 0.0643941 -0.405749 0.911713 0.0643941 -0.405749 0.911713 -0.139785 0.097271 -0.985393 -0.139785 0.097271 -0.985393 -0.139785 0.097271 -0.985393 -0.976232 0.192516 0.0995389 -0.976232 0.192516 0.0995389 -0.976232 0.192516 0.0995389 0.0730506 0.0379167 -0.996607 0.0730506 0.0379167 -0.996607 0.0730506 0.0379167 -0.996607 0.982707 -0.161318 -0.0909018 0.982707 -0.161318 -0.0909018 0.982707 -0.161318 -0.0909018 0.982123 -0.183528 0.0418538 0.982123 -0.183528 0.0418538 0.982123 -0.183528 0.0418538 0.147339 -0.0619917 0.987141 0.147339 -0.0619917 0.987141 0.147339 -0.0619917 0.987141 -0.981772 0.18541 -0.04179 -0.981772 0.18541 -0.04179 -0.981772 0.18541 -0.04179 -0.0737325 -0.0414367 0.996417 -0.0737325 -0.0414367 0.996417 -0.0737325 -0.0414367 0.996417 0.177779 0.704283 -0.687299 0.177779 0.704283 -0.687299 0.177779 0.704283 -0.687299 -0.919976 0.390532 -0.0336001 -0.919976 0.390532 -0.0336001 -0.919976 0.390532 -0.0336001 0.412051 0.593732 -0.691156 0.412051 0.593732 -0.691156 0.412051 0.593732 -0.691156 0.931349 -0.362455 0.0348584 0.931349 -0.362455 0.0348584 0.931349 -0.362455 0.0348584 0.894212 -0.435819 0.102213 0.894212 -0.435819 0.102213 0.894212 -0.435819 0.102213 -0.176288 -0.691593 0.700444 -0.176288 -0.691593 0.700444 -0.176288 -0.691593 0.700444 -0.89224 0.440637 -0.0987243 -0.89224 0.440637 -0.0987243 -0.89224 0.440637 -0.0987243 -0.416293 -0.607605 0.676399 -0.416293 -0.607605 0.676399 -0.416293 -0.607605 0.676399 0.286779 0.781858 0.553585 0.286779 0.781858 0.553585 0.286779 0.781858 0.553585 0.286772 0.781867 0.553576 0.286772 0.781867 0.553576 0.286772 0.781867 0.553576</float_array>
          <technique_common>
            <accessor count="180" source="#ID189" stride="3">
              <param name="X" type="float"/>
              <param name="Y" type="float"/>
              <param name="Z" type="float"/>
            </accessor>
          </technique_common>
        </source>
        <vertices id="ID190">
          <input semantic="POSITION" source="#ID186"/>
          <input semantic="NORMAL" source="#ID188"/>
        </vertices>
        <triangles count="60" material="ID16">
          <input offset="0" semantic="VERTEX" source="#ID190"/>
          <p>0 1 2 3 4 5 6 7 8 9 10 11 12 13 14 15 16 17 18 19 20 21 22 23 24 25 26 27 28 29 30 31 32 33 34 35 36 37 38 39 40 41 42 43 44 45 46 47 48 49 50 51 52 53 54 55 56 57 58 59 60 61 62 63 64 65 66 67 68 69 70 71 72 73 74 75 76 77 78 79 80 81 82 83 84 85 86 87 88 89 90 91 92 93 94 95 96 97 98 99 100 101 102 103 104 105 106 107 108 109 110 111 112 113 114 115 116 117 118 119 120 121 122 123 124 125 126 127 128 129 130 131 132 133 134 135 136 137 138 139 140 141 142 143 144 145 146 147 148 149 150 151 152 153 154 155 156 157 158 159 160 161 162 163 164 165 166 167 168 169 170 171 172 173 174 175 176 177 178 179</p>
        </triangles>
      </mesh>
    </geometry>
    <geometry id="ID191">
      <mesh>
        <source id="ID192">
          <float_array count="324" id="ID193">0.0149658 -0.000939294 2.18635 -0.00571371 -0.00533486 2.19543 0.00372655 0.00734745 2.1956 0.0149658 -0.000939294 2.18635 0.00552556 -0.0136217 2.18618 -0.00571371 -0.00533486 2.19543 0.0757555 -0.0514986 2.37388 0.0149658 -0.000939294 2.18635 0.00372655 0.00734745 2.1956 0.0670941 -0.0600077 2.37499 0.00552556 -0.0136217 2.18618 0.0149658 -0.000939294 2.18635 0.0670941 -0.0600077 2.37499 0.0149658 -0.000939294 2.18635 0.0757555 -0.0514986 2.37388 0.00372655 0.00734745 2.1956 -0.00571371 -0.00533486 2.19543 0.0684949 -0.043519 2.38091 0.0684949 -0.043519 2.38091 -0.00571371 -0.00533486 2.19543 0.0598336 -0.052028 2.38202 0.0598336 -0.052028 2.38202 -0.00571371 -0.00533486 2.19543 0.00552556 -0.0136217 2.18618 0.00372655 0.00734745 2.1956 0.0684949 -0.043519 2.38091 0.0757555 -0.0514986 2.37388 0.103585 -0.0775744 2.47657 0.0684949 -0.043519 2.38091 0.0598336 -0.052028 2.38202 0.0684949 -0.043519 2.38091 0.107701 -0.084565 2.47071 0.0757555 -0.0514986 2.37388 0.0684949 -0.043519 2.38091 0.103585 -0.0775744 2.47657 0.107701 -0.084565 2.47071 0.0670941 -0.0600077 2.37499 0.0598336 -0.052028 2.38202 0.00552556 -0.0136217 2.18618 0.0670941 -0.0600077 2.37499 0.0959381 -0.0828675 2.47803 0.0598336 -0.052028 2.38202 0.103585 -0.0775744 2.47657 0.0598336 -0.052028 2.38202 0.0959381 -0.0828675 2.47803 0.100054 -0.0898581 2.47218 0.0670941 -0.0600077 2.37499 0.0757555 -0.0514986 2.37388 0.0757555 -0.0514986 2.37388 0.107701 -0.084565 2.47071 0.100054 -0.0898581 2.47218 0.100054 -0.0898581 2.47218 0.0959381 -0.0828675 2.47803 0.0670941 -0.0600077 2.37499 0.103585 -0.0775744 2.47657 0.0959381 -0.0828675 2.47803 0.121713 -0.115021 2.51148 0.100054 -0.0898581 2.47218 0.115031 -0.117607 2.51257 0.0959381 -0.0828675 2.47803 0.121713 -0.115021 2.51148 0.0959381 -0.0828675 2.47803 0.115031 -0.117607 2.51257 0.103585 -0.0775744 2.47657 0.122567 -0.119191 2.50421 0.107701 -0.084565 2.47071 0.121713 -0.115021 2.51148 0.122567 -0.119191 2.50421 0.103585 -0.0775744 2.47657 0.100054 -0.0898581 2.47218 0.107701 -0.084565 2.47071 0.115885 -0.121777 2.5053 0.115885 -0.121777 2.5053 0.115031 -0.117607 2.51257 0.100054 -0.0898581 2.47218 0.115885 -0.121777 2.5053 0.107701 -0.084565 2.47071 0.122567 -0.119191 2.50421 0.147768 -0.149146 2.57815 0.121713 -0.115021 2.51148 0.115031 -0.117607 2.51257 0.115031 -0.117607 2.51257 0.115885 -0.121777 2.5053 0.142646 -0.150647 2.58008 0.142646 -0.150647 2.58008 0.147768 -0.149146 2.57815 0.115031 -0.117607 2.51257 0.148204 -0.153775 2.57435 0.122567 -0.119191 2.50421 0.121713 -0.115021 2.51148 0.147768 -0.149146 2.57815 0.148204 -0.153775 2.57435 0.121713 -0.115021 2.51148 0.115885 -0.121777 2.5053 0.122567 -0.119191 2.50421 0.143082 -0.155277 2.57628 0.143082 -0.155277 2.57628 0.142646 -0.150647 2.58008 0.115885 -0.121777 2.5053 0.143082 -0.155277 2.57628 0.122567 -0.119191 2.50421 0.148204 -0.153775 2.57435 0.147768 -0.149146 2.57815 0.142646 -0.150647 2.58008 0.143082 -0.155277 2.57628 0.148204 -0.153775 2.57435 0.147768 -0.149146 2.57815 0.143082 -0.155277 2.57628</float_array>
          <technique_common>
            <accessor count="108" source="#ID193" stride="3">
              <param name="X" type="float"/>
              <param name="Y" type="float"/>
              <param name="Z" type="float"/>
            </accessor>
          </technique_common>
        </source>
        <source id="ID194">
          <float_array count="324" id="ID195">-0.437422 0.336725 -0.833834 -0.437422 0.336725 -0.833834 -0.437422 0.336725 -0.833834 -0.437421 0.336707 -0.833841 -0.437421 0.336707 -0.833841 -0.437421 0.336707 -0.833841 0.603541 0.797099 0.0192596 0.603541 0.797099 0.0192596 0.603541 0.797099 0.0192596 0.745062 -0.549559 -0.377978 0.745062 -0.549559 -0.377978 0.745062 -0.549559 -0.377978 0.621147 -0.682417 -0.385337 0.621147 -0.682417 -0.385337 0.621147 -0.682417 -0.385337 -0.735682 0.5422 0.405945 -0.735682 0.5422 0.405945 -0.735682 0.5422 0.405945 -0.62004 0.681689 0.388395 -0.62004 0.681689 0.388395 -0.62004 0.681689 0.388395 -0.590506 -0.807015 0.00548777 -0.590506 -0.807015 0.00548777 -0.590506 -0.807015 0.00548777 0.712806 0.69902 -0.0572568 0.712806 0.69902 -0.0572568 0.712806 0.69902 -0.0572568 -0.594087 0.663845 0.454279 -0.594087 0.663845 0.454279 -0.594087 0.663845 0.454279 0.734831 0.678164 -0.0108432 0.734831 0.678164 -0.0108432 0.734831 0.678164 -0.0108432 0.818943 0.565239 -0.0991816 0.818943 0.565239 -0.0991816 0.818943 0.565239 -0.0991816 -0.711444 -0.700178 0.0599779 -0.711444 -0.700178 0.0599779 -0.711444 -0.700178 0.0599779 -0.717928 -0.694537 0.0468813 -0.717928 -0.694537 0.0468813 -0.717928 -0.694537 0.0468813 -0.459265 0.780845 0.423504 -0.459265 0.780845 0.423504 -0.459265 0.780845 0.423504 0.610312 -0.675162 -0.414338 0.610312 -0.675162 -0.414338 0.610312 -0.675162 -0.414338 0.46099 -0.78216 -0.419182 0.46099 -0.78216 -0.419182 0.46099 -0.78216 -0.419182 -0.817098 -0.567245 0.10288 -0.817098 -0.567245 0.10288 -0.817098 -0.567245 0.10288 -0.26016 0.588067 0.765829 -0.26016 0.588067 0.765829 -0.26016 0.588067 0.765829 -0.868309 -0.495676 -0.0185755 -0.868309 -0.495676 -0.0185755 -0.868309 -0.495676 -0.0185755 -0.135453 0.660041 0.738917 -0.135453 0.660041 0.738917 -0.135453 0.660041 0.738917 0.886374 0.456304 0.078284 0.886374 0.456304 0.078284 0.886374 0.456304 0.078284 0.928281 0.359031 -0.0969134 0.928281 0.359031 -0.0969134 0.928281 0.359031 -0.0969134 0.28697 -0.617547 -0.732314 0.28697 -0.617547 -0.732314 0.28697 -0.617547 -0.732314 -0.928086 -0.359458 0.0971869 -0.928086 -0.359458 0.0971869 -0.928086 -0.359458 0.0971869 0.134614 -0.658561 -0.74039 0.134614 -0.658561 -0.74039 0.134614 -0.658561 -0.74039 -0.235654 0.824654 0.514212 -0.235654 0.824654 0.514212 -0.235654 0.824654 0.514212 -0.886291 -0.438942 0.147709 -0.886291 -0.438942 0.147709 -0.886291 -0.438942 0.147709 -0.0829325 0.881302 0.465219 -0.0829325 0.881302 0.465219 -0.0829325 0.881302 0.465219 0.903424 0.409031 -0.128525 0.903424 0.409031 -0.128525 0.903424 0.409031 -0.128525 0.935143 0.273075 -0.225692 0.935143 0.273075 -0.225692 0.935143 0.273075 -0.225692 0.244653 -0.837331 -0.488899 0.244653 -0.837331 -0.488899 0.244653 -0.837331 -0.488899 -0.93401 -0.274946 0.228101 -0.93401 -0.274946 0.228101 -0.93401 -0.274946 0.228101 0.0830582 -0.881418 -0.464976 0.0830582 -0.881418 -0.464976 0.0830582 -0.881418 -0.464976 0.431065 -0.547421 0.717296 0.431065 -0.547421 0.717296 0.431065 -0.547421 0.717296 0.431066 -0.547422 0.717295 0.431066 -0.547422 0.717295 0.431066 -0.547422 0.717295</float_array>
          <technique_common>
            <accessor count="108" source="#ID195" stride="3">
              <param name="X" type="float"/>
              <param name="Y" type="float"/>
              <param name="Z" type="float"/>
            </accessor>
          </technique_common>
        </source>
        <vertices id="ID196">
          <input semantic="POSITION" source="#ID192"/>
          <input semantic="NORMAL" source="#ID194"/>
        </vertices>
        <triangles count="36" material="ID16">
          <input offset="0" semantic="VERTEX" source="#ID196"/>
          <p>0 1 2 3 4 5 6 7 8 9 10 11 12 13 14 15 16 17 18 19 20 21 22 23 24 25 26 27 28 29 30 31 32 33 34 35 36 37 38 39 40 41 42 43 44 45 46 47 48 49 50 51 52 53 54 55 56 57 58 59 60 61 62 63 64 65 66 67 68 69 70 71 72 73 74 75 76 77 78 79 80 81 82 83 84 85 86 87 88 89 90 91 92 93 94 95 96 97 98 99 100 101 102 103 104 105 106 107</p>
        </triangles>
      </mesh>
    </geometry>
    <geometry id="ID197">
      <mesh>
        <source id="ID198">
          <float_array count="324" id="ID199">0.0115432 -0.0137215 2.25384 0.00131247 -0.00173861 2.25547 0.010983 0.0074473 2.24489 0.0810338 0.0497608 2.43122 0.00131247 -0.00173861 2.25547 0.0115432 -0.0137215 2.25384 0.0212137 -0.00453555 2.24326 0.0115432 -0.0137215 2.25384 0.010983 0.0074473 2.24489 0.0810338 0.0497608 2.43122 0.0115432 -0.0137215 2.25384 0.0874988 0.0394459 2.43139 0.0115432 -0.0137215 2.25384 0.0212137 -0.00453555 2.24326 0.0874988 0.0394459 2.43139 0.010983 0.0074473 2.24489 0.00131247 -0.00173861 2.25547 0.0897349 0.0551243 2.42298 0.0810338 0.0497608 2.43122 0.0897349 0.0551243 2.42298 0.00131247 -0.00173861 2.25547 0.0961999 0.0448094 2.42315 0.010983 0.0074473 2.24489 0.0897349 0.0551243 2.42298 0.0212137 -0.00453555 2.24326 0.010983 0.0074473 2.24489 0.0961999 0.0448094 2.42315 0.131125 0.0857125 2.51464 0.0897349 0.0551243 2.42298 0.0810338 0.0497608 2.43122 0.0961999 0.0448094 2.42315 0.0897349 0.0551243 2.42298 0.135145 0.0773784 2.51652 0.135145 0.0773784 2.51652 0.0897349 0.0551243 2.42298 0.131125 0.0857125 2.51464 0.123794 0.08312 2.52117 0.0810338 0.0497608 2.43122 0.0874988 0.0394459 2.43139 0.123794 0.08312 2.52117 0.131125 0.0857125 2.51464 0.0810338 0.0497608 2.43122 0.0212137 -0.00453555 2.24326 0.0961999 0.0448094 2.42315 0.0874988 0.0394459 2.43139 0.0874988 0.0394459 2.43139 0.0961999 0.0448094 2.42315 0.127814 0.0747859 2.52304 0.127814 0.0747859 2.52304 0.0961999 0.0448094 2.42315 0.135145 0.0773784 2.51652 0.123794 0.08312 2.52117 0.0874988 0.0394459 2.43139 0.127814 0.0747859 2.52304 0.14834 0.118145 2.54586 0.131125 0.0857125 2.51464 0.123794 0.08312 2.52117 0.142618 0.117798 2.55133 0.123794 0.08312 2.52117 0.127814 0.0747859 2.52304 0.14834 0.118145 2.54586 0.123794 0.08312 2.52117 0.142618 0.117798 2.55133 0.135145 0.0773784 2.51652 0.131125 0.0857125 2.51464 0.151808 0.11336 2.55103 0.14834 0.118145 2.54586 0.151808 0.11336 2.55103 0.131125 0.0857125 2.51464 0.127814 0.0747859 2.52304 0.135145 0.0773784 2.51652 0.146086 0.113012 2.55649 0.142618 0.117798 2.55133 0.127814 0.0747859 2.52304 0.146086 0.113012 2.55649 0.146086 0.113012 2.55649 0.135145 0.0773784 2.51652 0.151808 0.11336 2.55103 0.179816 0.152521 2.61336 0.14834 0.118145 2.54586 0.142618 0.117798 2.55133 0.174948 0.152797 2.61669 0.142618 0.117798 2.55133 0.146086 0.113012 2.55649 0.179816 0.152521 2.61336 0.142618 0.117798 2.55133 0.174948 0.152797 2.61669 0.18093 0.147701 2.61652 0.151808 0.11336 2.55103 0.14834 0.118145 2.54586 0.18093 0.147701 2.61652 0.14834 0.118145 2.54586 0.179816 0.152521 2.61336 0.146086 0.113012 2.55649 0.151808 0.11336 2.55103 0.176062 0.147977 2.61984 0.146086 0.113012 2.55649 0.176062 0.147977 2.61984 0.174948 0.152797 2.61669 0.176062 0.147977 2.61984 0.151808 0.11336 2.55103 0.18093 0.147701 2.61652 0.179816 0.152521 2.61336 0.174948 0.152797 2.61669 0.18093 0.147701 2.61652 0.174948 0.152797 2.61669 0.176062 0.147977 2.61984 0.18093 0.147701 2.61652</float_array>
          <technique_common>
            <accessor count="108" source="#ID199" stride="3">
              <param name="X" type="float"/>
              <param name="Y" type="float"/>
              <param name="Z" type="float"/>
            </accessor>
          </technique_common>
        </source>
        <source id="ID200">
          <float_array count="324" id="ID201">-0.525981 -0.342853 -0.778329 -0.525981 -0.342853 -0.778329 -0.525981 -0.342853 -0.778329 -0.639235 -0.609715 0.468643 -0.639235 -0.609715 0.468643 -0.639235 -0.609715 0.468643 -0.525979 -0.342854 -0.77833 -0.525979 -0.342854 -0.77833 -0.525979 -0.342854 -0.77833 -0.754877 -0.465277 0.462254 -0.754877 -0.465277 0.462254 -0.754877 -0.465277 0.462254 0.655468 -0.753228 -0.0548529 0.655468 -0.753228 -0.0548529 0.655468 -0.753228 -0.0548529 -0.640114 0.764263 0.0784608 -0.640114 0.764263 0.0784608 -0.640114 0.764263 0.0784608 -0.530167 0.847856 -0.00795738 -0.530167 0.847856 -0.00795738 -0.530167 0.847856 -0.00795738 0.756188 0.466164 -0.459208 0.756188 0.466164 -0.459208 0.756188 0.466164 -0.459208 0.651979 0.616823 -0.440968 0.651979 0.616823 -0.440968 0.651979 0.616823 -0.440968 -0.546549 0.836798 -0.0324456 -0.546549 0.836798 -0.0324456 -0.546549 0.836798 -0.0324456 0.749749 0.46188 -0.47386 0.749749 0.46188 -0.47386 0.749749 0.46188 -0.47386 0.830409 0.294224 -0.473131 0.830409 0.294224 -0.473131 0.830409 0.294224 -0.473131 -0.730734 -0.449267 0.513992 -0.730734 -0.449267 0.513992 -0.730734 -0.449267 0.513992 -0.429507 0.894034 -0.127387 -0.429507 0.894034 -0.127387 -0.429507 0.894034 -0.127387 0.53192 -0.846729 0.0105348 0.53192 -0.846729 0.0105348 0.53192 -0.846729 0.0105348 0.568315 -0.820139 0.0662543 0.568315 -0.820139 0.0662543 0.568315 -0.820139 0.0662543 0.432101 -0.892259 0.131007 0.432101 -0.892259 0.131007 0.432101 -0.892259 0.131007 -0.828656 -0.292444 0.477289 -0.828656 -0.292444 0.477289 -0.828656 -0.292444 0.477289 -0.598024 0.697472 -0.394842 -0.598024 0.697472 -0.394842 -0.598024 0.697472 -0.394842 -0.715874 -0.194613 0.670559 -0.715874 -0.194613 0.670559 -0.715874 -0.194613 0.670559 -0.511911 0.704902 -0.490979 -0.511911 0.704902 -0.490979 -0.511911 0.704902 -0.490979 0.760394 0.230313 -0.607254 0.760394 0.230313 -0.607254 0.760394 0.230313 -0.607254 0.850732 0.0518957 -0.523031 0.850732 0.0518957 -0.523031 0.850732 0.0518957 -0.523031 0.613634 -0.665365 0.425139 0.613634 -0.665365 0.425139 0.613634 -0.665365 0.425139 -0.850567 -0.0514345 0.523345 -0.850567 -0.0514345 0.523345 -0.850567 -0.0514345 0.523345 0.510914 -0.706416 0.489841 0.510914 -0.706416 0.489841 0.510914 -0.706416 0.489841 -0.338098 0.892981 -0.297112 -0.338098 0.892981 -0.297112 -0.338098 0.892981 -0.297112 -0.867927 -0.104879 0.485492 -0.867927 -0.104879 0.485492 -0.867927 -0.104879 0.485492 -0.208177 0.901375 -0.379717 -0.208177 0.901375 -0.379717 -0.208177 0.901375 -0.379717 0.876482 0.136926 -0.461551 0.876482 0.136926 -0.461551 0.876482 0.136926 -0.461551 0.914814 -0.0509267 -0.400653 0.914814 -0.0509267 -0.400653 0.914814 -0.0509267 -0.400653 0.356032 -0.879149 0.316762 0.356032 -0.879149 0.316762 0.356032 -0.879149 0.316762 -0.913608 0.0528416 0.403148 -0.913608 0.0528416 0.403148 -0.913608 0.0528416 0.403148 0.208333 -0.901247 0.379936 0.208333 -0.901247 0.379936 0.208333 -0.901247 0.379936 0.490764 0.553777 0.672668 0.490764 0.553777 0.672668 0.490764 0.553777 0.672668 0.490763 0.553776 0.672669 0.490763 0.553776 0.672669 0.490763 0.553776 0.672669</float_array>
          <technique_common>
            <accessor count="108" source="#ID201" stride="3">
              <param name="X" type="float"/>
              <param name="Y" type="float"/>
              <param name="Z" type="float"/>
            </accessor>
          </technique_common>
        </source>
        <vertices id="ID202">
          <input semantic="POSITION" source="#ID198"/>
          <input semantic="NORMAL" source="#ID200"/>
        </vertices>
        <triangles count="36" material="ID16">
          <input offset="0" semantic="VERTEX" source="#ID202"/>
          <p>0 1 2 3 4 5 6 7 8 9 10 11 12 13 14 15 16 17 18 19 20 21 22 23 24 25 26 27 28 29 30 31 32 33 34 35 36 37 38 39 40 41 42 43 44 45 46 47 48 49 50 51 52 53 54 55 56 57 58 59 60 61 62 63 64 65 66 67 68 69 70 71 72 73 74 75 76 77 78 79 80 81 82 83 84 85 86 87 88 89 90 91 92 93 94 95 96 97 98 99 100 101 102 103 104 105 106 107</p>
        </triangles>
      </mesh>
    </geometry>
    <geometry id="ID203">
      <mesh>
        <source id="ID204">
          <float_array count="252" id="ID205">0.234779 0.0496289 1.60061 0.227634 0.0332322 1.60091 0.230675 0.0415287 1.58963 0.234779 0.0496289 1.60061 0.231738 0.0413324 1.61189 0.227634 0.0332322 1.60091 0.234779 0.0496289 1.60061 0.230675 0.0415287 1.58963 0.334821 -0.00513662 1.58452 0.231738 0.0413324 1.61189 0.234779 0.0496289 1.60061 0.338111 0.00164432 1.59089 0.338111 0.00164432 1.59089 0.234779 0.0496289 1.60061 0.334821 -0.00513662 1.58452 0.227634 0.0332322 1.60091 0.333177 -0.0100066 1.59389 0.230675 0.0415287 1.58963 0.336467 -0.00322567 1.60026 0.333177 -0.0100066 1.59389 0.227634 0.0332322 1.60091 0.336467 -0.00322567 1.60026 0.227634 0.0332322 1.60091 0.231738 0.0413324 1.61189 0.333177 -0.0100066 1.59389 0.334821 -0.00513662 1.58452 0.230675 0.0415287 1.58963 0.452141 -0.0514132 1.74305 0.333177 -0.0100066 1.59389 0.336467 -0.00322567 1.60026 0.334821 -0.00513662 1.58452 0.333177 -0.0100066 1.59389 0.451472 -0.0576336 1.7406 0.452141 -0.0514132 1.74305 0.451472 -0.0576336 1.7406 0.333177 -0.0100066 1.59389 0.338111 0.00164432 1.59089 0.336467 -0.00322567 1.60026 0.231738 0.0413324 1.61189 0.336467 -0.00322567 1.60026 0.338111 0.00164432 1.59089 0.456902 -0.0505308 1.73754 0.452141 -0.0514132 1.74305 0.336467 -0.00322567 1.60026 0.456902 -0.0505308 1.73754 0.338111 0.00164432 1.59089 0.334821 -0.00513662 1.58452 0.456232 -0.0567512 1.73509 0.456232 -0.0567512 1.73509 0.334821 -0.00513662 1.58452 0.451472 -0.0576336 1.7406 0.456232 -0.0567512 1.73509 0.456902 -0.0505308 1.73754 0.338111 0.00164432 1.59089 0.4809 -0.063203 1.79741 0.451472 -0.0576336 1.7406 0.452141 -0.0514132 1.74305 0.480003 -0.0677963 1.79664 0.456232 -0.0567512 1.73509 0.451472 -0.0576336 1.7406 0.451472 -0.0576336 1.7406 0.4809 -0.063203 1.79741 0.480003 -0.0677963 1.79664 0.484839 -0.0636249 1.79421 0.452141 -0.0514132 1.74305 0.456902 -0.0505308 1.73754 0.4809 -0.063203 1.79741 0.452141 -0.0514132 1.74305 0.484839 -0.0636249 1.79421 0.456232 -0.0567512 1.73509 0.483942 -0.0682182 1.79344 0.456902 -0.0505308 1.73754 0.483942 -0.0682182 1.79344 0.456232 -0.0567512 1.73509 0.480003 -0.0677963 1.79664 0.483942 -0.0682182 1.79344 0.484839 -0.0636249 1.79421 0.456902 -0.0505308 1.73754 0.480003 -0.0677963 1.79664 0.4809 -0.063203 1.79741 0.484839 -0.0636249 1.79421 0.483942 -0.0682182 1.79344 0.480003 -0.0677963 1.79664 0.484839 -0.0636249 1.79421</float_array>
          <technique_common>
            <accessor count="84" source="#ID205" stride="3">
              <param name="X" type="float"/>
              <param name="Y" type="float"/>
              <param name="Z" type="float"/>
            </accessor>
          </technique_common>
        </source>
        <source id="ID206">
          <float_array count="252" id="ID207">0.915392 -0.399786 -0.0472154 0.915392 -0.399786 -0.0472154 0.915392 -0.399786 -0.0472154 0.915392 -0.399786 -0.0472154 0.915392 -0.399786 -0.0472154 0.915392 -0.399786 -0.0472154 -0.289284 -0.715295 0.636134 -0.289284 -0.715295 0.636134 -0.289284 -0.715295 0.636134 -0.379597 -0.693447 -0.612403 -0.379597 -0.693447 -0.612403 -0.379597 -0.693447 -0.612403 -0.212731 -0.612274 0.76149 -0.212731 -0.612274 0.76149 -0.212731 -0.612274 0.76149 0.33355 0.714256 0.615291 0.33355 0.714256 0.615291 0.33355 0.714256 0.615291 0.20207 0.616783 -0.760754 0.20207 0.616783 -0.760754 0.20207 0.616783 -0.760754 0.242447 0.735041 -0.633194 0.242447 0.735041 -0.633194 0.242447 0.735041 -0.633194 0.378551 0.792439 0.478267 0.378551 0.792439 0.478267 0.378551 0.792439 0.478267 0.792895 0.166163 -0.586266 0.792895 0.166163 -0.586266 0.792895 0.166163 -0.586266 -0.17604 0.88575 0.429484 -0.17604 0.88575 0.429484 -0.17604 0.88575 0.429484 0.792793 0.147218 -0.591444 0.792793 0.147218 -0.591444 0.792793 0.147218 -0.591444 -0.388307 -0.788056 -0.477688 -0.388307 -0.788056 -0.477688 -0.388307 -0.788056 -0.477688 0.147715 -0.887946 -0.435582 0.147715 -0.887946 -0.435582 0.147715 -0.887946 -0.435582 -0.102211 -0.964687 -0.242759 -0.102211 -0.964687 -0.242759 -0.102211 -0.964687 -0.242759 -0.79462 -0.163743 0.584609 -0.79462 -0.163743 0.584609 -0.79462 -0.163743 0.584609 0.105398 0.963686 0.245358 0.105398 0.963686 0.245358 0.105398 0.963686 0.245358 -0.793521 -0.146787 0.590575 -0.793521 -0.146787 0.590575 -0.793521 -0.146787 0.590575 0.888215 0.0821109 -0.45203 0.888215 0.0821109 -0.45203 0.888215 0.0821109 -0.45203 0.0152347 0.98517 0.170904 0.0152347 0.98517 0.170904 0.0152347 0.98517 0.170904 0.880287 -0.0934943 -0.465138 0.880287 -0.0934943 -0.465138 0.880287 -0.0934943 -0.465138 -0.0511324 -0.978294 -0.200812 -0.0511324 -0.978294 -0.200812 -0.0511324 -0.978294 -0.200812 -0.193204 -0.975057 -0.109249 -0.193204 -0.975057 -0.109249 -0.193204 -0.975057 -0.109249 -0.906318 -0.0665059 0.41733 -0.906318 -0.0665059 0.41733 -0.906318 -0.0665059 0.41733 0.18804 0.976781 0.102662 0.18804 0.976781 0.102662 0.18804 0.976781 0.102662 -0.883944 0.0954418 0.457748 -0.883944 0.0954418 0.457748 -0.883944 0.0954418 0.457748 -0.595417 0.245215 -0.76508 -0.595417 0.245215 -0.76508 -0.595417 0.245215 -0.76508 -0.595428 0.245235 -0.765066 -0.595428 0.245235 -0.765066 -0.595428 0.245235 -0.765066</float_array>
          <technique_common>
            <accessor count="84" source="#ID207" stride="3">
              <param name="X" type="float"/>
              <param name="Y" type="float"/>
              <param name="Z" type="float"/>
            </accessor>
          </technique_common>
        </source>
        <vertices id="ID208">
          <input semantic="POSITION" source="#ID204"/>
          <input semantic="NORMAL" source="#ID206"/>
        </vertices>
        <triangles count="28" material="ID16">
          <input offset="0" semantic="VERTEX" source="#ID208"/>
          <p>0 1 2 3 4 5 6 7 8 9 10 11 12 13 14 15 16 17 18 19 20 21 22 23 24 25 26 27 28 29 30 31 32 33 34 35 36 37 38 39 40 41 42 43 44 45 46 47 48 49 50 51 52 53 54 55 56 57 58 59 60 61 62 63 64 65 66 67 68 69 70 71 72 73 74 75 76 77 78 79 80 81 82 83</p>
        </triangles>
      </mesh>
    </geometry>
    <geometry id="ID209">
      <mesh>
        <source id="ID210">
          <float_array count="246" id="ID211">-0.00967659 -0.0626903 2.72419 -0.0100999 -0.0675849 2.72366 -0.00845043 -0.0639494 2.65845 -0.00518927 -0.0680194 2.7238 -0.0100999 -0.0675849 2.72366 -0.00967659 -0.0626903 2.72419 -0.00913624 -0.0584926 2.66125 -0.00967659 -0.0626903 2.72419 -0.00845043 -0.0639494 2.65845 -0.00476599 -0.0631249 2.72433 -0.00518927 -0.0680194 2.7238 -0.00967659 -0.0626903 2.72419 -0.00476599 -0.0631249 2.72433 -0.00967659 -0.0626903 2.72419 -0.00913624 -0.0584926 2.66125 -0.00261029 -0.0636469 2.65976 -0.00845043 -0.0639494 2.65845 -0.0100999 -0.0675849 2.72366 -0.00261029 -0.0636469 2.65976 -0.0100999 -0.0675849 2.72366 -0.00518927 -0.0680194 2.7238 0.00786386 -0.0379011 2.5861 -0.00845043 -0.0639494 2.65845 -0.00261029 -0.0636469 2.65976 -0.00913624 -0.0584926 2.66125 -0.00845043 -0.0639494 2.65845 0.00124263 -0.0389492 2.58297 -0.00845043 -0.0639494 2.65845 0.00786386 -0.0379011 2.5861 0.00124263 -0.0389492 2.58297 -0.00329611 -0.05819 2.66256 -0.00261029 -0.0636469 2.65976 -0.00518927 -0.0680194 2.7238 -0.00518927 -0.0680194 2.7238 -0.00476599 -0.0631249 2.72433 -0.00329611 -0.05819 2.66256 -0.00261029 -0.0636469 2.65976 -0.00329611 -0.05819 2.66256 0.00559308 -0.0321359 2.59057 0.00786386 -0.0379011 2.5861 -0.00261029 -0.0636469 2.65976 0.00559308 -0.0321359 2.59057 -0.00476599 -0.0631249 2.72433 -0.00913624 -0.0584926 2.66125 -0.00329611 -0.05819 2.66256 -0.00913624 -0.0584926 2.66125 0.00124263 -0.0389492 2.58297 -0.00102815 -0.0331841 2.58744 -0.00329611 -0.05819 2.66256 -0.00913624 -0.0584926 2.66125 -0.00102815 -0.0331841 2.58744 0.0135617 -0.00767257 2.52647 -0.00102815 -0.0331841 2.58744 0.00124263 -0.0389492 2.58297 0.00786386 -0.0379011 2.5861 0.0209428 -0.0052228 2.53111 0.00124263 -0.0389492 2.58297 0.0209428 -0.0052228 2.53111 0.0135617 -0.00767257 2.52647 0.00124263 -0.0389492 2.58297 -0.00329611 -0.05819 2.66256 -0.00102815 -0.0331841 2.58744 0.00559308 -0.0321359 2.59057 0.00559308 -0.0321359 2.59057 -0.00102815 -0.0331841 2.58744 0.00948215 -0.00105142 2.53111 0.00948215 -0.00105142 2.53111 -0.00102815 -0.0331841 2.58744 0.0135617 -0.00767257 2.52647 0.0168633 0.00139835 2.53576 0.00786386 -0.0379011 2.5861 0.00559308 -0.0321359 2.59057 0.0168633 0.00139835 2.53576 0.0209428 -0.0052228 2.53111 0.00786386 -0.0379011 2.5861 0.00559308 -0.0321359 2.59057 0.00948215 -0.00105142 2.53111 0.0168633 0.00139835 2.53576 0.0209428 -0.0052228 2.53111 0.00948215 -0.00105142 2.53111 0.0135617 -0.00767257 2.52647 0.0168633 0.00139835 2.53576</float_array>
          <technique_common>
            <accessor count="82" source="#ID211" stride="3">
              <param name="X" type="float"/>
              <param name="Y" type="float"/>
              <param name="Z" type="float"/>
            </accessor>
          </technique_common>
        </source>
        <source id="ID212">
          <float_array count="246" id="ID213">0.995886 -0.0883171 0.0202679 0.995886 -0.0883171 0.0202679 0.995886 -0.0883171 0.0202679 0.0378793 0.104198 -0.993835 0.0378793 0.104198 -0.993835 0.0378793 0.104198 -0.993835 0.993063 0.116445 0.0162932 0.993063 0.116445 0.0162932 0.993063 0.116445 0.0162932 0.0379324 0.104242 -0.993828 0.0379324 0.104242 -0.993828 0.0379324 0.104242 -0.993828 -0.0860319 -0.994034 -0.067041 -0.0860319 -0.994034 -0.067041 -0.0860319 -0.994034 -0.067041 -0.0636799 0.996511 0.0539479 -0.0636799 0.996511 0.0539479 -0.0636799 0.996511 0.0539479 0.085887 0.99375 0.0713082 0.085887 0.99375 0.0713082 0.085887 0.99375 0.0713082 -0.118715 0.942456 0.312544 -0.118715 0.942456 0.312544 -0.118715 0.942456 0.312544 0.98834 0.0504908 0.143649 0.98834 0.0504908 0.143649 0.98834 0.0504908 0.143649 -0.273874 0.922934 0.270528 -0.273874 0.922934 0.270528 -0.273874 0.922934 0.270528 -0.993798 -0.100829 -0.046905 -0.993798 -0.100829 -0.046905 -0.993798 -0.100829 -0.046905 -0.995986 0.0879381 -0.0166749 -0.995986 0.0879381 -0.0166749 -0.995986 0.0879381 -0.0166749 -0.988662 -0.0519576 -0.140882 -0.988662 -0.0519576 -0.140882 -0.988662 -0.0519576 -0.140882 -0.95418 -0.213023 -0.210147 -0.95418 -0.213023 -0.210147 -0.95418 -0.213023 -0.210147 0.0689256 -0.994582 -0.0778175 0.0689256 -0.994582 -0.0778175 0.0689256 -0.994582 -0.0778175 0.954781 0.232938 0.18475 0.954781 0.232938 0.18475 0.954781 0.232938 0.18475 0.118276 -0.943214 -0.310416 0.118276 -0.943214 -0.310416 0.118276 -0.943214 -0.310416 0.945792 0.148925 0.288617 0.945792 0.148925 0.288617 0.945792 0.148925 0.288617 -0.332809 0.843307 0.421986 -0.332809 0.843307 0.421986 -0.332809 0.843307 0.421986 -0.482524 0.806658 0.341283 -0.482524 0.806658 0.341283 -0.482524 0.806658 0.341283 0.283826 -0.912326 -0.295135 0.283826 -0.912326 -0.295135 0.283826 -0.912326 -0.295135 0.332036 -0.844661 -0.41988 0.332036 -0.844661 -0.41988 0.332036 -0.844661 -0.41988 0.888145 0.307773 0.341284 0.888145 0.307773 0.341284 0.888145 0.307773 0.341284 -0.946126 -0.15057 -0.286662 -0.946126 -0.15057 -0.286662 -0.946126 -0.15057 -0.286662 -0.883113 -0.280008 -0.376439 -0.883113 -0.280008 -0.376439 -0.883113 -0.280008 -0.376439 0.496518 -0.782153 -0.376441 0.496518 -0.782153 -0.376441 0.496518 -0.782153 -0.376441 -0.237181 -0.651644 0.720489 -0.237181 -0.651644 0.720489 -0.237181 -0.651644 0.720489 -0.237181 -0.651644 0.720489</float_array>
          <technique_common>
            <accessor count="82" source="#ID213" stride="3">
              <param name="X" type="float"/>
              <param name="Y" type="float"/>
              <param name="Z" type="float"/>
            </accessor>
          </technique_common>
        </source>
        <vertices id="ID214">
          <input semantic="POSITION" source="#ID210"/>
          <input semantic="NORMAL" source="#ID212"/>
        </vertices>
        <triangles count="28" material="ID16">
          <input offset="0" semantic="VERTEX" source="#ID214"/>
          <p>0 1 2 3 4 5 6 7 8 9 10 11 12 13 14 15 16 17 18 19 20 21 22 23 24 25 26 27 28 29 30 31 32 33 34 35 36 37 38 39 40 41 42 43 44 45 46 47 48 49 50 51 52 53 54 55 56 57 58 59 60 61 62 63 64 65 66 67 68 69 70 71 72 73 74 75 76 77 78 79 80 78 81 79</p>
        </triangles>
      </mesh>
    </geometry>
    <geometry id="ID215">
      <mesh>
        <source id="ID216">
          <float_array count="318" id="ID217">-0.143202 -0.208129 1.49664 -0.150576 -0.211456 1.4926 -0.147995 -0.150832 1.40173 -0.150576 -0.211456 1.4926 -0.143202 -0.208129 1.49664 -0.137666 -0.295708 1.50619 -0.140067 -0.14456 1.40526 -0.143202 -0.208129 1.49664 -0.147995 -0.150832 1.40173 -0.143202 -0.208129 1.49664 -0.134993 -0.296108 1.49783 -0.137666 -0.295708 1.50619 -0.138574 -0.213876 1.49086 -0.143202 -0.208129 1.49664 -0.140067 -0.14456 1.40526 -0.138574 -0.213876 1.49086 -0.134993 -0.296108 1.49783 -0.143202 -0.208129 1.49664 -0.150576 -0.211456 1.4926 -0.141171 -0.158556 1.39924 -0.147995 -0.150832 1.40173 -0.141171 -0.158556 1.39924 -0.150576 -0.211456 1.4926 -0.145948 -0.217202 1.48683 -0.144373 -0.296319 1.50291 -0.145948 -0.217202 1.48683 -0.150576 -0.211456 1.4926 -0.144373 -0.296319 1.50291 -0.150576 -0.211456 1.4926 -0.137666 -0.295708 1.50619 -0.147995 -0.150832 1.40173 -0.141171 -0.158556 1.39924 -0.132206 -0.131735 1.29452 -0.140067 -0.14456 1.40526 -0.147995 -0.150832 1.40173 -0.141962 -0.123882 1.29674 -0.132206 -0.131735 1.29452 -0.141962 -0.123882 1.29674 -0.147995 -0.150832 1.40173 -0.133243 -0.152284 1.40277 -0.141171 -0.158556 1.39924 -0.145948 -0.217202 1.48683 -0.124227 -0.122678 1.29924 -0.132206 -0.131735 1.29452 -0.141171 -0.158556 1.39924 -0.133243 -0.152284 1.40277 -0.124227 -0.122678 1.29924 -0.141171 -0.158556 1.39924 -0.145948 -0.217202 1.48683 -0.144373 -0.296319 1.50291 -0.1417 -0.296719 1.49455 -0.137666 -0.295708 1.50619 -0.138362 -0.351244 1.55742 -0.144373 -0.296319 1.50291 -0.144373 -0.296319 1.50291 -0.144222 -0.351958 1.55607 -0.1417 -0.296719 1.49455 -0.144222 -0.351958 1.55607 -0.144373 -0.296319 1.50291 -0.138362 -0.351244 1.55742 -0.138574 -0.213876 1.49086 -0.145948 -0.217202 1.48683 -0.1417 -0.296719 1.49455 -0.138574 -0.213876 1.49086 -0.133243 -0.152284 1.40277 -0.145948 -0.217202 1.48683 -0.137666 -0.295708 1.50619 -0.137066 -0.354776 1.55159 -0.138362 -0.351244 1.55742 -0.134993 -0.296108 1.49783 -0.137066 -0.354776 1.55159 -0.137666 -0.295708 1.50619 -0.133982 -0.114825 1.30145 -0.140067 -0.14456 1.40526 -0.141962 -0.123882 1.29674 -0.140067 -0.14456 1.40526 -0.133243 -0.152284 1.40277 -0.138574 -0.213876 1.49086 -0.133982 -0.114825 1.30145 -0.133243 -0.152284 1.40277 -0.140067 -0.14456 1.40526 -0.141962 -0.123882 1.29674 -0.132206 -0.131735 1.29452 -0.124227 -0.122678 1.29924 -0.133982 -0.114825 1.30145 -0.141962 -0.123882 1.29674 -0.124227 -0.122678 1.29924 -0.134993 -0.296108 1.49783 -0.138574 -0.213876 1.49086 -0.1417 -0.296719 1.49455 -0.1417 -0.296719 1.49455 -0.144222 -0.351958 1.55607 -0.142927 -0.355491 1.55024 -0.134993 -0.296108 1.49783 -0.1417 -0.296719 1.49455 -0.142927 -0.355491 1.55024 -0.133982 -0.114825 1.30145 -0.124227 -0.122678 1.29924 -0.133243 -0.152284 1.40277 -0.137066 -0.354776 1.55159 -0.144222 -0.351958 1.55607 -0.138362 -0.351244 1.55742 -0.142927 -0.355491 1.55024 -0.142927 -0.355491 1.55024 -0.137066 -0.354776 1.55159 -0.134993 -0.296108 1.49783</float_array>
          <technique_common>
            <accessor count="106" source="#ID217" stride="3">
              <param name="X" type="float"/>
              <param name="Y" type="float"/>
              <param name="Z" type="float"/>
            </accessor>
          </technique_common>
        </source>
        <source id="ID218">
          <float_array count="318" id="ID219">0.559867 -0.696537 -0.44876 0.559867 -0.696537 -0.44876 0.559867 -0.696537 -0.44876 0.500718 -0.0625098 -0.86335 0.500718 -0.0625098 -0.86335 0.500718 -0.0625098 -0.86335 0.671265 -0.619071 -0.40762 0.671265 -0.619071 -0.40762 0.671265 -0.619071 -0.40762 -0.949699 -0.0926657 -0.299139 -0.949699 -0.0926657 -0.299139 -0.949699 -0.0926657 -0.299139 -0.867705 -0.393606 -0.303582 -0.867705 -0.393606 -0.303582 -0.867705 -0.393606 -0.303582 -0.816806 -0.0839424 -0.570772 -0.816806 -0.0839424 -0.570772 -0.816806 -0.0839424 -0.570772 0.750311 0.539909 0.381486 0.750311 0.539909 0.381486 0.750311 0.539909 0.381486 0.868034 0.389381 0.308058 0.868034 0.389381 0.308058 0.868034 0.389381 0.308058 0.831774 0.126425 0.540526 0.831774 0.126425 0.540526 0.831774 0.126425 0.540526 0.444161 -0.075914 -0.892725 0.444161 -0.075914 -0.892725 0.444161 -0.075914 -0.892725 0.765158 0.604926 0.220451 0.765158 0.604926 0.220451 0.765158 0.604926 0.220451 0.654048 -0.740901 -0.152597 0.654048 -0.740901 -0.152597 0.654048 -0.740901 -0.152597 0.641463 0.733381 0.225116 0.641463 0.733381 0.225116 0.641463 0.733381 0.225116 -0.671915 0.631836 0.386411 -0.671915 0.631836 0.386411 -0.671915 0.631836 0.386411 -0.770991 0.629678 0.0952767 -0.770991 0.629678 0.0952767 -0.770991 0.629678 0.0952767 -0.654392 0.740167 0.154673 -0.654392 0.740167 0.154673 -0.654392 0.740167 0.154673 0.950577 0.079909 0.300031 0.950577 0.079909 0.300031 0.950577 0.079909 0.300031 0.387842 -0.627576 -0.675075 0.387842 -0.627576 -0.675075 0.387842 -0.627576 -0.675075 0.9205 0.271235 0.281267 0.9205 0.271235 0.281267 0.9205 0.271235 0.281267 0.243391 -0.669713 -0.701602 0.243391 -0.669713 -0.701602 0.243391 -0.669713 -0.701602 -0.499066 0.0572804 0.864669 -0.499066 0.0572804 0.864669 -0.499066 0.0572804 0.864669 -0.560377 0.69433 0.451535 -0.560377 0.69433 0.451535 -0.560377 0.69433 0.451535 -0.982004 -0.121257 -0.144794 -0.982004 -0.121257 -0.144794 -0.982004 -0.121257 -0.144794 -0.930218 -0.229541 -0.286367 -0.930218 -0.229541 -0.286367 -0.930218 -0.229541 -0.286367 0.776679 -0.616131 -0.130964 0.776679 -0.616131 -0.130964 0.776679 -0.616131 -0.130964 -0.744643 -0.525023 -0.412139 -0.744643 -0.525023 -0.412139 -0.744643 -0.525023 -0.412139 -0.765198 -0.605643 -0.218332 -0.765198 -0.605643 -0.218332 -0.765198 -0.605643 -0.218332 -0.102767 -0.386225 0.916662 -0.102767 -0.386225 0.916662 -0.102767 -0.386225 0.916662 -0.102769 -0.386213 0.916667 -0.102769 -0.386213 0.916667 -0.102769 -0.386213 0.916667 -0.443305 0.0565069 0.894588 -0.443305 0.0565069 0.894588 -0.443305 0.0565069 0.894588 0.982093 0.118385 0.146555 0.982093 0.118385 0.146555 0.982093 0.118385 0.146555 -0.384477 0.639189 0.666044 -0.384477 0.639189 0.666044 -0.384477 0.639189 0.666044 -0.64054 -0.721782 -0.262181 -0.64054 -0.721782 -0.262181 -0.64054 -0.721782 -0.262181 0.0144118 0.856595 -0.515788 0.0144118 0.856595 -0.515788 0.0144118 0.856595 -0.515788 0.0144118 0.856595 -0.515788 -0.244263 0.659805 0.710629 -0.244263 0.659805 0.710629 -0.244263 0.659805 0.710629</float_array>
          <technique_common>
            <accessor count="106" source="#ID219" stride="3">
              <param name="X" type="float"/>
              <param name="Y" type="float"/>
              <param name="Z" type="float"/>
            </accessor>
          </technique_common>
        </source>
        <vertices id="ID220">
          <input semantic="POSITION" source="#ID216"/>
          <input semantic="NORMAL" source="#ID218"/>
        </vertices>
        <triangles count="36" material="ID16">
          <input offset="0" semantic="VERTEX" source="#ID220"/>
          <p>0 1 2 3 4 5 6 7 8 9 10 11 12 13 14 15 16 17 18 19 20 21 22 23 24 25 26 27 28 29 30 31 32 33 34 35 36 37 38 39 40 41 42 43 44 45 46 47 48 49 50 51 52 53 54 55 56 57 58 59 60 61 62 63 64 65 66 67 68 69 70 71 72 73 74 75 76 77 78 79 80 81 82 83 84 85 86 87 88 89 90 91 92 93 94 95 96 97 98 99 100 101 99 102 100 103 104 105</p>
        </triangles>
      </mesh>
    </geometry>
    <geometry id="ID221">
      <mesh>
        <source id="ID222">
          <float_array count="396" id="ID223">-0.148934 0.323458 2.46652 -0.155101 0.317706 2.46755 -0.154601 0.323018 2.46416 -0.148934 0.323458 2.46652 -0.149434 0.318145 2.46992 -0.155101 0.317706 2.46755 -0.148934 0.323458 2.46652 -0.154601 0.323018 2.46416 -0.134334 0.290861 2.39227 -0.148934 0.323458 2.46652 -0.126842 0.292303 2.39418 -0.149434 0.318145 2.46992 -0.134334 0.290861 2.39227 -0.126842 0.292303 2.39418 -0.148934 0.323458 2.46652 -0.154601 0.323018 2.46416 -0.155101 0.317706 2.46755 -0.135198 0.287804 2.40112 -0.127706 0.289246 2.40303 -0.135198 0.287804 2.40112 -0.155101 0.317706 2.46755 -0.127706 0.289246 2.40303 -0.155101 0.317706 2.46755 -0.149434 0.318145 2.46992 -0.154601 0.323018 2.46416 -0.135198 0.287804 2.40112 -0.134334 0.290861 2.39227 -0.102755 0.205664 2.36167 -0.135198 0.287804 2.40112 -0.127706 0.289246 2.40303 -0.135198 0.287804 2.40112 -0.112159 0.20213 2.36031 -0.134334 0.290861 2.39227 -0.102755 0.205664 2.36167 -0.112159 0.20213 2.36031 -0.135198 0.287804 2.40112 -0.126842 0.292303 2.39418 -0.127706 0.289246 2.40303 -0.149434 0.318145 2.46992 -0.126842 0.292303 2.39418 -0.104728 0.212981 2.35334 -0.127706 0.289246 2.40303 -0.127706 0.289246 2.40303 -0.104728 0.212981 2.35334 -0.102755 0.205664 2.36167 -0.126842 0.292303 2.39418 -0.134334 0.290861 2.39227 -0.114132 0.209448 2.35198 -0.112159 0.20213 2.36031 -0.114132 0.209448 2.35198 -0.134334 0.290861 2.39227 -0.126842 0.292303 2.39418 -0.114132 0.209448 2.35198 -0.104728 0.212981 2.35334 -0.0617561 0.132344 2.24696 -0.112159 0.20213 2.36031 -0.102755 0.205664 2.36167 -0.114132 0.209448 2.35198 -0.112159 0.20213 2.36031 -0.0736483 0.126853 2.24796 -0.0617561 0.132344 2.24696 -0.0736483 0.126853 2.24796 -0.112159 0.20213 2.36031 -0.104728 0.212981 2.35334 -0.0657362 0.139452 2.23413 -0.102755 0.205664 2.36167 -0.102755 0.205664 2.36167 -0.0657362 0.139452 2.23413 -0.0617561 0.132344 2.24696 -0.114132 0.209448 2.35198 -0.0776284 0.13396 2.23514 -0.104728 0.212981 2.35334 -0.0736483 0.126853 2.24796 -0.0776284 0.13396 2.23514 -0.114132 0.209448 2.35198 -0.0776284 0.13396 2.23514 -0.0657362 0.139452 2.23413 -0.104728 0.212981 2.35334 -0.0736483 0.126853 2.24796 -0.0330414 0.0280951 2.14567 -0.0776284 0.13396 2.23514 -0.0736483 0.126853 2.24796 -0.0617561 0.132344 2.24696 -0.0205323 0.0395998 2.14728 -0.0330414 0.0280951 2.14567 -0.0736483 0.126853 2.24796 -0.0205323 0.0395998 2.14728 -0.0433889 0.0400571 2.13776 -0.0657362 0.139452 2.23413 -0.0776284 0.13396 2.23514 -0.0776284 0.13396 2.23514 -0.0330414 0.0280951 2.14567 -0.0433889 0.0400571 2.13776 -0.0308798 0.0515619 2.13936 -0.0617561 0.132344 2.24696 -0.0657362 0.139452 2.23413 -0.0308798 0.0515619 2.13936 -0.0205323 0.0395998 2.14728 -0.0617561 0.132344 2.24696 -0.0308798 0.0515619 2.13936 -0.0657362 0.139452 2.23413 -0.0433889 0.0400571 2.13776 -0.0330414 0.0280951 2.14567 0.0267317 -0.0181953 1.93 -0.0433889 0.0400571 2.13776 0.040397 -0.000783472 1.93027 -0.0330414 0.0280951 2.14567 -0.0205323 0.0395998 2.14728 -0.0330414 0.0280951 2.14567 0.040397 -0.000783472 1.93027 0.0267317 -0.0181953 1.93 -0.0433889 0.0400571 2.13776 0.0106765 -0.00549075 1.91951 -0.0308798 0.0515619 2.13936 -0.0433889 0.0400571 2.13776 0.0267317 -0.0181953 1.93 0.0106765 -0.00549075 1.91951 -0.0308798 0.0515619 2.13936 0.0243417 0.0119211 1.91978 -0.0205323 0.0395998 2.14728 -0.0205323 0.0395998 2.14728 0.0243417 0.0119211 1.91978 0.040397 -0.000783472 1.93027 0.0106765 -0.00549075 1.91951 0.0243417 0.0119211 1.91978 -0.0308798 0.0515619 2.13936 0.0243417 0.0119211 1.91978 0.0106765 -0.00549075 1.91951 0.0267317 -0.0181953 1.93 0.0243417 0.0119211 1.91978 0.0267317 -0.0181953 1.93 0.040397 -0.000783472 1.93027</float_array>
          <technique_common>
            <accessor count="132" source="#ID223" stride="3">
              <param name="X" type="float"/>
              <param name="Y" type="float"/>
              <param name="Z" type="float"/>
            </accessor>
          </technique_common>
        </source>
        <source id="ID224">
          <float_array count="396" id="ID225">0.361816 -0.526032 -0.769662 0.361816 -0.526032 -0.769662 0.361816 -0.526032 -0.769662 0.361832 -0.526046 -0.769645 0.361832 -0.526046 -0.769645 0.361832 -0.526046 -0.769645 -0.0895383 -0.918333 0.385547 -0.0895383 -0.918333 0.385547 -0.0895383 -0.918333 0.385547 -0.962317 -0.0763442 -0.260995 -0.962317 -0.0763442 -0.260995 -0.962317 -0.0763442 -0.260995 0.0697362 -0.908302 0.412462 0.0697362 -0.908302 0.412462 0.0697362 -0.908302 0.412462 0.963931 0.0729616 0.255957 0.963931 0.0729616 0.255957 0.963931 0.0729616 0.255957 -0.0652274 0.902482 -0.425761 -0.0652274 0.902482 -0.425761 -0.0652274 0.902482 -0.425761 0.0835577 0.924366 -0.372243 0.0835577 0.924366 -0.372243 0.0835577 0.924366 -0.372243 0.959701 0.223232 0.170708 0.959701 0.223232 0.170708 0.959701 0.223232 0.170708 0.13162 0.470951 -0.872285 0.13162 0.470951 -0.872285 0.13162 0.470951 -0.872285 0.969813 0.185244 0.158578 0.969813 0.185244 0.158578 0.969813 0.185244 0.158578 -0.0281255 0.423738 -0.905348 -0.0281255 0.423738 -0.905348 -0.0281255 0.423738 -0.905348 -0.94285 -0.275681 -0.187174 -0.94285 -0.275681 -0.187174 -0.94285 -0.275681 -0.187174 -0.96912 -0.188068 -0.159487 -0.96912 -0.188068 -0.159487 -0.96912 -0.188068 -0.159487 -0.960349 -0.278283 -0.0169763 -0.960349 -0.278283 -0.0169763 -0.960349 -0.278283 -0.0169763 -0.133201 -0.465962 0.874721 -0.133201 -0.465962 0.874721 -0.133201 -0.465962 0.874721 0.968993 0.246757 -0.0127609 0.968993 0.246757 -0.0127609 0.968993 0.246757 -0.0127609 0.039325 -0.448711 0.892811 0.039325 -0.448711 0.892811 0.039325 -0.448711 0.892811 -0.212 0.787291 -0.57899 -0.212 0.787291 -0.57899 -0.212 0.787291 -0.57899 0.933076 0.349295 0.0858047 0.933076 0.349295 0.0858047 0.933076 0.349295 0.0858047 -0.376332 0.704845 -0.601305 -0.376332 0.704845 -0.601305 -0.376332 0.704845 -0.601305 -0.932025 -0.35154 -0.0880253 -0.932025 -0.35154 -0.0880253 -0.932025 -0.35154 -0.0880253 -0.872667 -0.488315 0.000214446 -0.872667 -0.488315 0.000214446 -0.872667 -0.488315 0.000214446 0.213021 -0.788977 0.576314 0.213021 -0.788977 0.576314 0.213021 -0.788977 0.576314 0.887447 0.460466 -0.0202365 0.887447 0.460466 -0.0202365 0.887447 0.460466 -0.0202365 0.383154 -0.72489 0.572476 0.383154 -0.72489 0.572476 0.383154 -0.72489 0.572476 0.905582 0.421507 -0.0474544 0.905582 0.421507 -0.0474544 0.905582 0.421507 -0.0474544 -0.343128 0.612678 -0.711961 -0.343128 0.612678 -0.711961 -0.343128 0.612678 -0.711961 -0.424874 0.561098 -0.710387 -0.424874 0.561098 -0.710387 -0.424874 0.561098 -0.710387 0.343222 -0.612921 0.711707 0.343222 -0.612921 0.711707 0.343222 -0.612921 0.711707 0.806921 0.540722 -0.237693 0.806921 0.540722 -0.237693 0.806921 0.540722 -0.237693 -0.908071 -0.41564 0.0514764 -0.908071 -0.41564 0.0514764 -0.908071 -0.41564 0.0514764 -0.801834 -0.565114 0.194189 -0.801834 -0.565114 0.194189 -0.801834 -0.565114 0.194189 0.438128 -0.573039 0.692582 0.438128 -0.573039 0.692582 0.438128 -0.573039 0.692582 0.73537 0.675101 0.0589068 0.73537 0.675101 0.0589068 0.73537 0.675101 0.0589068 -0.622149 0.719523 -0.308573 -0.622149 0.719523 -0.308573 -0.622149 0.719523 -0.308573 -0.73989 0.585785 -0.330785 -0.73989 0.585785 -0.330785 -0.73989 0.585785 -0.330785 0.623266 -0.720203 0.304708 0.623266 -0.720203 0.304708 0.623266 -0.720203 0.304708 0.623923 0.781439 -0.00852351 0.623923 0.781439 -0.00852351 0.623923 0.781439 -0.00852351 -0.733988 -0.676281 -0.0624992 -0.733988 -0.676281 -0.0624992 -0.733988 -0.676281 -0.0624992 -0.610607 -0.791566 -0.0241358 -0.610607 -0.791566 -0.0241358 -0.610607 -0.791566 -0.0241358 0.749328 -0.592644 0.295434 0.749328 -0.592644 0.295434 0.749328 -0.592644 0.295434 -0.36527 0.272952 0.889986 -0.36527 0.272952 0.889986 -0.36527 0.272952 0.889986 -0.365277 0.272951 0.889984 -0.365277 0.272951 0.889984 -0.365277 0.272951 0.889984</float_array>
          <technique_common>
            <accessor count="132" source="#ID225" stride="3">
              <param name="X" type="float"/>
              <param name="Y" type="float"/>
              <param name="Z" type="float"/>
            </accessor>
          </technique_common>
        </source>
        <vertices id="ID226">
          <input semantic="POSITION" source="#ID222"/>
          <input semantic="NORMAL" source="#ID224"/>
        </vertices>
        <triangles count="44" material="ID16">
          <input offset="0" semantic="VERTEX" source="#ID226"/>
          <p>0 1 2 3 4 5 6 7 8 9 10 11 12 13 14 15 16 17 18 19 20 21 22 23 24 25 26 27 28 29 30 31 32 33 34 35 36 37 38 39 40 41 42 43 44 45 46 47 48 49 50 51 52 53 54 55 56 57 58 59 60 61 62 63 64 65 66 67 68 69 70 71 72 73 74 75 76 77 78 79 80 81 82 83 84 85 86 87 88 89 90 91 92 93 94 95 96 97 98 99 100 101 102 103 104 105 106 107 108 109 110 111 112 113 114 115 116 117 118 119 120 121 122 123 124 125 126 127 128 129 130 131</p>
        </triangles>
      </mesh>
    </geometry>
    <geometry id="ID227">
      <mesh>
        <source id="ID228">
          <float_array count="108" id="ID229">-0.448998 0.137593 1.53702 -0.453902 0.140858 1.53416 -0.451178 0.146256 1.53647 -0.448998 0.137593 1.53702 -0.403935 0.144505 1.42939 -0.453902 0.140858 1.53416 -0.446273 0.142991 1.53933 -0.448998 0.137593 1.53702 -0.451178 0.146256 1.53647 -0.403935 0.144505 1.42939 -0.448998 0.137593 1.53702 -0.40121 0.149903 1.4317 -0.448998 0.137593 1.53702 -0.446273 0.142991 1.53933 -0.40121 0.149903 1.4317 -0.451178 0.146256 1.53647 -0.453902 0.140858 1.53416 -0.406115 0.153168 1.42883 -0.453902 0.140858 1.53416 -0.408839 0.14777 1.42652 -0.406115 0.153168 1.42883 -0.453902 0.140858 1.53416 -0.403935 0.144505 1.42939 -0.408839 0.14777 1.42652 -0.451178 0.146256 1.53647 -0.406115 0.153168 1.42883 -0.40121 0.149903 1.4317 -0.446273 0.142991 1.53933 -0.451178 0.146256 1.53647 -0.40121 0.149903 1.4317 -0.403935 0.144505 1.42939 -0.406115 0.153168 1.42883 -0.408839 0.14777 1.42652 -0.40121 0.149903 1.4317 -0.406115 0.153168 1.42883 -0.403935 0.144505 1.42939</float_array>
          <technique_common>
            <accessor count="36" source="#ID229" stride="3">
              <param name="X" type="float"/>
              <param name="Y" type="float"/>
              <param name="Z" type="float"/>
            </accessor>
          </technique_common>
        </source>
        <source id="ID230">
          <float_array count="108" id="ID231">0.543312 0.0833337 -0.835385 0.543312 0.0833337 -0.835385 0.543312 0.0833337 -0.835385 0.437592 0.866865 0.238869 0.437592 0.866865 0.238869 0.437592 0.866865 0.238869 0.543309 0.0833329 -0.835387 0.543309 0.0833329 -0.835387 0.543309 0.0833329 -0.835387 -0.794438 0.528851 -0.29864 -0.794438 0.528851 -0.29864 -0.794438 0.528851 -0.29864 -0.794433 0.528859 -0.298637 -0.794433 0.528859 -0.298637 -0.794433 0.528859 -0.298637 0.794435 -0.528856 0.298639 0.794435 -0.528856 0.298639 0.794435 -0.528856 0.298639 0.794428 -0.528868 0.298634 0.794428 -0.528868 0.298634 0.794428 -0.528868 0.298634 0.437588 0.866867 0.238868 0.437588 0.866867 0.238868 0.437588 0.866867 0.238868 -0.437591 -0.866866 -0.238868 -0.437591 -0.866866 -0.238868 -0.437591 -0.866866 -0.238868 -0.43759 -0.866866 -0.238868 -0.43759 -0.866866 -0.238868 -0.43759 -0.866866 -0.238868 -0.543329 -0.0833373 0.835373 -0.543329 -0.0833373 0.835373 -0.543329 -0.0833373 0.835373 -0.543296 -0.0833277 0.835396 -0.543296 -0.0833277 0.835396 -0.543296 -0.0833277 0.835396</float_array>
          <technique_common>
            <accessor count="36" source="#ID231" stride="3">
              <param name="X" type="float"/>
              <param name="Y" type="float"/>
              <param name="Z" type="float"/>
            </accessor>
          </technique_common>
        </source>
        <vertices id="ID232">
          <input semantic="POSITION" source="#ID228"/>
          <input semantic="NORMAL" source="#ID230"/>
        </vertices>
        <triangles count="12" material="ID16">
          <input offset="0" semantic="VERTEX" source="#ID232"/>
          <p>0 1 2 3 4 5 6 7 8 9 10 11 12 13 14 15 16 17 18 19 20 21 22 23 24 25 26 27 28 29 30 31 32 33 34 35</p>
        </triangles>
      </mesh>
    </geometry>
    <geometry id="ID233">
      <mesh>
        <source id="ID234">
          <float_array count="180" id="ID235">-0.357412 0.0791818 1.49515 -0.355907 0.0730315 1.49294 -0.359161 0.0761071 1.49139 -0.357412 0.0791818 1.49515 -0.354157 0.0761062 1.4967 -0.355907 0.0730315 1.49294 -0.357412 0.0791818 1.49515 -0.359161 0.0761071 1.49139 -0.30385 0.107943 1.41041 -0.300877 0.113881 1.41046 -0.357412 0.0791818 1.49515 -0.30385 0.107943 1.41041 -0.354157 0.0761062 1.4967 -0.357412 0.0791818 1.49515 -0.300877 0.113881 1.41046 -0.297914 0.104973 1.41013 -0.359161 0.0761071 1.49139 -0.355907 0.0730315 1.49294 -0.294942 0.110911 1.41018 -0.297914 0.104973 1.41013 -0.355907 0.0730315 1.49294 -0.355907 0.0730315 1.49294 -0.354157 0.0761062 1.4967 -0.294942 0.110911 1.41018 -0.297914 0.104973 1.41013 -0.30385 0.107943 1.41041 -0.359161 0.0761071 1.49139 -0.297914 0.104973 1.41013 -0.298802 0.105391 1.29394 -0.30385 0.107943 1.41041 -0.300877 0.113881 1.41046 -0.30385 0.107943 1.41041 -0.307889 0.108095 1.29432 -0.30385 0.107943 1.41041 -0.298802 0.105391 1.29394 -0.307889 0.108095 1.29432 -0.296093 0.114481 1.29407 -0.297914 0.104973 1.41013 -0.294942 0.110911 1.41018 -0.298802 0.105391 1.29394 -0.297914 0.104973 1.41013 -0.296093 0.114481 1.29407 -0.300877 0.113881 1.41046 -0.294942 0.110911 1.41018 -0.354157 0.0761062 1.4967 -0.30518 0.117186 1.29446 -0.294942 0.110911 1.41018 -0.300877 0.113881 1.41046 -0.300877 0.113881 1.41046 -0.307889 0.108095 1.29432 -0.30518 0.117186 1.29446 -0.30518 0.117186 1.29446 -0.296093 0.114481 1.29407 -0.294942 0.110911 1.41018 -0.296093 0.114481 1.29407 -0.30518 0.117186 1.29446 -0.307889 0.108095 1.29432 -0.296093 0.114481 1.29407 -0.307889 0.108095 1.29432 -0.298802 0.105391 1.29394</float_array>
          <technique_common>
            <accessor count="60" source="#ID235" stride="3">
              <param name="X" type="float"/>
              <param name="Y" type="float"/>
              <param name="Z" type="float"/>
            </accessor>
          </technique_common>
        </source>
        <source id="ID236">
          <float_array count="180" id="ID237">0.670399 0.390097 -0.631181 0.670399 0.390097 -0.631181 0.670399 0.390097 -0.631181 0.670414 0.390096 -0.631166 0.670414 0.390096 -0.631166 0.670414 0.390096 -0.631166 0.707921 -0.671271 0.219643 0.707921 -0.671271 0.219643 0.707921 -0.671271 0.219643 0.825747 -0.416179 0.380707 0.825747 -0.416179 0.380707 0.825747 -0.416179 0.380707 -0.407278 -0.717042 -0.565663 -0.407278 -0.717042 -0.565663 -0.407278 -0.717042 -0.565663 0.409115 0.717803 0.563369 0.409115 0.717803 0.563369 0.409115 0.717803 0.563369 -0.813747 0.410405 -0.411563 -0.813747 0.410405 -0.411563 -0.813747 0.410405 -0.411563 -0.710481 0.66944 -0.216946 -0.710481 0.66944 -0.216946 -0.710481 0.66944 -0.216946 0.392692 0.732427 0.556186 0.392692 0.732427 0.556186 0.392692 0.732427 0.556186 0.447427 0.894321 -0.000205924 0.447427 0.894321 -0.000205924 0.447427 0.894321 -0.000205924 0.893882 -0.44718 -0.0316952 0.893882 -0.44718 -0.0316952 0.893882 -0.44718 -0.0316952 0.284912 0.958515 -0.00865571 0.284912 0.958515 -0.00865571 0.284912 0.958515 -0.00865571 -0.894075 0.447345 0.0226172 -0.894075 0.447345 0.0226172 -0.894075 0.447345 0.0226172 -0.958349 0.285479 0.00834731 -0.958349 0.285479 0.00834731 -0.958349 0.285479 0.00834731 -0.391366 -0.729303 -0.561203 -0.391366 -0.729303 -0.561203 -0.391366 -0.729303 -0.561203 -0.447751 -0.894114 -0.00886692 -0.447751 -0.894114 -0.00886692 -0.447751 -0.894114 -0.00886692 0.95761 -0.284744 -0.0436355 0.95761 -0.284744 -0.0436355 0.95761 -0.284744 -0.0436355 -0.28618 -0.957806 -0.0266156 -0.28618 -0.957806 -0.0266156 -0.28618 -0.957806 -0.0266156 0.0346947 -0.0248822 0.999088 0.0346947 -0.0248822 0.999088 0.0346947 -0.0248822 0.999088 0.0346947 -0.0248821 0.999088 0.0346947 -0.0248821 0.999088 0.0346947 -0.0248821 0.999088</float_array>
          <technique_common>
            <accessor count="60" source="#ID237" stride="3">
              <param name="X" type="float"/>
              <param name="Y" type="float"/>
              <param name="Z" type="float"/>
            </accessor>
          </technique_common>
        </source>
        <vertices id="ID238">
          <input semantic="POSITION" source="#ID234"/>
          <input semantic="NORMAL" source="#ID236"/>
        </vertices>
        <triangles count="20" material="ID16">
          <input offset="0" semantic="VERTEX" source="#ID238"/>
          <p>0 1 2 3 4 5 6 7 8 9 10 11 12 13 14 15 16 17 18 19 20 21 22 23 24 25 26 27 28 29 30 31 32 33 34 35 36 37 38 39 40 41 42 43 44 45 46 47 48 49 50 51 52 53 54 55 56 57 58 59</p>
        </triangles>
      </mesh>
    </geometry>
    <geometry id="ID239">
      <mesh>
        <source id="ID240">
          <float_array count="102" id="ID241">-0.26033 0.329967 1.54211 -0.258994 0.334358 1.53669 -0.252883 0.33409 1.53869 -0.26033 0.329967 1.54211 -0.251807 0.288382 1.49307 -0.258994 0.334358 1.53669 -0.254219 0.3297 1.54411 -0.26033 0.329967 1.54211 -0.245696 0.288114 1.49507 -0.251807 0.288382 1.49307 -0.254219 0.3297 1.54411 -0.245696 0.288114 1.49507 -0.26033 0.329967 1.54211 -0.252883 0.33409 1.53869 -0.258994 0.334358 1.53669 -0.24436 0.292505 1.48965 -0.251807 0.288382 1.49307 -0.250471 0.292772 1.48765 -0.258994 0.334358 1.53669 -0.258994 0.334358 1.53669 -0.250471 0.292772 1.48765 -0.24436 0.292505 1.48965 -0.252883 0.33409 1.53869 -0.245696 0.288114 1.49507 -0.254219 0.3297 1.54411 -0.252883 0.33409 1.53869 -0.24436 0.292505 1.48965 -0.245696 0.288114 1.49507 -0.24436 0.292505 1.48965 -0.251807 0.288382 1.49307 -0.245696 0.288114 1.49507 -0.24436 0.292505 1.48965 -0.250471 0.292772 1.48765 -0.251807 0.288382 1.49307</float_array>
          <technique_common>
            <accessor count="34" source="#ID241" stride="3">
              <param name="X" type="float"/>
              <param name="Y" type="float"/>
              <param name="Z" type="float"/>
            </accessor>
          </technique_common>
        </source>
        <source id="ID242">
          <float_array count="102" id="ID243">0.161109 -0.786092 -0.596744 0.161109 -0.786092 -0.596744 0.161109 -0.786092 -0.596744 0.977575 -0.0428008 0.206191 0.977575 -0.0428008 0.206191 0.977575 -0.0428008 0.206191 0.161109 -0.786092 -0.596744 0.231697 0.761442 -0.605411 0.231697 0.761442 -0.605411 0.231697 0.761442 -0.605411 0.231708 0.761442 -0.605407 0.231708 0.761442 -0.605407 0.231708 0.761442 -0.605407 -0.231708 -0.761442 0.605407 -0.231708 -0.761442 0.605407 -0.231708 -0.761442 0.605407 0.977576 -0.0427969 0.206187 0.977576 -0.0427969 0.206187 0.977576 -0.0427969 0.206187 -0.231708 -0.761442 0.605407 -0.231708 -0.761442 0.605407 -0.231708 -0.761442 0.605407 -0.977575 0.0428011 -0.20619 -0.977575 0.0428011 -0.20619 -0.977575 0.0428011 -0.20619 -0.977575 0.0428011 -0.20619 -0.977575 0.0428011 -0.20619 -0.977575 0.0428011 -0.20619 -0.161098 0.786092 0.596747 -0.161098 0.786092 0.596747 -0.161098 0.786092 0.596747 -0.161106 0.786098 0.596737 -0.161106 0.786098 0.596737 -0.161106 0.786098 0.596737</float_array>
          <technique_common>
            <accessor count="34" source="#ID243" stride="3">
              <param name="X" type="float"/>
              <param name="Y" type="float"/>
              <param name="Z" type="float"/>
            </accessor>
          </technique_common>
        </source>
        <vertices id="ID244">
          <input semantic="POSITION" source="#ID240"/>
          <input semantic="NORMAL" source="#ID242"/>
        </vertices>
        <triangles count="12" material="ID16">
          <input offset="0" semantic="VERTEX" source="#ID244"/>
          <p>0 1 2 3 4 5 6 0 2 7 8 9 10 11 12 13 14 15 16 17 18 19 20 21 22 23 24 25 26 27 28 29 30 31 32 33</p>
        </triangles>
      </mesh>
    </geometry>
    <geometry id="ID245">
      <mesh>
        <source id="ID246">
          <float_array count="174" id="ID247">-0.138605 -0.209625 1.49124 -0.146587 -0.208113 1.49735 -0.150546 -0.21569 1.49222 -0.100834 -0.282148 1.55325 -0.146587 -0.208113 1.49735 -0.138605 -0.209625 1.49124 -0.142565 -0.217202 1.48612 -0.142565 -0.217202 1.48612 -0.104937 -0.286482 1.54962 -0.138605 -0.209625 1.49124 -0.104937 -0.286482 1.54962 -0.100834 -0.282148 1.55325 -0.138605 -0.209625 1.49124 -0.146587 -0.208113 1.49735 -0.10528 -0.281193 1.55928 -0.150546 -0.21569 1.49222 -0.146587 -0.208113 1.49735 -0.100834 -0.282148 1.55325 -0.10528 -0.281193 1.55928 -0.150546 -0.21569 1.49222 -0.10528 -0.281193 1.55928 -0.109382 -0.285526 1.55565 -0.109382 -0.285526 1.55565 -0.142565 -0.217202 1.48612 -0.150546 -0.21569 1.49222 -0.10528 -0.281193 1.55928 -0.0940078 -0.295431 1.62913 -0.109382 -0.285526 1.55565 -0.0905021 -0.298164 1.62743 -0.10528 -0.281193 1.55928 -0.100834 -0.282148 1.55325 -0.10528 -0.281193 1.55928 -0.0905021 -0.298164 1.62743 -0.0940078 -0.295431 1.62913 -0.104937 -0.286482 1.54962 -0.142565 -0.217202 1.48612 -0.109382 -0.285526 1.55565 -0.0969381 -0.299024 1.62871 -0.104937 -0.286482 1.54962 -0.109382 -0.285526 1.55565 -0.0940078 -0.295431 1.62913 -0.0969381 -0.299024 1.62871 -0.109382 -0.285526 1.55565 -0.100834 -0.282148 1.55325 -0.104937 -0.286482 1.54962 -0.0934323 -0.301757 1.62702 -0.100834 -0.282148 1.55325 -0.0934323 -0.301757 1.62702 -0.0905021 -0.298164 1.62743 -0.0969381 -0.299024 1.62871 -0.0934323 -0.301757 1.62702 -0.104937 -0.286482 1.54962 -0.0905021 -0.298164 1.62743 -0.0969381 -0.299024 1.62871 -0.0940078 -0.295431 1.62913 -0.0905021 -0.298164 1.62743 -0.0934323 -0.301757 1.62702 -0.0969381 -0.299024 1.62871</float_array>
          <technique_common>
            <accessor count="58" source="#ID247" stride="3">
              <param name="X" type="float"/>
              <param name="Y" type="float"/>
              <param name="Z" type="float"/>
            </accessor>
          </technique_common>
        </source>
        <source id="ID248">
          <float_array count="174" id="ID249">0.382538 -0.646414 0.660161 0.382538 -0.646414 0.660161 0.382538 -0.646414 0.660161 -0.514781 -0.696032 -0.50054 -0.514781 -0.696032 -0.50054 -0.514781 -0.696032 -0.50054 0.382538 -0.646414 0.660161 -0.829744 0.0581125 0.55511 -0.829744 0.0581125 0.55511 -0.829744 0.0581125 0.55511 -0.745332 0.164233 0.646148 -0.745332 0.164233 0.646148 -0.745332 0.164233 0.646148 0.81347 -0.0322942 -0.580709 0.81347 -0.0322942 -0.580709 0.81347 -0.0322942 -0.580709 -0.641989 -0.673445 -0.3665 -0.641989 -0.673445 -0.3665 -0.641989 -0.673445 -0.3665 0.741663 -0.155424 -0.652517 0.741663 -0.155424 -0.652517 0.741663 -0.155424 -0.652517 0.499861 0.724976 0.473867 0.499861 0.724976 0.473867 0.499861 0.724976 0.473867 0.797593 -0.552788 -0.241395 0.797593 -0.552788 -0.241395 0.797593 -0.552788 -0.241395 -0.388809 -0.910254 -0.142359 -0.388809 -0.910254 -0.142359 -0.388809 -0.910254 -0.142359 -0.630587 -0.774094 -0.0560304 -0.630587 -0.774094 -0.0560304 -0.630587 -0.774094 -0.0560304 0.638148 0.679088 0.362776 0.638148 0.679088 0.362776 0.638148 0.679088 0.362776 0.351528 0.929474 0.111834 0.351528 0.929474 0.111834 0.351528 0.929474 0.111834 0.765612 -0.596611 -0.240611 0.765612 -0.596611 -0.240611 0.765612 -0.596611 -0.240611 -0.795419 0.561147 0.228961 -0.795419 0.561147 0.228961 -0.795419 0.561147 0.228961 -0.766264 0.597712 0.235755 -0.766264 0.597712 0.235755 -0.766264 0.597712 0.235755 0.631294 0.773313 0.0587811 0.631294 0.773313 0.0587811 0.631294 0.773313 0.0587811 -0.2236 0.289754 -0.930616 -0.2236 0.289754 -0.930616 -0.2236 0.289754 -0.930616 -0.2236 0.289759 -0.930614 -0.2236 0.289759 -0.930614 -0.2236 0.289759 -0.930614</float_array>
          <technique_common>
            <accessor count="58" source="#ID249" stride="3">
              <param name="X" type="float"/>
              <param name="Y" type="float"/>
              <param name="Z" type="float"/>
            </accessor>
          </technique_common>
        </source>
        <vertices id="ID250">
          <input semantic="POSITION" source="#ID246"/>
          <input semantic="NORMAL" source="#ID248"/>
        </vertices>
        <triangles count="20" material="ID16">
          <input offset="0" semantic="VERTEX" source="#ID250"/>
          <p>0 1 2 3 4 5 0 2 6 7 8 9 10 11 12 13 14 15 16 17 18 19 20 21 22 23 24 25 26 27 28 29 30 31 32 33 34 35 36 37 38 39 40 41 42 43 44 45 46 47 48 49 50 51 52 53 54 55 56 57</p>
        </triangles>
      </mesh>
    </geometry>
    <geometry id="ID251">
      <mesh>
        <source id="ID252">
          <float_array count="180" id="ID253">-0.00530081 0.0783968 2.55159 -0.0118516 0.077595 2.55031 -0.00872653 0.0810207 2.5492 -0.00530081 0.0783968 2.55159 -0.00842588 0.0749711 2.5527 -0.0118516 0.077595 2.55031 -0.00872653 0.0810207 2.5492 0.00675739 0.046967 2.45331 -0.00530081 0.0783968 2.55159 0.0116048 0.0452331 2.45801 -0.00842588 0.0749711 2.5527 -0.00530081 0.0783968 2.55159 0.00675739 0.046967 2.45331 0.0116048 0.0452331 2.45801 -0.00530081 0.0783968 2.55159 -0.0118516 0.077595 2.55031 0.00309078 0.0424604 2.4566 -0.00872653 0.0810207 2.5492 0.00793815 0.0407265 2.4613 0.00309078 0.0424604 2.4566 -0.0118516 0.077595 2.55031 0.00793815 0.0407265 2.4613 -0.0118516 0.077595 2.55031 -0.00842588 0.0749711 2.5527 -0.00872653 0.0810207 2.5492 0.00309078 0.0424604 2.4566 0.00675739 0.046967 2.45331 0.0310414 -0.00696426 2.40077 0.00309078 0.0424604 2.4566 0.00793815 0.0407265 2.4613 0.00309078 0.0424604 2.4566 0.02373 -0.00571426 2.39528 0.00675739 0.046967 2.45331 0.00309078 0.0424604 2.4566 0.0310414 -0.00696426 2.40077 0.02373 -0.00571426 2.39528 0.0116048 0.0452331 2.45801 0.00793815 0.0407265 2.4613 -0.00842588 0.0749711 2.5527 0.0347835 -0.000559961 2.39528 0.00793815 0.0407265 2.4613 0.0116048 0.0452331 2.45801 0.0347835 -0.000559961 2.39528 0.0310414 -0.00696426 2.40077 0.00793815 0.0407265 2.4613 0.0116048 0.0452331 2.45801 0.00675739 0.046967 2.45331 0.0274721 0.000690039 2.3898 0.02373 -0.00571426 2.39528 0.0274721 0.000690039 2.3898 0.00675739 0.046967 2.45331 0.0274721 0.000690039 2.3898 0.0347835 -0.000559961 2.39528 0.0116048 0.0452331 2.45801 0.0310414 -0.00696426 2.40077 0.0347835 -0.000559961 2.39528 0.02373 -0.00571426 2.39528 0.0347835 -0.000559961 2.39528 0.0274721 0.000690039 2.3898 0.02373 -0.00571426 2.39528</float_array>
          <technique_common>
            <accessor count="60" source="#ID253" stride="3">
              <param name="X" type="float"/>
              <param name="Y" type="float"/>
              <param name="Z" type="float"/>
            </accessor>
          </technique_common>
        </source>
        <source id="ID254">
          <float_array count="180" id="ID255">0.224014 -0.480404 -0.847956 0.224014 -0.480404 -0.847956 0.224014 -0.480404 -0.847956 0.224014 -0.480353 -0.847985 0.224014 -0.480353 -0.847985 0.224014 -0.480353 -0.847985 -0.665693 -0.730589 0.151966 -0.665693 -0.730589 0.151966 -0.665693 -0.730589 0.151966 -0.747509 0.571977 -0.337746 -0.747509 0.571977 -0.337746 -0.747509 0.571977 -0.337746 -0.501365 -0.840075 0.207142 -0.501365 -0.840075 0.207142 -0.501365 -0.840075 0.207142 0.74793 -0.573471 0.334264 0.74793 -0.573471 0.334264 0.74793 -0.573471 0.334264 0.515926 0.825904 -0.227384 0.515926 0.825904 -0.227384 0.515926 0.825904 -0.227384 0.666342 0.729562 -0.154038 0.666342 0.729562 -0.154038 0.666342 0.729562 -0.154038 0.835346 -0.461448 0.29877 0.835346 -0.461448 0.29877 0.835346 -0.461448 0.29877 0.594531 0.726191 -0.345222 0.594531 0.726191 -0.345222 0.594531 0.726191 -0.345222 0.812544 -0.293139 0.503827 0.812544 -0.293139 0.503827 0.812544 -0.293139 0.503827 0.464659 0.765519 -0.445054 0.464659 0.765519 -0.445054 0.464659 0.765519 -0.445054 -0.835718 0.448076 -0.317495 -0.835718 0.448076 -0.317495 -0.835718 0.448076 -0.317495 -0.810916 0.287586 -0.509617 -0.810916 0.287586 -0.509617 -0.810916 0.287586 -0.509617 -0.885098 0.136117 -0.445054 -0.885098 0.136117 -0.445054 -0.885098 0.136117 -0.445054 -0.591294 -0.731278 0.340007 -0.591294 -0.731278 0.340007 -0.591294 -0.731278 0.340007 0.894532 -0.16803 0.41422 0.894532 -0.16803 0.41422 0.894532 -0.16803 0.41422 -0.446277 -0.793259 0.414219 -0.446277 -0.793259 0.414219 -0.446277 -0.793259 0.414219 -0.334834 0.718059 0.610146 -0.334834 0.718059 0.610146 -0.334834 0.718059 0.610146 -0.334834 0.718059 0.610146 -0.334834 0.718059 0.610146 -0.334834 0.718059 0.610146</float_array>
          <technique_common>
            <accessor count="60" source="#ID255" stride="3">
              <param name="X" type="float"/>
              <param name="Y" type="float"/>
              <param name="Z" type="float"/>
            </accessor>
          </technique_common>
        </source>
        <vertices id="ID256">
          <input semantic="POSITION" source="#ID252"/>
          <input semantic="NORMAL" source="#ID254"/>
        </vertices>
        <triangles count="20" material="ID16">
          <input offset="0" semantic="VERTEX" source="#ID256"/>
          <p>0 1 2 3 4 5 6 7 8 9 10 11 12 13 14 15 16 17 18 19 20 21 22 23 24 25 26 27 28 29 30 31 32 33 34 35 36 37 38 39 40 41 42 43 44 45 46 47 48 49 50 51 52 53 54 55 56 57 58 59</p>
        </triangles>
      </mesh>
    </geometry>
    <geometry id="ID257">
      <mesh>
        <source id="ID258">
          <float_array count="180" id="ID259">0.0147871 0.00294614 2.53111 0.0156379 -0.00922036 2.53111 0.011 -0.00343167 2.5366 0.0147871 0.00294614 2.53111 0.019425 -0.00284255 2.52563 0.0156379 -0.00922036 2.53111 0.0147871 0.00294614 2.53111 0.011 -0.00343167 2.5366 0.0671585 0.00495023 2.59243 0.0700518 -8.7854e-05 2.58914 0.0147871 0.00294614 2.53111 0.0671585 0.00495023 2.59243 0.019425 -0.00284255 2.52563 0.0147871 0.00294614 2.53111 0.0700518 -8.7854e-05 2.58914 0.0638026 0.00104618 2.59713 0.011 -0.00343167 2.5366 0.0156379 -0.00922036 2.53111 0.0156379 -0.00922036 2.53111 0.0666959 -0.00399191 2.59384 0.0638026 0.00104618 2.59713 0.0666959 -0.00399191 2.59384 0.0156379 -0.00922036 2.53111 0.019425 -0.00284255 2.52563 0.0638026 0.00104618 2.59713 0.0671585 0.00495023 2.59243 0.011 -0.00343167 2.5366 0.105314 0.00630906 2.68614 0.0671585 0.00495023 2.59243 0.0638026 0.00104618 2.59713 0.0671585 0.00495023 2.59243 0.107393 0.00216386 2.68502 0.0700518 -8.7854e-05 2.58914 0.105314 0.00630906 2.68614 0.107393 0.00216386 2.68502 0.0671585 0.00495023 2.59243 0.101637 0.00405118 2.68853 0.0638026 0.00104618 2.59713 0.0666959 -0.00399191 2.59384 0.105314 0.00630906 2.68614 0.0638026 0.00104618 2.59713 0.101637 0.00405118 2.68853 0.0666959 -0.00399191 2.59384 0.019425 -0.00284255 2.52563 0.0700518 -8.7854e-05 2.58914 0.0666959 -0.00399191 2.59384 0.0700518 -8.7854e-05 2.58914 0.103715 -9.39575e-05 2.68741 0.0700518 -8.7854e-05 2.58914 0.107393 0.00216386 2.68502 0.103715 -9.39575e-05 2.68741 0.101637 0.00405118 2.68853 0.0666959 -0.00399191 2.59384 0.103715 -9.39575e-05 2.68741 0.101637 0.00405118 2.68853 0.103715 -9.39575e-05 2.68741 0.105314 0.00630906 2.68614 0.105314 0.00630906 2.68614 0.103715 -9.39575e-05 2.68741 0.107393 0.00216386 2.68502</float_array>
          <technique_common>
            <accessor count="60" source="#ID259" stride="3">
              <param name="X" type="float"/>
              <param name="Y" type="float"/>
              <param name="Z" type="float"/>
            </accessor>
          </technique_common>
        </source>
        <source id="ID260">
          <float_array count="180" id="ID261">-0.790358 -0.055267 -0.610147 -0.790358 -0.055267 -0.610147 -0.790358 -0.055267 -0.610147 -0.790359 -0.055267 -0.610146 -0.790359 -0.055267 -0.610146 -0.790359 -0.055267 -0.610146 -0.548154 0.708134 0.445054 -0.548154 0.708134 0.445054 -0.548154 0.708134 0.445054 0.564858 0.653523 -0.503827 0.564858 0.653523 -0.503827 0.564858 0.653523 -0.503827 0.477442 0.7749 -0.414221 0.477442 0.7749 -0.414221 0.477442 0.7749 -0.414221 -0.444268 -0.77753 0.445055 -0.444268 -0.77753 0.445055 -0.444268 -0.77753 0.445055 -0.559079 -0.654008 0.509611 -0.559079 -0.654008 0.509611 -0.559079 -0.654008 0.509611 0.580639 -0.700914 -0.41422 0.580639 -0.700914 -0.41422 0.580639 -0.700914 -0.41422 -0.464898 0.815286 0.345223 -0.464898 0.815286 0.345223 -0.464898 0.815286 0.345223 -0.586157 0.777635 0.227384 -0.586157 0.777635 0.227384 -0.586157 0.777635 0.227384 0.73016 0.614494 -0.29877 0.73016 0.614494 -0.29877 0.73016 0.614494 -0.29877 0.803416 0.492737 -0.334264 0.803416 0.492737 -0.334264 0.803416 0.492737 -0.334264 -0.717803 -0.619644 0.317492 -0.717803 -0.619644 0.317492 -0.717803 -0.619644 0.317492 -0.442312 0.883534 0.154039 -0.442312 0.883534 0.154039 -0.442312 0.883534 0.154039 0.470815 -0.814079 -0.340014 0.470815 -0.814079 -0.340014 0.470815 -0.814079 -0.340014 0.604611 -0.769114 -0.207144 0.604611 -0.769114 -0.207144 0.604611 -0.769114 -0.207144 0.443501 -0.883296 -0.151967 0.443501 -0.883296 -0.151967 0.443501 -0.883296 -0.151967 -0.801859 -0.492902 0.337743 -0.801859 -0.492902 0.337743 -0.801859 -0.492902 0.337743 0.528742 0.036954 0.847978 0.528742 0.036954 0.847978 0.528742 0.036954 0.847978 0.528745 0.0369531 0.847976 0.528745 0.0369531 0.847976 0.528745 0.0369531 0.847976</float_array>
          <technique_common>
            <accessor count="60" source="#ID261" stride="3">
              <param name="X" type="float"/>
              <param name="Y" type="float"/>
              <param name="Z" type="float"/>
            </accessor>
          </technique_common>
        </source>
        <vertices id="ID262">
          <input semantic="POSITION" source="#ID258"/>
          <input semantic="NORMAL" source="#ID260"/>
        </vertices>
        <triangles count="20" material="ID16">
          <input offset="0" semantic="VERTEX" source="#ID262"/>
          <p>0 1 2 3 4 5 6 7 8 9 10 11 12 13 14 15 16 17 18 19 20 21 22 23 24 25 26 27 28 29 30 31 32 33 34 35 36 37 38 39 40 41 42 43 44 45 46 47 48 49 50 51 52 53 54 55 56 57 58 59</p>
        </triangles>
      </mesh>
    </geometry>
    <geometry id="ID263">
      <mesh>
        <source id="ID264">
          <float_array count="108" id="ID265">0.161991 0.0957507 2.28394 0.153225 0.0940711 2.28321 0.157243 0.0979539 2.27952 0.157974 0.0918679 2.28763 0.153225 0.0940711 2.28321 0.161991 0.0957507 2.28394 0.157243 0.0979539 2.27952 0.176647 0.0384906 2.2152 0.161991 0.0957507 2.28394 0.17263 0.0346079 2.21889 0.157974 0.0918679 2.28763 0.161991 0.0957507 2.28394 0.176647 0.0384906 2.2152 0.17263 0.0346079 2.21889 0.161991 0.0957507 2.28394 0.157243 0.0979539 2.27952 0.153225 0.0940711 2.28321 0.167882 0.0368111 2.21447 0.17263 0.0346079 2.21889 0.167882 0.0368111 2.21447 0.153225 0.0940711 2.28321 0.157974 0.0918679 2.28763 0.17263 0.0346079 2.21889 0.153225 0.0940711 2.28321 0.157243 0.0979539 2.27952 0.167882 0.0368111 2.21447 0.171899 0.0406939 2.21078 0.157243 0.0979539 2.27952 0.171899 0.0406939 2.21078 0.176647 0.0384906 2.2152 0.17263 0.0346079 2.21889 0.176647 0.0384906 2.2152 0.167882 0.0368111 2.21447 0.176647 0.0384906 2.2152 0.171899 0.0406939 2.21078 0.167882 0.0368111 2.21447</float_array>
          <technique_common>
            <accessor count="36" source="#ID265" stride="3">
              <param name="X" type="float"/>
              <param name="Y" type="float"/>
              <param name="Z" type="float"/>
            </accessor>
          </technique_common>
        </source>
        <source id="ID266">
          <float_array count="108" id="ID267">0.198498 -0.775534 -0.599287 0.198498 -0.775534 -0.599287 0.198498 -0.775534 -0.599287 0.198496 -0.775511 -0.599318 0.198496 -0.775511 -0.599318 0.198496 -0.775511 -0.599318 -0.661594 -0.639474 0.39162 -0.661594 -0.639474 0.39162 -0.661594 -0.639474 0.39162 -0.796816 0.369734 -0.477892 -0.796816 0.369734 -0.477892 -0.796816 0.369734 -0.477892 -0.796823 0.369727 -0.477886 -0.796823 0.369727 -0.477886 -0.796823 0.369727 -0.477886 0.796823 -0.369727 0.477886 0.796823 -0.369727 0.477886 0.796823 -0.369727 0.477886 0.661594 0.639474 -0.39162 0.661594 0.639474 -0.39162 0.661594 0.639474 -0.39162 0.661587 0.639478 -0.391625 0.661587 0.639478 -0.391625 0.661587 0.639478 -0.391625 0.796816 -0.369734 0.477892 0.796816 -0.369734 0.477892 0.796816 -0.369734 0.477892 -0.661587 -0.639478 0.391625 -0.661587 -0.639478 0.391625 -0.661587 -0.639478 0.391625 -0.198498 0.775534 0.599287 -0.198498 0.775534 0.599287 -0.198498 0.775534 0.599287 -0.198496 0.775511 0.599318 -0.198496 0.775511 0.599318 -0.198496 0.775511 0.599318</float_array>
          <technique_common>
            <accessor count="36" source="#ID267" stride="3">
              <param name="X" type="float"/>
              <param name="Y" type="float"/>
              <param name="Z" type="float"/>
            </accessor>
          </technique_common>
        </source>
        <vertices id="ID268">
          <input semantic="POSITION" source="#ID264"/>
          <input semantic="NORMAL" source="#ID266"/>
        </vertices>
        <triangles count="12" material="ID16">
          <input offset="0" semantic="VERTEX" source="#ID268"/>
          <p>0 1 2 3 4 5 6 7 8 9 10 11 12 13 14 15 16 17 18 19 20 21 22 23 24 25 26 27 28 29 30 31 32 33 34 35</p>
        </triangles>
      </mesh>
    </geometry>
    <geometry id="ID269">
      <mesh>
        <source id="ID270">
          <float_array count="252" id="ID271">-0.0707789 -0.0432666 2.546 -0.0739121 -0.0494345 2.54745 -0.0667653 -0.0538947 2.62253 -0.0481772 -0.0736642 2.48414 -0.0739121 -0.0494345 2.54745 -0.0707789 -0.0432666 2.546 -0.0617002 -0.0570486 2.62141 -0.0707789 -0.0432666 2.546 -0.0667653 -0.0538947 2.62253 -0.0707789 -0.0432666 2.546 -0.0463713 -0.0658407 2.48595 -0.0481772 -0.0736642 2.48414 -0.0617002 -0.0570486 2.62141 -0.0652345 -0.0453725 2.55067 -0.0707789 -0.0432666 2.546 -0.0463713 -0.0658407 2.48595 -0.0707789 -0.0432666 2.546 -0.0652345 -0.0453725 2.55067 -0.0700225 -0.0589244 2.62165 -0.0667653 -0.0538947 2.62253 -0.0739121 -0.0494345 2.54745 -0.0481772 -0.0736642 2.48414 -0.0402494 -0.0753091 2.4829 -0.0739121 -0.0494345 2.54745 -0.0739121 -0.0494345 2.54745 -0.0683677 -0.0515404 2.55213 -0.0700225 -0.0589244 2.62165 -0.0739121 -0.0494345 2.54745 -0.0402494 -0.0753091 2.4829 -0.0683677 -0.0515404 2.55213 -0.0617002 -0.0570486 2.62141 -0.0667653 -0.0538947 2.62253 -0.0700225 -0.0589244 2.62165 -0.0445565 -0.0614232 2.39757 -0.0402494 -0.0753091 2.4829 -0.0481772 -0.0736642 2.48414 -0.0481772 -0.0736642 2.48414 -0.0463713 -0.0658407 2.48595 -0.0539995 -0.0611193 2.39864 -0.0539995 -0.0611193 2.39864 -0.0445565 -0.0614232 2.39757 -0.0481772 -0.0736642 2.48414 -0.0700225 -0.0589244 2.62165 -0.0683677 -0.0515404 2.55213 -0.0649574 -0.0620783 2.62053 -0.0683677 -0.0515404 2.55213 -0.0402494 -0.0753091 2.4829 -0.0384435 -0.0674856 2.4847 -0.0652345 -0.0453725 2.55067 -0.0649574 -0.0620783 2.62053 -0.0683677 -0.0515404 2.55213 -0.0683677 -0.0515404 2.55213 -0.0384435 -0.0674856 2.4847 -0.0652345 -0.0453725 2.55067 -0.0617002 -0.0570486 2.62141 -0.0700225 -0.0589244 2.62165 -0.0649574 -0.0620783 2.62053 -0.0384435 -0.0674856 2.4847 -0.0402494 -0.0753091 2.4829 -0.0440893 -0.0521322 2.39989 -0.0440893 -0.0521322 2.39989 -0.0402494 -0.0753091 2.4829 -0.0445565 -0.0614232 2.39757 -0.0652345 -0.0453725 2.55067 -0.0617002 -0.0570486 2.62141 -0.0649574 -0.0620783 2.62053 -0.0652345 -0.0453725 2.55067 -0.0384435 -0.0674856 2.4847 -0.0463713 -0.0658407 2.48595 -0.0384435 -0.0674856 2.4847 -0.0535323 -0.0518283 2.40095 -0.0463713 -0.0658407 2.48595 -0.0535323 -0.0518283 2.40095 -0.0539995 -0.0611193 2.39864 -0.0463713 -0.0658407 2.48595 -0.0440893 -0.0521322 2.39989 -0.0535323 -0.0518283 2.40095 -0.0384435 -0.0674856 2.4847 -0.0440893 -0.0521322 2.39989 -0.0539995 -0.0611193 2.39864 -0.0535323 -0.0518283 2.40095 -0.0440893 -0.0521322 2.39989 -0.0445565 -0.0614232 2.39757 -0.0539995 -0.0611193 2.39864</float_array>
          <technique_common>
            <accessor count="84" source="#ID271" stride="3">
              <param name="X" type="float"/>
              <param name="Y" type="float"/>
              <param name="Z" type="float"/>
            </accessor>
          </technique_common>
        </source>
        <source id="ID272">
          <float_array count="252" id="ID273">-0.875164 0.470855 0.111285 -0.875164 0.470855 0.111285 -0.875164 0.470855 0.111285 -0.83149 0.314116 -0.458209 -0.83149 0.314116 -0.458209 -0.83149 0.314116 -0.458209 0.540444 0.83678 0.0878616 0.540444 0.83678 0.0878616 0.540444 0.83678 0.0878616 -0.839858 0.298298 -0.453493 -0.839858 0.298298 -0.453493 -0.839858 0.298298 -0.453493 0.241117 0.959405 0.146307 0.241117 0.959405 0.146307 0.241117 0.959405 0.146307 0.455708 0.878252 -0.144927 0.455708 0.878252 -0.144927 0.455708 0.878252 -0.144927 -0.842938 0.526328 0.111513 -0.842938 0.526328 0.111513 -0.842938 0.526328 0.111513 -0.148215 -0.94224 0.300361 -0.148215 -0.94224 0.300361 -0.148215 -0.94224 0.300361 -0.272139 -0.956174 -0.108036 -0.272139 -0.956174 -0.108036 -0.272139 -0.956174 -0.108036 -0.442648 -0.887931 0.125067 -0.442648 -0.887931 0.125067 -0.442648 -0.887931 0.125067 0.0773518 -0.220561 0.972301 0.0773518 -0.220561 0.972301 0.0773518 -0.220561 0.972301 -0.222918 -0.9639 -0.145619 -0.222918 -0.9639 -0.145619 -0.222918 -0.9639 -0.145619 -0.974492 0.2028 0.09611 -0.974492 0.2028 0.09611 -0.974492 0.2028 0.09611 -0.0478159 -0.988739 -0.141808 -0.0478159 -0.988739 -0.141808 -0.0478159 -0.988739 -0.141808 -0.541898 -0.834291 -0.101511 -0.541898 -0.834291 -0.101511 -0.541898 -0.834291 -0.101511 0.844581 -0.297499 0.445172 0.844581 -0.297499 0.445172 0.844581 -0.297499 0.445172 0.874166 -0.471515 -0.116223 0.874166 -0.471515 -0.116223 0.874166 -0.471515 -0.116223 0.835949 -0.319157 0.446463 0.835949 -0.319157 0.446463 0.835949 -0.319157 0.446463 0.0773524 -0.220564 0.9723 0.0773524 -0.220564 0.9723 0.0773524 -0.220564 0.9723 0.974226 -0.201528 -0.101339 0.974226 -0.201528 -0.101339 0.974226 -0.201528 -0.101339 0.997762 -0.0361479 -0.0562508 0.997762 -0.0361479 -0.0562508 0.997762 -0.0361479 -0.0562508 0.842534 -0.523106 -0.128435 0.842534 -0.523106 -0.128435 0.842534 -0.523106 -0.128435 0.157666 0.953816 -0.255686 0.157666 0.953816 -0.255686 0.157666 0.953816 -0.255686 0.222273 0.964831 0.140343 0.222273 0.964831 0.140343 0.222273 0.964831 0.140343 -0.995682 0.0280054 0.0885087 -0.995682 0.0280054 0.0885087 -0.995682 0.0280054 0.0885087 0.0513411 0.983301 0.174595 0.0513411 0.983301 0.174595 0.0513411 0.983301 0.174595 -0.100838 0.245354 -0.964175 -0.100838 0.245354 -0.964175 -0.100838 0.245354 -0.964175 -0.100863 0.24538 -0.964166 -0.100863 0.24538 -0.964166 -0.100863 0.24538 -0.964166</float_array>
          <technique_common>
            <accessor count="84" source="#ID273" stride="3">
              <param name="X" type="float"/>
              <param name="Y" type="float"/>
              <param name="Z" type="float"/>
            </accessor>
          </technique_common>
        </source>
        <vertices id="ID274">
          <input semantic="POSITION" source="#ID270"/>
          <input semantic="NORMAL" source="#ID272"/>
        </vertices>
        <triangles count="28" material="ID16">
          <input offset="0" semantic="VERTEX" source="#ID274"/>
          <p>0 1 2 3 4 5 6 7 8 9 10 11 12 13 14 15 16 17 18 19 20 21 22 23 24 25 26 27 28 29 30 31 32 33 34 35 36 37 38 39 40 41 42 43 44 45 46 47 48 49 50 51 52 53 54 55 56 57 58 59 60 61 62 63 64 65 66 67 68 69 70 71 72 73 74 75 76 77 78 79 80 81 82 83</p>
        </triangles>
      </mesh>
    </geometry>
    <geometry id="ID275">
      <mesh>
        <source id="ID276">
          <float_array count="102" id="ID277">-0.336315 -0.292352 1.46283 -0.335415 -0.298395 1.46079 -0.331726 -0.299218 1.46711 -0.244463 -0.261924 1.38569 -0.335415 -0.298395 1.46079 -0.336315 -0.292352 1.46283 -0.332626 -0.293175 1.46915 -0.240774 -0.262747 1.39201 -0.244463 -0.261924 1.38569 -0.336315 -0.292352 1.46283 -0.240774 -0.262747 1.39201 -0.336315 -0.292352 1.46283 -0.332626 -0.293175 1.46915 -0.331726 -0.299218 1.46711 -0.335415 -0.298395 1.46079 -0.239874 -0.26879 1.38998 -0.243563 -0.267967 1.38366 -0.335415 -0.298395 1.46079 -0.244463 -0.261924 1.38569 -0.335415 -0.298395 1.46079 -0.243563 -0.267967 1.38366 -0.239874 -0.26879 1.38998 -0.240774 -0.262747 1.39201 -0.332626 -0.293175 1.46915 -0.331726 -0.299218 1.46711 -0.239874 -0.26879 1.38998 -0.240774 -0.262747 1.39201 -0.331726 -0.299218 1.46711 -0.240774 -0.262747 1.39201 -0.239874 -0.26879 1.38998 -0.244463 -0.261924 1.38569 -0.239874 -0.26879 1.38998 -0.243563 -0.267967 1.38366 -0.244463 -0.261924 1.38569</float_array>
          <technique_common>
            <accessor count="34" source="#ID277" stride="3">
              <param name="X" type="float"/>
              <param name="Y" type="float"/>
              <param name="Z" type="float"/>
            </accessor>
          </technique_common>
        </source>
        <source id="ID278">
          <float_array count="102" id="ID279">-0.84455 -0.279773 0.456577 -0.84455 -0.279773 0.456577 -0.84455 -0.279773 0.456577 -0.664332 0.148161 -0.732606 -0.664332 0.148161 -0.732606 -0.664332 0.148161 -0.732606 -0.84455 -0.279773 0.456577 -0.144019 0.967042 0.209973 -0.144019 0.967042 0.209973 -0.144019 0.967042 0.209973 -0.144021 0.967042 0.20997 -0.144021 0.967042 0.20997 -0.144021 0.967042 0.20997 0.144022 -0.967042 -0.20997 0.144022 -0.967042 -0.20997 0.144022 -0.967042 -0.20997 -0.664332 0.148161 -0.732606 -0.664332 0.148161 -0.732606 -0.664332 0.148161 -0.732606 0.144021 -0.967042 -0.20997 0.144021 -0.967042 -0.20997 0.144021 -0.967042 -0.20997 0.664332 -0.148161 0.732606 0.664332 -0.148161 0.732606 0.664332 -0.148161 0.732606 0.664333 -0.148174 0.732602 0.664333 -0.148174 0.732602 0.664333 -0.148174 0.732602 0.844552 0.279784 -0.456566 0.844552 0.279784 -0.456566 0.844552 0.279784 -0.456566 0.844549 0.279773 -0.456579 0.844549 0.279773 -0.456579 0.844549 0.279773 -0.456579</float_array>
          <technique_common>
            <accessor count="34" source="#ID279" stride="3">
              <param name="X" type="float"/>
              <param name="Y" type="float"/>
              <param name="Z" type="float"/>
            </accessor>
          </technique_common>
        </source>
        <vertices id="ID280">
          <input semantic="POSITION" source="#ID276"/>
          <input semantic="NORMAL" source="#ID278"/>
        </vertices>
        <triangles count="12" material="ID16">
          <input offset="0" semantic="VERTEX" source="#ID280"/>
          <p>0 1 2 3 4 5 0 2 6 7 8 9 10 11 12 13 14 15 16 17 18 19 20 21 22 23 24 25 26 27 28 29 30 31 32 33</p>
        </triangles>
      </mesh>
    </geometry>
    <geometry id="ID281">
      <mesh>
        <source id="ID282">
          <float_array count="180" id="ID283">0.279135 0.0852196 2.15267 0.268307 0.0804252 2.15821 0.26274 0.0916954 2.15645 0.268307 0.0804252 2.15821 0.279135 0.0852196 2.15267 0.286258 0.0999936 2.23506 0.279135 0.0852196 2.15267 0.26274 0.0916954 2.15645 0.273568 0.0964898 2.15091 0.294516 0.101956 2.2314 0.279135 0.0852196 2.15267 0.273568 0.0964898 2.15091 0.279135 0.0852196 2.15267 0.294516 0.101956 2.2314 0.286258 0.0999936 2.23506 0.26274 0.0916954 2.15645 0.268307 0.0804252 2.15821 0.283701 0.108465 2.23315 0.283701 0.108465 2.23315 0.268307 0.0804252 2.15821 0.286258 0.0999936 2.23506 0.283701 0.108465 2.23315 0.291958 0.110428 2.22949 0.26274 0.0916954 2.15645 0.291958 0.110428 2.22949 0.273568 0.0964898 2.15091 0.26274 0.0916954 2.15645 0.291958 0.110428 2.22949 0.283701 0.108465 2.23315 0.30143 0.108362 2.29547 0.283701 0.108465 2.23315 0.286258 0.0999936 2.23506 0.295172 0.107942 2.2969 0.30143 0.108362 2.29547 0.283701 0.108465 2.23315 0.295172 0.107942 2.2969 0.291958 0.110428 2.22949 0.294516 0.101956 2.2314 0.273568 0.0964898 2.15091 0.301838 0.101999 2.29534 0.294516 0.101956 2.2314 0.291958 0.110428 2.22949 0.30143 0.108362 2.29547 0.301838 0.101999 2.29534 0.291958 0.110428 2.22949 0.286258 0.0999936 2.23506 0.294516 0.101956 2.2314 0.29558 0.10158 2.29677 0.295172 0.107942 2.2969 0.286258 0.0999936 2.23506 0.29558 0.10158 2.29677 0.29558 0.10158 2.29677 0.294516 0.101956 2.2314 0.301838 0.101999 2.29534 0.30143 0.108362 2.29547 0.295172 0.107942 2.2969 0.29558 0.10158 2.29677 0.301838 0.101999 2.29534 0.30143 0.108362 2.29547 0.29558 0.10158 2.29677</float_array>
          <technique_common>
            <accessor count="60" source="#ID283" stride="3">
              <param name="X" type="float"/>
              <param name="Y" type="float"/>
              <param name="Z" type="float"/>
            </accessor>
          </technique_common>
        </source>
        <source id="ID284">
          <float_array count="180" id="ID285">-0.325656 -0.300247 -0.896549 -0.325656 -0.300247 -0.896549 -0.325656 -0.300247 -0.896549 0.452379 -0.883801 0.119372 0.452379 -0.883801 0.119372 0.452379 -0.883801 0.119372 -0.325657 -0.300249 -0.896548 -0.325657 -0.300249 -0.896548 -0.325657 -0.300249 -0.896548 0.881848 0.395734 -0.256396 0.881848 0.395734 -0.256396 0.881848 0.395734 -0.256396 0.28902 -0.946323 0.144706 0.28902 -0.946323 0.144706 0.28902 -0.946323 0.144706 -0.86821 -0.37908 0.320171 -0.86821 -0.37908 0.320171 -0.86821 -0.37908 0.320171 -0.935849 -0.220637 0.274783 -0.935849 -0.220637 0.274783 -0.935849 -0.220637 0.274783 -0.283504 0.950083 -0.130258 -0.283504 0.950083 -0.130258 -0.283504 0.950083 -0.130258 -0.429371 0.901175 -0.0593608 -0.429371 0.901175 -0.0593608 -0.429371 0.901175 -0.0593608 -0.205563 0.976797 0.0600994 -0.205563 0.976797 0.0600994 -0.205563 0.976797 0.0600994 -0.953386 -0.249645 0.169509 -0.953386 -0.249645 0.169509 -0.953386 -0.249645 0.169509 -0.0625097 0.997855 0.0194376 -0.0625097 0.997855 0.0194376 -0.0625097 0.997855 0.0194376 0.939105 0.225023 -0.259703 0.939105 0.225023 -0.259703 0.939105 0.225023 -0.259703 0.958104 0.264498 -0.109899 0.958104 0.264498 -0.109899 0.958104 0.264498 -0.109899 0.987971 0.0661672 -0.139765 0.987971 0.0661672 -0.139765 0.987971 0.0661672 -0.139765 0.22734 -0.973771 -0.00931354 0.22734 -0.973771 -0.00931354 0.22734 -0.973771 -0.00931354 -0.986356 -0.0662835 0.150695 -0.986356 -0.0662835 0.150695 -0.986356 -0.0662835 0.150695 0.065379 -0.997837 -0.0068156 0.065379 -0.997837 -0.0068156 0.065379 -0.997837 -0.0068156 0.222855 -0.00569763 0.974835 0.222855 -0.00569763 0.974835 0.222855 -0.00569763 0.974835 0.222854 -0.00569659 0.974835 0.222854 -0.00569659 0.974835 0.222854 -0.00569659 0.974835</float_array>
          <technique_common>
            <accessor count="60" source="#ID285" stride="3">
              <param name="X" type="float"/>
              <param name="Y" type="float"/>
              <param name="Z" type="float"/>
            </accessor>
          </technique_common>
        </source>
        <vertices id="ID286">
          <input semantic="POSITION" source="#ID282"/>
          <input semantic="NORMAL" source="#ID284"/>
        </vertices>
        <triangles count="20" material="ID16">
          <input offset="0" semantic="VERTEX" source="#ID286"/>
          <p>0 1 2 3 4 5 6 7 8 9 10 11 12 13 14 15 16 17 18 19 20 21 22 23 24 25 26 27 28 29 30 31 32 33 34 35 36 37 38 39 40 41 42 43 44 45 46 47 48 49 50 51 52 53 54 55 56 57 58 59</p>
        </triangles>
      </mesh>
    </geometry>
    <geometry id="ID287">
      <mesh>
        <source id="ID288">
          <float_array count="108" id="ID289">0.143611 0.344656 1.73827 0.146334 0.339319 1.74079 0.150585 0.339719 1.73497 0.146334 0.339319 1.74079 0.143611 0.344656 1.73827 0.212799 0.405849 1.82336 0.147861 0.345056 1.73245 0.143611 0.344656 1.73827 0.150585 0.339719 1.73497 0.143611 0.344656 1.73827 0.217049 0.406249 1.81755 0.212799 0.405849 1.82336 0.143611 0.344656 1.73827 0.147861 0.345056 1.73245 0.217049 0.406249 1.81755 0.150585 0.339719 1.73497 0.146334 0.339319 1.74079 0.219773 0.400912 1.82007 0.215522 0.400512 1.82589 0.146334 0.339319 1.74079 0.212799 0.405849 1.82336 0.219773 0.400912 1.82007 0.146334 0.339319 1.74079 0.215522 0.400512 1.82589 0.147861 0.345056 1.73245 0.150585 0.339719 1.73497 0.217049 0.406249 1.81755 0.150585 0.339719 1.73497 0.219773 0.400912 1.82007 0.217049 0.406249 1.81755 0.219773 0.400912 1.82007 0.212799 0.405849 1.82336 0.217049 0.406249 1.81755 0.219773 0.400912 1.82007 0.215522 0.400512 1.82589 0.212799 0.405849 1.82336</float_array>
          <technique_common>
            <accessor count="36" source="#ID289" stride="3">
              <param name="X" type="float"/>
              <param name="Y" type="float"/>
              <param name="Z" type="float"/>
            </accessor>
          </technique_common>
        </source>
        <source id="ID290">
          <float_array count="108" id="ID291">0.644265 0.569829 0.510114 0.644265 0.569829 0.510114 0.644265 0.569829 0.510114 0.748584 0.0704455 -0.659287 0.748584 0.0704455 -0.659287 0.748584 0.0704455 -0.659287 0.644265 0.569829 0.510114 0.644265 0.569829 0.510114 0.644265 0.569829 0.510114 0.438722 -0.859725 0.261526 0.438722 -0.859725 0.261526 0.438722 -0.859725 0.261526 0.438716 -0.859726 0.261532 0.438716 -0.859726 0.261532 0.438716 -0.859726 0.261532 -0.438715 0.859727 -0.261532 -0.438715 0.859727 -0.261532 -0.438715 0.859727 -0.261532 0.748584 0.0704455 -0.659287 0.748584 0.0704455 -0.659287 0.748584 0.0704455 -0.659287 -0.438711 0.859727 -0.261536 -0.438711 0.859727 -0.261536 -0.438711 0.859727 -0.261536 -0.748583 -0.0704447 0.659288 -0.748583 -0.0704447 0.659288 -0.748583 -0.0704447 0.659288 -0.748584 -0.0704436 0.659287 -0.748584 -0.0704436 0.659287 -0.748584 -0.0704436 0.659287 -0.644282 -0.56982 -0.510104 -0.644282 -0.56982 -0.510104 -0.644282 -0.56982 -0.510104 -0.644283 -0.569828 -0.510093 -0.644283 -0.569828 -0.510093 -0.644283 -0.569828 -0.510093</float_array>
          <technique_common>
            <accessor count="36" source="#ID291" stride="3">
              <param name="X" type="float"/>
              <param name="Y" type="float"/>
              <param name="Z" type="float"/>
            </accessor>
          </technique_common>
        </source>
        <vertices id="ID292">
          <input semantic="POSITION" source="#ID288"/>
          <input semantic="NORMAL" source="#ID290"/>
        </vertices>
        <triangles count="12" material="ID16">
          <input offset="0" semantic="VERTEX" source="#ID292"/>
          <p>0 1 2 3 4 5 6 7 8 9 10 11 12 13 14 15 16 17 18 19 20 21 22 23 24 25 26 27 28 29 30 31 32 33 34 35</p>
        </triangles>
      </mesh>
    </geometry>
    <geometry id="ID293">
      <mesh>
        <source id="ID294">
          <float_array count="102" id="ID295">0.406244 -0.294567 1.43942 0.406491 -0.302968 1.44324 0.405027 -0.300262 1.43635 0.406244 -0.294567 1.43942 0.407708 -0.297274 1.44631 0.406491 -0.302968 1.44324 0.406244 -0.294567 1.43942 0.405027 -0.300262 1.43635 0.474786 -0.300162 1.41337 0.474786 -0.300162 1.41337 0.47625 -0.302868 1.42026 0.406244 -0.294567 1.43942 0.406244 -0.294567 1.43942 0.47625 -0.302868 1.42026 0.407708 -0.297274 1.44631 0.406491 -0.302968 1.44324 0.475033 -0.308563 1.41718 0.405027 -0.300262 1.43635 0.475033 -0.308563 1.41718 0.406491 -0.302968 1.44324 0.47625 -0.302868 1.42026 0.407708 -0.297274 1.44631 0.405027 -0.300262 1.43635 0.473569 -0.305856 1.4103 0.474786 -0.300162 1.41337 0.405027 -0.300262 1.43635 0.475033 -0.308563 1.41718 0.473569 -0.305856 1.4103 0.474786 -0.300162 1.41337 0.473569 -0.305856 1.4103 0.475033 -0.308563 1.41718 0.474786 -0.300162 1.41337 0.475033 -0.308563 1.41718 0.47625 -0.302868 1.42026</float_array>
          <technique_common>
            <accessor count="34" source="#ID295" stride="3">
              <param name="X" type="float"/>
              <param name="Y" type="float"/>
              <param name="Z" type="float"/>
            </accessor>
          </technique_common>
        </source>
        <source id="ID296">
          <float_array count="102" id="ID297">0.96831 -0.0790349 -0.236916 0.96831 -0.0790349 -0.236916 0.96831 -0.0790349 -0.236916 0.96831 -0.0790349 -0.236916 0.96831 -0.0790349 -0.236916 0.96831 -0.0790349 -0.236916 0.27131 -0.501499 0.821517 0.27131 -0.501499 0.821517 0.27131 -0.501499 0.821517 -0.197874 -0.925904 -0.321787 -0.197874 -0.925904 -0.321787 -0.197874 -0.925904 -0.321787 -0.197874 -0.925904 -0.321787 -0.197874 -0.925904 -0.321787 -0.197874 -0.925904 -0.321787 0.197874 0.925904 0.321787 0.197874 0.925904 0.321787 0.197874 0.925904 0.321787 -0.27131 0.501499 -0.821517 -0.27131 0.501499 -0.821517 -0.27131 0.501499 -0.821517 -0.27131 0.501499 -0.821517 0.27131 -0.501499 0.821517 0.27131 -0.501499 0.821517 0.27131 -0.501499 0.821517 0.197874 0.925904 0.321787 0.197874 0.925904 0.321787 0.197874 0.925904 0.321787 -0.96831 0.0790349 0.236916 -0.96831 0.0790349 0.236916 -0.96831 0.0790349 0.236916 -0.96831 0.0790349 0.236916 -0.96831 0.0790349 0.236916 -0.96831 0.0790349 0.236916</float_array>
          <technique_common>
            <accessor count="34" source="#ID297" stride="3">
              <param name="X" type="float"/>
              <param name="Y" type="float"/>
              <param name="Z" type="float"/>
            </accessor>
          </technique_common>
        </source>
        <vertices id="ID298">
          <input semantic="POSITION" source="#ID294"/>
          <input semantic="NORMAL" source="#ID296"/>
        </vertices>
        <triangles count="12" material="ID16">
          <input offset="0" semantic="VERTEX" source="#ID298"/>
          <p>0 1 2 3 4 5 6 7 8 9 10 11 12 13 14 15 16 17 18 19 20 19 21 20 22 23 24 25 26 27 28 29 30 31 32 33</p>
        </triangles>
      </mesh>
    </geometry>
    <geometry id="ID299">
      <mesh>
        <source id="ID300">
          <float_array count="180" id="ID301">0.197648 0.0601203 2.07663 0.200934 0.056076 2.06227 0.204476 0.0449693 2.06839 0.27535 0.0825643 2.07867 0.200934 0.056076 2.06227 0.197648 0.0601203 2.07663 0.197648 0.0601203 2.07663 0.204476 0.0449693 2.06839 0.20119 0.0490136 2.08275 0.272615 0.0867616 2.08796 0.27535 0.0825643 2.07867 0.197648 0.0601203 2.07663 0.197648 0.0601203 2.07663 0.20119 0.0490136 2.08275 0.272615 0.0867616 2.08796 0.277421 0.075297 2.08471 0.204476 0.0449693 2.06839 0.200934 0.056076 2.06227 0.277421 0.075297 2.08471 0.200934 0.056076 2.06227 0.27535 0.0825643 2.07867 0.274686 0.0794942 2.094 0.20119 0.0490136 2.08275 0.204476 0.0449693 2.06839 0.204476 0.0449693 2.06839 0.277421 0.075297 2.08471 0.274686 0.0794942 2.094 0.27535 0.0825643 2.07867 0.272615 0.0867616 2.08796 0.334312 0.0951964 2.11697 0.333641 0.0900779 2.12163 0.277421 0.075297 2.08471 0.27535 0.0825643 2.07867 0.333641 0.0900779 2.12163 0.27535 0.0825643 2.07867 0.334312 0.0951964 2.11697 0.272615 0.0867616 2.08796 0.20119 0.0490136 2.08275 0.274686 0.0794942 2.094 0.272615 0.0867616 2.08796 0.274686 0.0794942 2.094 0.331314 0.0987686 2.12238 0.334312 0.0951964 2.11697 0.272615 0.0867616 2.08796 0.331314 0.0987686 2.12238 0.274686 0.0794942 2.094 0.277421 0.075297 2.08471 0.330643 0.0936501 2.12705 0.330643 0.0936501 2.12705 0.277421 0.075297 2.08471 0.333641 0.0900779 2.12163 0.330643 0.0936501 2.12705 0.331314 0.0987686 2.12238 0.274686 0.0794942 2.094 0.331314 0.0987686 2.12238 0.333641 0.0900779 2.12163 0.334312 0.0951964 2.11697 0.331314 0.0987686 2.12238 0.330643 0.0936501 2.12705 0.333641 0.0900779 2.12163</float_array>
          <technique_common>
            <accessor count="60" source="#ID301" stride="3">
              <param name="X" type="float"/>
              <param name="Y" type="float"/>
              <param name="Z" type="float"/>
            </accessor>
          </technique_common>
        </source>
        <source id="ID302">
          <float_array count="180" id="ID303">-0.927348 -0.357173 -0.111595 -0.927348 -0.357173 -0.111595 -0.927348 -0.357173 -0.111595 -0.255675 0.913744 -0.315756 -0.255675 0.913744 -0.315756 -0.255675 0.913744 -0.315756 -0.927348 -0.357173 -0.111595 -0.927348 -0.357173 -0.111595 -0.927348 -0.357173 -0.111595 -0.235791 0.857686 -0.456921 -0.235791 0.857686 -0.456921 -0.235791 0.857686 -0.456921 -0.27307 0.39578 0.876807 -0.27307 0.39578 0.876807 -0.27307 0.39578 0.876807 0.345511 -0.365741 -0.864208 0.345511 -0.365741 -0.864208 0.345511 -0.365741 -0.864208 0.358865 -0.534509 -0.76519 0.358865 -0.534509 -0.76519 0.358865 -0.534509 -0.76519 0.319705 -0.890456 0.323848 0.319705 -0.890456 0.323848 0.319705 -0.890456 0.323848 0.251515 -0.852082 0.459018 0.251515 -0.852082 0.459018 0.251515 -0.852082 0.459018 0.0609455 0.916217 -0.396021 0.0609455 0.916217 -0.396021 0.0609455 0.916217 -0.396021 0.572534 -0.421869 -0.703015 0.572534 -0.421869 -0.703015 0.572534 -0.421869 -0.703015 0.518829 -0.611984 -0.596902 0.518829 -0.611984 -0.596902 0.518829 -0.611984 -0.596902 -0.34216 0.541527 0.767903 -0.34216 0.541527 0.767903 -0.34216 0.541527 0.767903 -0.517922 0.455143 0.724294 -0.517922 0.455143 0.724294 -0.517922 0.455143 0.724294 0.11792 0.857832 -0.500219 0.11792 0.857832 -0.500219 0.11792 0.857832 -0.500219 -0.0107576 -0.912433 0.409084 -0.0107576 -0.912433 0.409084 -0.0107576 -0.912433 0.409084 -0.106726 -0.85627 0.505383 -0.106726 -0.85627 0.505383 -0.106726 -0.85627 0.505383 -0.510544 0.614777 0.601161 -0.510544 0.614777 0.601161 -0.510544 0.614777 0.601161 0.907574 0.211557 0.362703 0.907574 0.211557 0.362703 0.907574 0.211557 0.362703 0.907575 0.211558 0.362698 0.907575 0.211558 0.362698 0.907575 0.211558 0.362698</float_array>
          <technique_common>
            <accessor count="60" source="#ID303" stride="3">
              <param name="X" type="float"/>
              <param name="Y" type="float"/>
              <param name="Z" type="float"/>
            </accessor>
          </technique_common>
        </source>
        <vertices id="ID304">
          <input semantic="POSITION" source="#ID300"/>
          <input semantic="NORMAL" source="#ID302"/>
        </vertices>
        <triangles count="20" material="ID16">
          <input offset="0" semantic="VERTEX" source="#ID304"/>
          <p>0 1 2 3 4 5 6 7 8 9 10 11 12 13 14 15 16 17 18 19 20 21 22 23 24 25 26 27 28 29 30 31 32 33 34 35 36 37 38 39 40 41 42 43 44 45 46 47 48 49 50 51 52 53 54 55 56 57 58 59</p>
        </triangles>
      </mesh>
    </geometry>
    <geometry id="ID305">
      <mesh>
        <source id="ID306">
          <float_array count="108" id="ID307">0.275589 -0.289158 1.54032 0.271179 -0.289591 1.54595 0.270462 -0.295741 1.54434 0.343169 -0.310486 1.62006 0.271179 -0.289591 1.54595 0.275589 -0.289158 1.54032 0.275589 -0.289158 1.54032 0.270462 -0.295741 1.54434 0.274871 -0.295307 1.53871 0.275589 -0.289158 1.54032 0.274871 -0.295307 1.53871 0.342451 -0.316635 1.61845 0.275589 -0.289158 1.54032 0.342451 -0.316635 1.61845 0.343169 -0.310486 1.62006 0.338042 -0.317069 1.62408 0.270462 -0.295741 1.54434 0.271179 -0.289591 1.54595 0.33876 -0.310919 1.62569 0.338042 -0.317069 1.62408 0.271179 -0.289591 1.54595 0.33876 -0.310919 1.62569 0.271179 -0.289591 1.54595 0.343169 -0.310486 1.62006 0.342451 -0.316635 1.61845 0.270462 -0.295741 1.54434 0.338042 -0.317069 1.62408 0.274871 -0.295307 1.53871 0.270462 -0.295741 1.54434 0.342451 -0.316635 1.61845 0.342451 -0.316635 1.61845 0.338042 -0.317069 1.62408 0.343169 -0.310486 1.62006 0.338042 -0.317069 1.62408 0.33876 -0.310919 1.62569 0.343169 -0.310486 1.62006</float_array>
          <technique_common>
            <accessor count="36" source="#ID307" stride="3">
              <param name="X" type="float"/>
              <param name="Y" type="float"/>
              <param name="Z" type="float"/>
            </accessor>
          </technique_common>
        </source>
        <source id="ID308">
          <float_array count="108" id="ID309">0.772307 -0.243741 0.586628 0.772307 -0.243741 0.586628 0.772307 -0.243741 0.586628 -0.114359 -0.979625 -0.165095 -0.114359 -0.979625 -0.165095 -0.114359 -0.979625 -0.165095 0.772304 -0.243736 0.586634 0.772304 -0.243736 0.586634 0.772304 -0.243736 0.586634 -0.770596 -0.0757133 0.632811 -0.770596 -0.0757133 0.632811 -0.770596 -0.0757133 0.632811 -0.770595 -0.0757098 0.632812 -0.770595 -0.0757098 0.632812 -0.770595 -0.0757098 0.632812 0.770596 0.0757104 -0.632811 0.770596 0.0757104 -0.632811 0.770596 0.0757104 -0.632811 0.770594 0.0756981 -0.632815 0.770594 0.0756981 -0.632815 0.770594 0.0756981 -0.632815 -0.114357 -0.979625 -0.165097 -0.114357 -0.979625 -0.165097 -0.114357 -0.979625 -0.165097 0.114359 0.979625 0.165096 0.114359 0.979625 0.165096 0.114359 0.979625 0.165096 0.114365 0.979625 0.16509 0.114365 0.979625 0.16509 0.114365 0.979625 0.16509 -0.772307 0.243739 -0.586629 -0.772307 0.243739 -0.586629 -0.772307 0.243739 -0.586629 -0.772302 0.243729 -0.586639 -0.772302 0.243729 -0.586639 -0.772302 0.243729 -0.586639</float_array>
          <technique_common>
            <accessor count="36" source="#ID309" stride="3">
              <param name="X" type="float"/>
              <param name="Y" type="float"/>
              <param name="Z" type="float"/>
            </accessor>
          </technique_common>
        </source>
        <vertices id="ID310">
          <input semantic="POSITION" source="#ID306"/>
          <input semantic="NORMAL" source="#ID308"/>
        </vertices>
        <triangles count="12" material="ID16">
          <input offset="0" semantic="VERTEX" source="#ID310"/>
          <p>0 1 2 3 4 5 6 7 8 9 10 11 12 13 14 15 16 17 18 19 20 21 22 23 24 25 26 27 28 29 30 31 32 33 34 35</p>
        </triangles>
      </mesh>
    </geometry>
    <geometry id="ID311">
      <mesh>
        <source id="ID312">
          <float_array count="252" id="ID313">0.0726175 -0.0563697 2.37698 0.0629722 -0.0471745 2.37891 0.0638028 -0.0564201 2.38135 0.0726175 -0.0563697 2.37698 0.071787 -0.0471241 2.37454 0.0629722 -0.0471745 2.37891 0.0726175 -0.0563697 2.37698 0.0638028 -0.0564201 2.38135 0.100636 -0.0319899 2.49716 0.108226 -0.0333278 2.49382 0.071787 -0.0471241 2.37454 0.0726175 -0.0563697 2.37698 0.108226 -0.0333278 2.49382 0.0726175 -0.0563697 2.37698 0.100636 -0.0319899 2.49716 0.0638028 -0.0564201 2.38135 0.0629722 -0.0471745 2.37891 0.101249 -0.024152 2.49444 0.0629722 -0.0471745 2.37891 0.108839 -0.02549 2.4911 0.101249 -0.024152 2.49444 0.0629722 -0.0471745 2.37891 0.071787 -0.0471241 2.37454 0.108839 -0.02549 2.4911 0.100636 -0.0319899 2.49716 0.0638028 -0.0564201 2.38135 0.101249 -0.024152 2.49444 0.101249 -0.024152 2.49444 0.108839 -0.02549 2.4911 0.159876 -0.0433862 2.54926 0.155824 -0.0411001 2.5558 0.100636 -0.0319899 2.49716 0.101249 -0.024152 2.49444 0.101249 -0.024152 2.49444 0.159876 -0.0433862 2.54926 0.155824 -0.0411001 2.5558 0.071787 -0.0471241 2.37454 0.108226 -0.0333278 2.49382 0.108839 -0.02549 2.4911 0.108839 -0.02549 2.4911 0.108226 -0.0333278 2.49382 0.157159 -0.0498164 2.55013 0.159876 -0.0433862 2.54926 0.108839 -0.02549 2.4911 0.157159 -0.0498164 2.55013 0.108226 -0.0333278 2.49382 0.100636 -0.0319899 2.49716 0.153107 -0.0475302 2.55668 0.153107 -0.0475302 2.55668 0.100636 -0.0319899 2.49716 0.155824 -0.0411001 2.5558 0.157159 -0.0498164 2.55013 0.108226 -0.0333278 2.49382 0.153107 -0.0475302 2.55668 0.153107 -0.0475302 2.55668 0.155824 -0.0411001 2.5558 0.184884 -0.0334214 2.62371 0.18966 -0.03648 2.62115 0.155824 -0.0411001 2.5558 0.159876 -0.0433862 2.54926 0.184884 -0.0334214 2.62371 0.155824 -0.0411001 2.5558 0.18966 -0.03648 2.62115 0.182446 -0.0385694 2.6262 0.157159 -0.0498164 2.55013 0.153107 -0.0475302 2.55668 0.184884 -0.0334214 2.62371 0.182446 -0.0385694 2.6262 0.153107 -0.0475302 2.55668 0.187222 -0.041628 2.62363 0.159876 -0.0433862 2.54926 0.157159 -0.0498164 2.55013 0.18966 -0.03648 2.62115 0.159876 -0.0433862 2.54926 0.187222 -0.041628 2.62363 0.182446 -0.0385694 2.6262 0.187222 -0.041628 2.62363 0.157159 -0.0498164 2.55013 0.182446 -0.0385694 2.6262 0.184884 -0.0334214 2.62371 0.187222 -0.041628 2.62363 0.187222 -0.041628 2.62363 0.184884 -0.0334214 2.62371 0.18966 -0.03648 2.62115</float_array>
          <technique_common>
            <accessor count="84" source="#ID313" stride="3">
              <param name="X" type="float"/>
              <param name="Y" type="float"/>
              <param name="Z" type="float"/>
            </accessor>
          </technique_common>
        </source>
        <source id="ID314">
          <float_array count="252" id="ID315">0.426901 0.266152 0.864245 0.426901 0.266152 0.864245 0.426901 0.266152 0.864245 0.426884 0.266132 0.864259 0.426884 0.266132 0.864259 0.426884 0.266132 0.864259 -0.0933448 0.979775 -0.176997 -0.0933448 0.979775 -0.176997 -0.0933448 0.979775 -0.176997 -0.956053 -0.0086402 0.293068 -0.956053 -0.0086402 0.293068 -0.956053 -0.0086402 0.293068 0.0769038 0.97349 -0.215415 0.0769038 0.97349 -0.215415 0.0769038 0.97349 -0.215415 0.949119 0.0022524 -0.31491 0.949119 0.0022524 -0.31491 0.949119 0.0022524 -0.31491 -0.075303 -0.972856 0.218819 -0.075303 -0.972856 0.218819 -0.075303 -0.972856 0.218819 0.0830866 -0.984215 0.156261 0.0830866 -0.984215 0.156261 0.0830866 -0.984215 0.156261 0.949242 -0.166688 -0.266747 0.949242 -0.166688 -0.266747 0.949242 -0.166688 -0.266747 -0.218103 -0.970031 -0.107099 -0.218103 -0.970031 -0.107099 -0.218103 -0.970031 -0.107099 0.674585 -0.288291 -0.679575 0.674585 -0.288291 -0.679575 0.674585 -0.288291 -0.679575 -0.381629 -0.92038 0.0852099 -0.381629 -0.92038 0.0852099 -0.381629 -0.92038 0.0852099 -0.948063 0.167802 0.270219 -0.948063 0.167802 0.270219 -0.948063 0.167802 0.270219 -0.679873 0.287058 0.674812 -0.679873 0.287058 0.674812 -0.679873 0.287058 0.674812 -0.642005 0.363223 0.675203 -0.642005 0.363223 0.675203 -0.642005 0.363223 0.675203 0.204739 0.97599 0.0743323 0.204739 0.97599 0.0743323 0.204739 0.97599 0.0743323 0.648997 -0.365148 -0.667435 0.648997 -0.365148 -0.667435 0.648997 -0.365148 -0.667435 0.395065 0.915569 -0.0752088 0.395065 0.915569 -0.0752088 0.395065 0.915569 -0.0752088 0.856091 -0.405453 -0.320494 0.856091 -0.405453 -0.320494 0.856091 -0.405453 -0.320494 -0.233715 -0.953864 0.188469 -0.233715 -0.953864 0.188469 -0.233715 -0.953864 0.188469 -0.409962 -0.870035 0.273807 -0.409962 -0.870035 0.273807 -0.409962 -0.870035 0.273807 0.202499 0.956764 -0.208797 0.202499 0.956764 -0.208797 0.202499 0.956764 -0.208797 0.810627 -0.51669 -0.275529 0.810627 -0.51669 -0.275529 0.810627 -0.51669 -0.275529 -0.860937 0.405648 0.306981 -0.860937 0.405648 0.306981 -0.860937 0.405648 0.306981 -0.806266 0.518811 0.284202 -0.806266 0.518811 0.284202 -0.806266 0.518811 0.284202 0.414149 0.870356 -0.266386 0.414149 0.870356 -0.266386 0.414149 0.870356 -0.266386 -0.538974 -0.144653 -0.829809 -0.538974 -0.144653 -0.829809 -0.538974 -0.144653 -0.829809 -0.538975 -0.144654 -0.829808 -0.538975 -0.144654 -0.829808 -0.538975 -0.144654 -0.829808</float_array>
          <technique_common>
            <accessor count="84" source="#ID315" stride="3">
              <param name="X" type="float"/>
              <param name="Y" type="float"/>
              <param name="Z" type="float"/>
            </accessor>
          </technique_common>
        </source>
        <vertices id="ID316">
          <input semantic="POSITION" source="#ID312"/>
          <input semantic="NORMAL" source="#ID314"/>
        </vertices>
        <triangles count="28" material="ID16">
          <input offset="0" semantic="VERTEX" source="#ID316"/>
          <p>0 1 2 3 4 5 6 7 8 9 10 11 12 13 14 15 16 17 18 19 20 21 22 23 24 25 26 27 28 29 30 31 32 33 34 35 36 37 38 39 40 41 42 43 44 45 46 47 48 49 50 51 52 53 54 55 56 57 58 59 60 61 62 63 64 65 66 67 68 69 70 71 72 73 74 75 76 77 78 79 80 81 82 83</p>
        </triangles>
      </mesh>
    </geometry>
    <geometry id="ID317">
      <mesh>
        <source id="ID318">
          <float_array count="252" id="ID319">0.0944562 0.0502261 2.42529 0.0862048 0.0531866 2.42981 0.0827759 0.0443618 2.42907 0.128474 0.0290475 2.54341 0.0862048 0.0531866 2.42981 0.0944562 0.0502261 2.42529 0.0944562 0.0502261 2.42529 0.0827759 0.0443618 2.42907 0.0910273 0.0414013 2.42455 0.0910273 0.0414013 2.42455 0.124338 0.0220155 2.54345 0.0944562 0.0502261 2.42529 0.124338 0.0220155 2.54345 0.128474 0.0290475 2.54341 0.0944562 0.0502261 2.42529 0.0862048 0.0531866 2.42981 0.121998 0.0328727 2.54735 0.0827759 0.0443618 2.42907 0.0862048 0.0531866 2.42981 0.128474 0.0290475 2.54341 0.121998 0.0328727 2.54735 0.0827759 0.0443618 2.42907 0.121998 0.0328727 2.54735 0.117861 0.0258408 2.54739 0.117861 0.0258408 2.54739 0.0910273 0.0414013 2.42455 0.0827759 0.0443618 2.42907 0.117861 0.0258408 2.54739 0.121998 0.0328727 2.54735 0.126181 0.0588452 2.62633 0.131872 0.0549364 2.62789 0.121998 0.0328727 2.54735 0.128474 0.0290475 2.54341 0.131872 0.0549364 2.62789 0.126181 0.0588452 2.62633 0.121998 0.0328727 2.54735 0.117861 0.0258408 2.54739 0.124338 0.0220155 2.54345 0.0910273 0.0414013 2.42455 0.122095 0.0536386 2.62923 0.124338 0.0220155 2.54345 0.117861 0.0258408 2.54739 0.126181 0.0588452 2.62633 0.122095 0.0536386 2.62923 0.117861 0.0258408 2.54739 0.127786 0.0497298 2.63079 0.128474 0.0290475 2.54341 0.124338 0.0220155 2.54345 0.128474 0.0290475 2.54341 0.127786 0.0497298 2.63079 0.131872 0.0549364 2.62789 0.127786 0.0497298 2.63079 0.124338 0.0220155 2.54345 0.122095 0.0536386 2.62923 0.145442 0.0543619 2.70571 0.122095 0.0536386 2.62923 0.126181 0.0588452 2.62633 0.126181 0.0588452 2.62633 0.131872 0.0549364 2.62789 0.149156 0.0498162 2.70397 0.149156 0.0498162 2.70397 0.145442 0.0543619 2.70571 0.126181 0.0588452 2.62633 0.127786 0.0497298 2.63079 0.122095 0.0536386 2.62923 0.140998 0.0504134 2.70701 0.140998 0.0504134 2.70701 0.122095 0.0536386 2.62923 0.145442 0.0543619 2.70571 0.131872 0.0549364 2.62789 0.127786 0.0497298 2.63079 0.144712 0.0458676 2.70527 0.144712 0.0458676 2.70527 0.149156 0.0498162 2.70397 0.131872 0.0549364 2.62789 0.140998 0.0504134 2.70701 0.144712 0.0458676 2.70527 0.127786 0.0497298 2.63079 0.145442 0.0543619 2.70571 0.144712 0.0458676 2.70527 0.140998 0.0504134 2.70701 0.149156 0.0498162 2.70397 0.144712 0.0458676 2.70527 0.145442 0.0543619 2.70571</float_array>
          <technique_common>
            <accessor count="84" source="#ID319" stride="3">
              <param name="X" type="float"/>
              <param name="Y" type="float"/>
              <param name="Z" type="float"/>
            </accessor>
          </technique_common>
        </source>
        <source id="ID320">
          <float_array count="252" id="ID321">0.40222 -0.231083 0.8859 0.40222 -0.231083 0.8859 0.40222 -0.231083 0.8859 -0.366475 -0.928431 -0.0609244 -0.366475 -0.928431 -0.0609244 -0.366475 -0.928431 -0.0609244 0.40221 -0.231055 0.885912 0.40221 -0.231055 0.885912 0.40221 -0.231055 0.885912 -0.89645 0.322679 0.303735 -0.89645 0.322679 0.303735 -0.89645 0.322679 0.303735 -0.815399 0.481627 0.321187 -0.815399 0.481627 0.321187 -0.815399 0.481627 0.321187 0.890134 -0.318331 -0.32608 0.890134 -0.318331 -0.32608 0.890134 -0.318331 -0.32608 -0.506249 -0.862372 0.00512055 -0.506249 -0.862372 0.00512055 -0.506249 -0.862372 0.00512055 0.816459 -0.482228 -0.31757 0.816459 -0.482228 -0.31757 0.816459 -0.482228 -0.31757 0.356894 0.933277 0.040257 0.356894 0.933277 0.040257 0.356894 0.933277 0.040257 0.856039 -0.50279 0.119996 0.856039 -0.50279 0.119996 0.856039 -0.50279 0.119996 -0.351627 -0.890993 0.287211 -0.351627 -0.890993 0.287211 -0.351627 -0.890993 0.287211 -0.594262 -0.754153 0.279473 -0.594262 -0.754153 0.279473 -0.594262 -0.754153 0.279473 0.507758 0.861498 -0.00178931 0.507758 0.861498 -0.00178931 0.507758 0.861498 -0.00178931 0.330781 0.888227 -0.318806 0.330781 0.888227 -0.318806 0.330781 0.888227 -0.318806 0.81633 -0.558448 0.147452 0.81633 -0.558448 0.147452 0.81633 -0.558448 0.147452 -0.855451 0.502409 -0.125652 -0.855451 0.502409 -0.125652 -0.855451 0.502409 -0.125652 -0.815256 0.562058 -0.139455 -0.815256 0.562058 -0.139455 -0.815256 0.562058 -0.139455 0.594013 0.759713 -0.264546 0.594013 0.759713 -0.264546 0.594013 0.759713 -0.264546 0.70886 -0.673357 -0.210019 0.70886 -0.673357 -0.210019 0.70886 -0.673357 -0.210019 -0.578617 -0.811976 0.0767916 -0.578617 -0.811976 0.0767916 -0.578617 -0.811976 0.0767916 -0.739159 -0.658358 0.14216 -0.739159 -0.658358 0.14216 -0.739159 -0.658358 0.14216 0.582721 0.805432 -0.108235 0.582721 0.805432 -0.108235 0.582721 0.805432 -0.108235 0.62282 -0.760679 -0.182928 0.62282 -0.760679 -0.182928 0.62282 -0.760679 -0.182928 -0.714823 0.670911 0.197244 -0.714823 0.670911 0.197244 -0.714823 0.670911 0.197244 -0.620134 0.760626 0.192046 -0.620134 0.760626 0.192046 -0.620134 0.760626 0.192046 0.741522 0.657323 -0.134434 0.741522 0.657323 -0.134434 0.741522 0.657323 -0.134434 -0.342102 0.0788893 -0.936346 -0.342102 0.0788893 -0.936346 -0.342102 0.0788893 -0.936346 -0.342103 0.0788894 -0.936345 -0.342103 0.0788894 -0.936345 -0.342103 0.0788894 -0.936345</float_array>
          <technique_common>
            <accessor count="84" source="#ID321" stride="3">
              <param name="X" type="float"/>
              <param name="Y" type="float"/>
              <param name="Z" type="float"/>
            </accessor>
          </technique_common>
        </source>
        <vertices id="ID322">
          <input semantic="POSITION" source="#ID318"/>
          <input semantic="NORMAL" source="#ID320"/>
        </vertices>
        <triangles count="28" material="ID16">
          <input offset="0" semantic="VERTEX" source="#ID322"/>
          <p>0 1 2 3 4 5 6 7 8 9 10 11 12 13 14 15 16 17 18 19 20 21 22 23 24 25 26 27 28 29 30 31 32 33 34 35 36 37 38 39 40 41 42 43 44 45 46 47 48 49 50 51 52 53 54 55 56 57 58 59 60 61 62 63 64 65 66 67 68 69 70 71 72 73 74 75 76 77 78 79 80 81 82 83</p>
        </triangles>
      </mesh>
    </geometry>
    <geometry id="ID323">
      <mesh>
        <source id="ID324">
          <float_array count="252" id="ID325">-0.0708955 0.132831 2.2521 -0.0780383 0.136202 2.23978 -0.0613488 0.130098 2.24233 -0.045585 0.220955 2.24756 -0.0780383 0.136202 2.23978 -0.0708955 0.132831 2.2521 -0.0708955 0.132831 2.2521 -0.0613488 0.130098 2.24233 -0.0413913 0.218736 2.25834 -0.0708955 0.132831 2.2521 -0.0413913 0.218736 2.25834 -0.045585 0.220955 2.24756 -0.0613488 0.130098 2.24233 -0.0780383 0.136202 2.23978 -0.0684916 0.133469 2.23002 -0.0372842 0.2184 2.24172 -0.0780383 0.136202 2.23978 -0.045585 0.220955 2.24756 -0.0372842 0.2184 2.24172 -0.0684916 0.133469 2.23002 -0.0780383 0.136202 2.23978 -0.0613488 0.130098 2.24233 -0.0684916 0.133469 2.23002 -0.0330905 0.21618 2.2525 -0.0330905 0.21618 2.2525 -0.0413913 0.218736 2.25834 -0.0613488 0.130098 2.24233 -0.0372842 0.2184 2.24172 -0.045585 0.220955 2.24756 -0.0247886 0.275685 2.33481 -0.045585 0.220955 2.24756 -0.0413913 0.218736 2.25834 -0.0323952 0.275716 2.33626 -0.0247886 0.275685 2.33481 -0.045585 0.220955 2.24756 -0.0323952 0.275716 2.33626 -0.0330905 0.21618 2.2525 -0.0684916 0.133469 2.23002 -0.0372842 0.2184 2.24172 -0.0330905 0.21618 2.2525 -0.0372842 0.2184 2.24172 -0.0241119 0.269539 2.34052 -0.0241119 0.269539 2.34052 -0.0372842 0.2184 2.24172 -0.0247886 0.275685 2.33481 -0.0413913 0.218736 2.25834 -0.0330905 0.21618 2.2525 -0.0317184 0.26957 2.34197 -0.0323952 0.275716 2.33626 -0.0413913 0.218736 2.25834 -0.0317184 0.26957 2.34197 -0.0330905 0.21618 2.2525 -0.0241119 0.269539 2.34052 -0.0317184 0.26957 2.34197 0.000264038 0.354088 2.37448 -0.0247886 0.275685 2.33481 -0.0323952 0.275716 2.33626 -0.0323952 0.275716 2.33626 -0.0317184 0.26957 2.34197 -0.00549107 0.355604 2.37545 -0.0323952 0.275716 2.33626 -0.00549107 0.355604 2.37545 0.000264038 0.354088 2.37448 0.000423599 0.351834 2.38141 -0.0241119 0.269539 2.34052 -0.0247886 0.275685 2.33481 0.000423599 0.351834 2.38141 -0.0247886 0.275685 2.33481 0.000264038 0.354088 2.37448 -0.0317184 0.26957 2.34197 -0.0241119 0.269539 2.34052 -0.00533151 0.35335 2.38238 -0.0317184 0.26957 2.34197 -0.00533151 0.35335 2.38238 -0.00549107 0.355604 2.37545 0.000423599 0.351834 2.38141 -0.00533151 0.35335 2.38238 -0.0241119 0.269539 2.34052 0.000264038 0.354088 2.37448 -0.00549107 0.355604 2.37545 0.000423599 0.351834 2.38141 0.000423599 0.351834 2.38141 -0.00549107 0.355604 2.37545 -0.00533151 0.35335 2.38238</float_array>
          <technique_common>
            <accessor count="84" source="#ID325" stride="3">
              <param name="X" type="float"/>
              <param name="Y" type="float"/>
              <param name="Z" type="float"/>
            </accessor>
          </technique_common>
        </source>
        <source id="ID326">
          <float_array count="252" id="ID327">-0.334187 -0.94036 -0.0635864 -0.334187 -0.94036 -0.0635864 -0.334187 -0.94036 -0.0635864 -0.803253 0.258356 0.536691 -0.803253 0.258356 0.536691 -0.803253 0.258356 0.536691 0.648164 -0.274222 0.710413 0.648164 -0.274222 0.710413 0.648164 -0.274222 0.710413 -0.876527 0.272204 0.396994 -0.876527 0.272204 0.396994 -0.876527 0.272204 0.396994 -0.334186 -0.940359 -0.0635916 -0.334186 -0.940359 -0.0635916 -0.334186 -0.940359 -0.0635916 -0.497938 0.266358 -0.825294 -0.497938 0.266358 -0.825294 -0.497938 0.266358 -0.825294 -0.627979 0.328011 -0.705728 -0.627979 0.328011 -0.705728 -0.627979 0.328011 -0.705728 0.820761 -0.206488 -0.532648 0.820761 -0.206488 -0.532648 0.820761 -0.206488 -0.532648 0.499709 -0.261621 0.825739 0.499709 -0.261621 0.825739 0.499709 -0.261621 0.825739 -0.0971558 0.853388 -0.512143 -0.0971558 0.853388 -0.512143 -0.0971558 0.853388 -0.512143 -0.915399 -0.267206 0.301073 -0.915399 -0.267206 0.301073 -0.915399 -0.267206 0.301073 -0.0944297 0.853326 -0.512754 -0.0944297 0.853326 -0.512754 -0.0944297 0.853326 -0.512754 0.877981 -0.267942 -0.396682 0.877981 -0.267942 -0.396682 0.877981 -0.267942 -0.396682 0.903553 0.319285 -0.285744 0.903553 0.319285 -0.285744 0.903553 0.319285 -0.285744 0.9918 -0.00921129 -0.12747 0.9918 -0.00921129 -0.12747 0.9918 -0.00921129 -0.12747 0.094356 -0.855523 0.509094 0.094356 -0.855523 0.509094 0.094356 -0.855523 0.509094 -0.993259 -0.00169106 0.115907 -0.993259 -0.00169106 0.115907 -0.993259 -0.00169106 0.115907 0.0937287 -0.85557 0.509132 0.0937287 -0.85557 0.509132 0.0937287 -0.85557 0.509132 -0.161993 0.486245 -0.858676 -0.161993 0.486245 -0.858676 -0.161993 0.486245 -0.858676 -0.939744 0.171352 0.295837 -0.939744 0.171352 0.295837 -0.939744 0.171352 0.295837 -0.0324574 0.448979 -0.892952 -0.0324574 0.448979 -0.892952 -0.0324574 0.448979 -0.892952 0.950756 -0.148195 -0.272214 0.950756 -0.148195 -0.272214 0.950756 -0.148195 -0.272214 0.961458 -0.254199 -0.10479 0.961458 -0.254199 -0.10479 0.961458 -0.254199 -0.10479 0.163722 -0.469945 0.867379 0.163722 -0.469945 0.867379 0.163722 -0.469945 0.867379 -0.96192 0.25265 0.104297 -0.96192 0.25265 0.104297 -0.96192 0.25265 0.104297 0.0313691 -0.452254 0.891337 0.0313691 -0.452254 0.891337 0.0313691 -0.452254 0.891337 0.289337 0.912251 0.289968 0.289337 0.912251 0.289968 0.289337 0.912251 0.289968 0.289331 0.912251 0.289974 0.289331 0.912251 0.289974 0.289331 0.912251 0.289974</float_array>
          <technique_common>
            <accessor count="84" source="#ID327" stride="3">
              <param name="X" type="float"/>
              <param name="Y" type="float"/>
              <param name="Z" type="float"/>
            </accessor>
          </technique_common>
        </source>
        <vertices id="ID328">
          <input semantic="POSITION" source="#ID324"/>
          <input semantic="NORMAL" source="#ID326"/>
        </vertices>
        <triangles count="28" material="ID16">
          <input offset="0" semantic="VERTEX" source="#ID328"/>
          <p>0 1 2 3 4 5 6 7 8 9 10 11 12 13 14 15 16 17 18 19 20 21 22 23 24 25 26 27 28 29 30 31 32 33 34 35 36 37 38 39 40 41 42 43 44 45 46 47 48 49 50 51 52 53 54 55 56 57 58 59 60 61 62 63 64 65 66 67 68 69 70 71 72 73 74 75 76 77 78 79 80 81 82 83</p>
        </triangles>
      </mesh>
    </geometry>
    <geometry id="ID329">
      <mesh>
        <source id="ID330">
          <float_array count="108" id="ID331">-0.186701 0.255731 2.45407 -0.188769 0.249892 2.45565 -0.182303 0.255157 2.45969 -0.186701 0.255731 2.45407 -0.111677 0.204923 2.35481 -0.188769 0.249892 2.45565 -0.182303 0.255157 2.45969 -0.105211 0.210188 2.35884 -0.186701 0.255731 2.45407 -0.186701 0.255731 2.45407 -0.109608 0.210762 2.35322 -0.111677 0.204923 2.35481 -0.186701 0.255731 2.45407 -0.105211 0.210188 2.35884 -0.109608 0.210762 2.35322 -0.182303 0.255157 2.45969 -0.188769 0.249892 2.45565 -0.184372 0.249318 2.46127 -0.111677 0.204923 2.35481 -0.10728 0.204349 2.36043 -0.188769 0.249892 2.45565 -0.188769 0.249892 2.45565 -0.10728 0.204349 2.36043 -0.184372 0.249318 2.46127 -0.184372 0.249318 2.46127 -0.10728 0.204349 2.36043 -0.182303 0.255157 2.45969 -0.10728 0.204349 2.36043 -0.105211 0.210188 2.35884 -0.182303 0.255157 2.45969 -0.105211 0.210188 2.35884 -0.10728 0.204349 2.36043 -0.111677 0.204923 2.35481 -0.109608 0.210762 2.35322 -0.105211 0.210188 2.35884 -0.111677 0.204923 2.35481</float_array>
          <technique_common>
            <accessor count="36" source="#ID331" stride="3">
              <param name="X" type="float"/>
              <param name="Y" type="float"/>
              <param name="Z" type="float"/>
            </accessor>
          </technique_common>
        </source>
        <source id="ID332">
          <float_array count="108" id="ID333">-0.698538 0.407452 0.588241 -0.698538 0.407452 0.588241 -0.698538 0.407452 0.588241 -0.768342 0.100363 -0.632122 -0.768342 0.100363 -0.632122 -0.768342 0.100363 -0.632122 0.329525 0.930005 -0.162801 0.329525 0.930005 -0.162801 0.329525 0.930005 -0.162801 -0.76835 0.100339 -0.632116 -0.76835 0.100339 -0.632116 -0.76835 0.100339 -0.632116 0.329529 0.930004 -0.162797 0.329529 0.930004 -0.162797 0.329529 0.930004 -0.162797 -0.698544 0.40748 0.588214 -0.698544 0.40748 0.588214 -0.698544 0.40748 0.588214 -0.329529 -0.930004 0.162797 -0.329529 -0.930004 0.162797 -0.329529 -0.930004 0.162797 -0.329518 -0.930006 0.162808 -0.329518 -0.930006 0.162808 -0.329518 -0.930006 0.162808 0.768348 -0.100342 0.632118 0.768348 -0.100342 0.632118 0.768348 -0.100342 0.632118 0.768349 -0.10034 0.632117 0.768349 -0.10034 0.632117 0.768349 -0.10034 0.632117 0.698543 -0.407472 -0.588221 0.698543 -0.407472 -0.588221 0.698543 -0.407472 -0.588221 0.698543 -0.407471 -0.588222 0.698543 -0.407471 -0.588222 0.698543 -0.407471 -0.588222</float_array>
          <technique_common>
            <accessor count="36" source="#ID333" stride="3">
              <param name="X" type="float"/>
              <param name="Y" type="float"/>
              <param name="Z" type="float"/>
            </accessor>
          </technique_common>
        </source>
        <vertices id="ID334">
          <input semantic="POSITION" source="#ID330"/>
          <input semantic="NORMAL" source="#ID332"/>
        </vertices>
        <triangles count="12" material="ID16">
          <input offset="0" semantic="VERTEX" source="#ID334"/>
          <p>0 1 2 3 4 5 6 7 8 9 10 11 12 13 14 15 16 17 18 19 20 21 22 23 24 25 26 27 28 29 30 31 32 33 34 35</p>
        </triangles>
      </mesh>
    </geometry>
    <geometry id="ID335">
      <mesh>
        <source id="ID336">
          <float_array count="108" id="ID337">0.126444 0.0304692 2.54497 0.11989 0.0244229 2.54584 0.12057 0.0304912 2.54789 0.126444 0.0304692 2.54497 0.125764 0.0244008 2.54292 0.11989 0.0244229 2.54584 0.152284 0.00995823 2.62591 0.126444 0.0304692 2.54497 0.12057 0.0304912 2.54789 0.151604 0.00388987 2.62386 0.125764 0.0244008 2.54292 0.126444 0.0304692 2.54497 0.152284 0.00995823 2.62591 0.151604 0.00388987 2.62386 0.126444 0.0304692 2.54497 0.12057 0.0304912 2.54789 0.11989 0.0244229 2.54584 0.14573 0.00391196 2.62678 0.14573 0.00391196 2.62678 0.11989 0.0244229 2.54584 0.151604 0.00388987 2.62386 0.151604 0.00388987 2.62386 0.11989 0.0244229 2.54584 0.125764 0.0244008 2.54292 0.12057 0.0304912 2.54789 0.14573 0.00391196 2.62678 0.14641 0.00998032 2.62883 0.14641 0.00998032 2.62883 0.152284 0.00995823 2.62591 0.12057 0.0304912 2.54789 0.14573 0.00391196 2.62678 0.151604 0.00388987 2.62386 0.152284 0.00995823 2.62591 0.14641 0.00998032 2.62883 0.14573 0.00391196 2.62678 0.152284 0.00995823 2.62591</float_array>
          <technique_common>
            <accessor count="36" source="#ID337" stride="3">
              <param name="X" type="float"/>
              <param name="Y" type="float"/>
              <param name="Z" type="float"/>
            </accessor>
          </technique_common>
        </source>
        <source id="ID338">
          <float_array count="108" id="ID339">-0.418965 0.332593 -0.844896 -0.418965 0.332593 -0.844896 -0.418965 0.332593 -0.844896 -0.418965 0.332593 -0.844896 -0.418965 0.332593 -0.844896 -0.418965 0.332593 -0.844896 0.108794 0.971326 0.211398 0.108794 0.971326 0.211398 0.108794 0.971326 0.211398 0.952368 -0.00357338 -0.30493 0.952368 -0.00357338 -0.30493 0.952368 -0.00357338 -0.30493 0.952368 -0.00357338 -0.30493 0.952368 -0.00357338 -0.30493 0.952368 -0.00357338 -0.30493 -0.952368 0.00357361 0.304929 -0.952368 0.00357361 0.304929 -0.952368 0.00357361 0.304929 -0.108802 -0.971326 -0.211395 -0.108802 -0.971326 -0.211395 -0.108802 -0.971326 -0.211395 -0.108794 -0.971326 -0.211398 -0.108794 -0.971326 -0.211398 -0.108794 -0.971326 -0.211398 -0.952368 0.00357361 0.304929 -0.952368 0.00357361 0.304929 -0.952368 0.00357361 0.304929 0.108802 0.971326 0.211395 0.108802 0.971326 0.211395 0.108802 0.971326 0.211395 0.418994 -0.332592 0.844883 0.418994 -0.332592 0.844883 0.418994 -0.332592 0.844883 0.418994 -0.332592 0.844883 0.418994 -0.332592 0.844883 0.418994 -0.332592 0.844883</float_array>
          <technique_common>
            <accessor count="36" source="#ID339" stride="3">
              <param name="X" type="float"/>
              <param name="Y" type="float"/>
              <param name="Z" type="float"/>
            </accessor>
          </technique_common>
        </source>
        <vertices id="ID340">
          <input semantic="POSITION" source="#ID336"/>
          <input semantic="NORMAL" source="#ID338"/>
        </vertices>
        <triangles count="12" material="ID16">
          <input offset="0" semantic="VERTEX" source="#ID340"/>
          <p>0 1 2 3 4 5 6 7 8 9 10 11 12 13 14 15 16 17 18 19 20 21 22 23 24 25 26 27 28 29 30 31 32 33 34 35</p>
        </triangles>
      </mesh>
    </geometry>
  </library_geometries>

  <library_visual_scenes>
    <visual_scene id="ID1">
      <node id="ID2" name="Realistic Tree">
        <instance_geometry url="#ID3">
          <bind_material>
            <technique_common>
              <instance_material symbol="ID9" target="#ID9"/>
            </technique_common>
          </bind_material>
        </instance_geometry>
        <instance_geometry url="#ID10">
          <bind_material>
            <technique_common>
              <instance_material symbol="ID16" target="#ID16"/>
            </technique_common>
          </bind_material>
        </instance_geometry>
        <instance_geometry url="#ID17">
          <bind_material>
            <technique_common>
              <instance_material symbol="ID16" target="#ID16"/>
            </technique_common>
          </bind_material>
        </instance_geometry>
        <instance_geometry url="#ID23">
          <bind_material>
            <technique_common>
              <instance_material symbol="ID16" target="#ID16"/>
            </technique_common>
          </bind_material>
        </instance_geometry>
        <instance_geometry url="#ID29">
          <bind_material>
            <technique_common>
              <instance_material symbol="ID16" target="#ID16"/>
            </technique_common>
          </bind_material>
        </instance_geometry>
        <instance_geometry url="#ID35">
          <bind_material>
            <technique_common>
              <instance_material symbol="ID16" target="#ID16"/>
            </technique_common>
          </bind_material>
        </instance_geometry>
        <instance_geometry url="#ID41">
          <bind_material>
            <technique_common>
              <instance_material symbol="ID16" target="#ID16"/>
            </technique_common>
          </bind_material>
        </instance_geometry>
        <instance_geometry url="#ID47">
          <bind_material>
            <technique_common>
              <instance_material symbol="ID16" target="#ID16"/>
            </technique_common>
          </bind_material>
        </instance_geometry>
        <instance_geometry url="#ID53">
          <bind_material>
            <technique_common>
              <instance_material symbol="ID16" target="#ID16"/>
            </technique_common>
          </bind_material>
        </instance_geometry>
        <instance_geometry url="#ID59">
          <bind_material>
            <technique_common>
              <instance_material symbol="ID16" target="#ID16"/>
            </technique_common>
          </bind_material>
        </instance_geometry>
        <instance_geometry url="#ID65">
          <bind_material>
            <technique_common>
              <instance_material symbol="ID16" target="#ID16"/>
            </technique_common>
          </bind_material>
        </instance_geometry>
        <instance_geometry url="#ID71">
          <bind_material>
            <technique_common>
              <instance_material symbol="ID16" target="#ID16"/>
            </technique_common>
          </bind_material>
        </instance_geometry>
        <instance_geometry url="#ID77">
          <bind_material>
            <technique_common>
              <instance_material symbol="ID16" target="#ID16"/>
            </technique_common>
          </bind_material>
        </instance_geometry>
        <instance_geometry url="#ID83">
          <bind_material>
            <technique_common>
              <instance_material symbol="ID16" target="#ID16"/>
            </technique_common>
          </bind_material>
        </instance_geometry>
        <instance_geometry url="#ID89">
          <bind_material>
            <technique_common>
              <instance_material symbol="ID16" target="#ID16"/>
            </technique_common>
          </bind_material>
        </instance_geometry>
        <instance_geometry url="#ID95">
          <bind_material>
            <technique_common>
              <instance_material symbol="ID16" target="#ID16"/>
            </technique_common>
          </bind_material>
        </instance_geometry>
        <instance_geometry url="#ID101">
          <bind_material>
            <technique_common>
              <instance_material symbol="ID16" target="#ID16"/>
            </technique_common>
          </bind_material>
        </instance_geometry>
        <instance_geometry url="#ID107">
          <bind_material>
            <technique_common>
              <instance_material symbol="ID16" target="#ID16"/>
            </technique_common>
          </bind_material>
        </instance_geometry>
        <instance_geometry url="#ID113">
          <bind_material>
            <technique_common>
              <instance_material symbol="ID16" target="#ID16"/>
            </technique_common>
          </bind_material>
        </instance_geometry>
        <instance_geometry url="#ID119">
          <bind_material>
            <technique_common>
              <instance_material symbol="ID16" target="#ID16"/>
            </technique_common>
          </bind_material>
        </instance_geometry>
        <instance_geometry url="#ID125">
          <bind_material>
            <technique_common>
              <instance_material symbol="ID16" target="#ID16"/>
            </technique_common>
          </bind_material>
        </instance_geometry>
        <instance_geometry url="#ID131">
          <bind_material>
            <technique_common>
              <instance_material symbol="ID16" target="#ID16"/>
            </technique_common>
          </bind_material>
        </instance_geometry>
        <instance_geometry url="#ID137">
          <bind_material>
            <technique_common>
              <instance_material symbol="ID16" target="#ID16"/>
            </technique_common>
          </bind_material>
        </instance_geometry>
        <instance_geometry url="#ID143">
          <bind_material>
            <technique_common>
              <instance_material symbol="ID16" target="#ID16"/>
            </technique_common>
          </bind_material>
        </instance_geometry>
        <instance_geometry url="#ID149">
          <bind_material>
            <technique_common>
              <instance_material symbol="ID16" target="#ID16"/>
            </technique_common>
          </bind_material>
        </instance_geometry>
        <instance_geometry url="#ID155">
          <bind_material>
            <technique_common>
              <instance_material symbol="ID16" target="#ID16"/>
            </technique_common>
          </bind_material>
        </instance_geometry>
        <instance_geometry url="#ID161">
          <bind_material>
            <technique_common>
              <instance_material symbol="ID16" target="#ID16"/>
            </technique_common>
          </bind_material>
        </instance_geometry>
        <instance_geometry url="#ID167">
          <bind_material>
            <technique_common>
              <instance_material symbol="ID16" target="#ID16"/>
            </technique_common>
          </bind_material>
        </instance_geometry>
        <instance_geometry url="#ID173">
          <bind_material>
            <technique_common>
              <instance_material symbol="ID16" target="#ID16"/>
            </technique_common>
          </bind_material>
        </instance_geometry>
        <instance_geometry url="#ID179">
          <bind_material>
            <technique_common>
              <instance_material symbol="ID16" target="#ID16"/>
            </technique_common>
          </bind_material>
        </instance_geometry>
        <instance_geometry url="#ID185">
          <bind_material>
            <technique_common>
              <instance_material symbol="ID16" target="#ID16"/>
            </technique_common>
          </bind_material>
        </instance_geometry>
        <instance_geometry url="#ID191">
          <bind_material>
            <technique_common>
              <instance_material symbol="ID16" target="#ID16"/>
            </technique_common>
          </bind_material>
        </instance_geometry>
        <instance_geometry url="#ID197">
          <bind_material>
            <technique_common>
              <instance_material symbol="ID16" target="#ID16"/>
            </technique_common>
          </bind_material>
        </instance_geometry>
        <instance_geometry url="#ID203">
          <bind_material>
            <technique_common>
              <instance_material symbol="ID16" target="#ID16"/>
            </technique_common>
          </bind_material>
        </instance_geometry>
        <instance_geometry url="#ID209">
          <bind_material>
            <technique_common>
              <instance_material symbol="ID16" target="#ID16"/>
            </technique_common>
          </bind_material>
        </instance_geometry>
        <instance_geometry url="#ID215">
          <bind_material>
            <technique_common>
              <instance_material symbol="ID16" target="#ID16"/>
            </technique_common>
          </bind_material>
        </instance_geometry>
        <instance_geometry url="#ID221">
          <bind_material>
            <technique_common>
              <instance_material symbol="ID16" target="#ID16"/>
            </technique_common>
          </bind_material>
        </instance_geometry>
        <instance_geometry url="#ID227">
          <bind_material>
            <technique_common>
              <instance_material symbol="ID16" target="#ID16"/>
            </technique_common>
          </bind_material>
        </instance_geometry>
        <instance_geometry url="#ID233">
          <bind_material>
            <technique_common>
              <instance_material symbol="ID16" target="#ID16"/>
            </technique_common>
          </bind_material>
        </instance_geometry>
        <instance_geometry url="#ID239">
          <bind_material>
            <technique_common>
              <instance_material symbol="ID16" target="#ID16"/>
            </technique_common>
          </bind_material>
        </instance_geometry>
        <instance_geometry url="#ID245">
          <bind_material>
            <technique_common>
              <instance_material symbol="ID16" target="#ID16"/>
            </technique_common>
          </bind_material>
        </instance_geometry>
        <instance_geometry url="#ID251">
          <bind_material>
            <technique_common>
              <instance_material symbol="ID16" target="#ID16"/>
            </technique_common>
          </bind_material>
        </instance_geometry>
        <instance_geometry url="#ID257">
          <bind_material>
            <technique_common>
              <instance_material symbol="ID16" target="#ID16"/>
            </technique_common>
          </bind_material>
        </instance_geometry>
        <instance_geometry url="#ID263">
          <bind_material>
            <technique_common>
              <instance_material symbol="ID16" target="#ID16"/>
            </technique_common>
          </bind_material>
        </instance_geometry>
        <instance_geometry url="#ID269">
          <bind_material>
            <technique_common>
              <instance_material symbol="ID16" target="#ID16"/>
            </technique_common>
          </bind_material>
        </instance_geometry>
        <instance_geometry url="#ID275">
          <bind_material>
            <technique_common>
              <instance_material symbol="ID16" target="#ID16"/>
            </technique_common>
          </bind_material>
        </instance_geometry>
        <instance_geometry url="#ID281">
          <bind_material>
            <technique_common>
              <instance_material symbol="ID16" target="#ID16"/>
            </technique_common>
          </bind_material>
        </instance_geometry>
        <instance_geometry url="#ID287">
          <bind_material>
            <technique_common>
              <instance_material symbol="ID16" target="#ID16"/>
            </technique_common>
          </bind_material>
        </instance_geometry>
        <instance_geometry url="#ID293">
          <bind_material>
            <technique_common>
              <instance_material symbol="ID16" target="#ID16"/>
            </technique_common>
          </bind_material>
        </instance_geometry>
        <instance_geometry url="#ID299">
          <bind_material>
            <technique_common>
              <instance_material symbol="ID16" target="#ID16"/>
            </technique_common>
          </bind_material>
        </instance_geometry>
        <instance_geometry url="#ID305">
          <bind_material>
            <technique_common>
              <instance_material symbol="ID16" target="#ID16"/>
            </technique_common>
          </bind_material>
        </instance_geometry>
        <instance_geometry url="#ID311">
          <bind_material>
            <technique_common>
              <instance_material symbol="ID16" target="#ID16"/>
            </technique_common>
          </bind_material>
        </instance_geometry>
        <instance_geometry url="#ID317">
          <bind_material>
            <technique_common>
              <instance_material symbol="ID16" target="#ID16"/>
            </technique_common>
          </bind_material>
        </instance_geometry>
        <instance_geometry url="#ID323">
          <bind_material>
            <technique_common>
              <instance_material symbol="ID16" target="#ID16"/>
            </technique_common>
          </bind_material>
        </instance_geometry>
        <instance_geometry url="#ID329">
          <bind_material>
            <technique_common>
              <instance_material symbol="ID16" target="#ID16"/>
            </technique_common>
          </bind_material>
        </instance_geometry>
        <instance_geometry url="#ID335">
          <bind_material>
            <technique_common>
              <instance_material symbol="ID16" target="#ID16"/>
            </technique_common>
          </bind_material>
        </instance_geometry>
      </node>
    </visual_scene>
  </library_visual_scenes>

  <scene>
    <instance_visual_scene url="#ID1"/>
  </scene>

  <library_nodes/>

</COLLADA>
